DD MM YYYY  HH MM   D(Deg)  H(nT)   Z(nT)   I(Deg)   F(nT),DD,MM,YYYY,HH,MM,D(Deg),H(nT),Z(nT),I(Deg),F(nT)
01 04 2026  00 00  -20.1186 25471.6 -05026.6 -11.1633 25962.9,1,4,2026,0,0,-201.186,25471.6,-05026.6,-111.633,25962.9
01 04 2026  00 01  -20.1187 25471.5 -05026.6 -11.1633 25962.7,1,4,2026,0,1,-201.187,25471.5,-05026.6,-111.633,25962.7
01 04 2026  00 02  -20.1186 25471.6 -05026.5 -11.1630 25962.8,1,4,2026,0,2,-201.186,25471.6,-05026.5,-111.630,25962.8
01 04 2026  00 03  -20.1185 25471.8 -05026.6 -11.1633 25963.0,1,4,2026,0,3,-201.185,25471.8,-05026.6,-111.633,25963.0
01 04 2026  00 04  -20.1183 25472.3 -05027.0 -11.1639 25963.6,1,4,2026,0,4,-201.183,25472.3,-05027.0,-111.639,25963.6
01 04 2026  00 05  -20.1181 25472.6 -05027.2 -11.1642 25963.9,1,4,2026,0,5,-201.181,25472.6,-05027.2,-111.642,25963.9
01 04 2026  00 06  -20.1180 25472.9 -05027.3 -11.1643 25964.2,1,4,2026,0,6,-201.180,25472.9,-05027.3,-111.643,25964.2
01 04 2026  00 07  -20.1180 25473.0 -05027.5 -11.1647 25964.4,1,4,2026,0,7,-201.180,25473.0,-05027.5,-111.647,25964.4
01 04 2026  00 08  -20.1180 25473.0 -05027.5 -11.1648 25964.4,1,4,2026,0,8,-201.180,25473.0,-05027.5,-111.648,25964.4
01 04 2026  00 09  -20.1182 25472.9 -05027.5 -11.1646 25964.3,1,4,2026,0,9,-201.182,25472.9,-05027.5,-111.646,25964.3
01 04 2026  00 10  -20.1183 25472.8 -05027.3 -11.1643 25964.1,1,4,2026,0,10,-201.183,25472.8,-05027.3,-111.643,25964.1
01 04 2026  00 11  -20.1185 25472.5 -05027.2 -11.1642 25963.8,1,4,2026,0,11,-201.185,25472.5,-05027.2,-111.642,25963.8
01 04 2026  00 12  -20.1185 25472.2 -05027.0 -11.1639 25963.5,1,4,2026,0,12,-201.185,25472.2,-05027.0,-111.639,25963.5
01 04 2026  00 13  -20.1186 25471.8 -05026.7 -11.1635 25963.1,1,4,2026,0,13,-201.186,25471.8,-05026.7,-111.635,25963.1
01 04 2026  00 14  -20.1185 25471.5 -05026.3 -11.1628 25962.7,1,4,2026,0,14,-201.185,25471.5,-05026.3,-111.628,25962.7
01 04 2026  00 15  -20.1185 25471.3 -05026.2 -11.1627 25962.5,1,4,2026,0,15,-201.185,25471.3,-05026.2,-111.627,25962.5
01 04 2026  00 16  -20.1186 25471.1 -05026.4 -11.1633 25962.3,1,4,2026,0,16,-201.186,25471.1,-05026.4,-111.633,25962.3
01 04 2026  00 17  -20.1186 25470.8 -05026.3 -11.1631 25962.0,1,4,2026,0,17,-201.186,25470.8,-05026.3,-111.631,25962.0
01 04 2026  00 18  -20.1185 25470.6 -05026.3 -11.1631 25961.8,1,4,2026,0,18,-201.185,25470.6,-05026.3,-111.631,25961.8
01 04 2026  00 19  -20.1184 25470.6 -05026.2 -11.1630 25961.7,1,4,2026,0,19,-201.184,25470.6,-05026.2,-111.630,25961.7
01 04 2026  00 20  -20.1183 25470.6 -05026.2 -11.1628 25961.8,1,4,2026,0,20,-201.183,25470.6,-05026.2,-111.628,25961.8
01 04 2026  00 21  -20.1181 25470.5 -05026.4 -11.1635 25961.7,1,4,2026,0,21,-201.181,25470.5,-05026.4,-111.635,25961.7
01 04 2026  00 22  -20.1180 25470.7 -05026.4 -11.1633 25961.9,1,4,2026,0,22,-201.180,25470.7,-05026.4,-111.633,25961.9
01 04 2026  00 23  -20.1179 25470.8 -05026.7 -11.1640 25962.0,1,4,2026,0,23,-201.179,25470.8,-05026.7,-111.640,25962.0
01 04 2026  00 24  -20.1179 25471.1 -05027.0 -11.1644 25962.4,1,4,2026,0,24,-201.179,25471.1,-05027.0,-111.644,25962.4
01 04 2026  00 25  -20.1179 25471.3 -05027.2 -11.1649 25962.6,1,4,2026,0,25,-201.179,25471.3,-05027.2,-111.649,25962.6
01 04 2026  00 26  -20.1180 25471.3 -05027.3 -11.1650 25962.6,1,4,2026,0,26,-201.180,25471.3,-05027.3,-111.650,25962.6
01 04 2026  00 27  -20.1179 25471.2 -05027.3 -11.1650 25962.6,1,4,2026,0,27,-201.179,25471.2,-05027.3,-111.650,25962.6
01 04 2026  00 28  -20.1179 25471.2 -05027.4 -11.1652 25962.6,1,4,2026,0,28,-201.179,25471.2,-05027.4,-111.652,25962.6
01 04 2026  00 29  -20.1178 25471.2 -05027.4 -11.1652 25962.6,1,4,2026,0,29,-201.178,25471.2,-05027.4,-111.652,25962.6
01 04 2026  00 30  -20.1177 25471.1 -05027.4 -11.1652 25962.5,1,4,2026,0,30,-201.177,25471.1,-05027.4,-111.652,25962.5
01 04 2026  00 31  -20.1176 25471.0 -05027.4 -11.1653 25962.4,1,4,2026,0,31,-201.176,25471.0,-05027.4,-111.653,25962.4
01 04 2026  00 32  -20.1176 25471.1 -05027.4 -11.1652 25962.5,1,4,2026,0,32,-201.176,25471.1,-05027.4,-111.652,25962.5
01 04 2026  00 33  -20.1175 25471.2 -05027.4 -11.1654 25962.6,1,4,2026,0,33,-201.175,25471.2,-05027.4,-111.654,25962.6
01 04 2026  00 34  -20.1173 25471.2 -05027.6 -11.1657 25962.7,1,4,2026,0,34,-201.173,25471.2,-05027.6,-111.657,25962.7
01 04 2026  00 35  -20.1173 25471.3 -05027.8 -11.1660 25962.8,1,4,2026,0,35,-201.173,25471.3,-05027.8,-111.660,25962.8
01 04 2026  00 36  -20.1173 25471.4 -05027.8 -11.1661 25962.9,1,4,2026,0,36,-201.173,25471.4,-05027.8,-111.661,25962.9
01 04 2026  00 37  -20.1172 25471.4 -05027.9 -11.1663 25963.0,1,4,2026,0,37,-201.172,25471.4,-05027.9,-111.663,25963.0
01 04 2026  00 38  -20.1171 25471.4 -05028.0 -11.1664 25963.0,1,4,2026,0,38,-201.171,25471.4,-05028.0,-111.664,25963.0
01 04 2026  00 39  -20.1171 25471.5 -05028.0 -11.1664 25963.0,1,4,2026,0,39,-201.171,25471.5,-05028.0,-111.664,25963.0
01 04 2026  00 40  -20.1171 25471.4 -05027.8 -11.1661 25962.9,1,4,2026,0,40,-201.171,25471.4,-05027.8,-111.661,25962.9
01 04 2026  00 41  -20.1170 25471.2 -05027.9 -11.1662 25962.7,1,4,2026,0,41,-201.170,25471.2,-05027.9,-111.662,25962.7
01 04 2026  00 42  -20.1171 25471.0 -05027.8 -11.1662 25962.5,1,4,2026,0,42,-201.171,25471.0,-05027.8,-111.662,25962.5
01 04 2026  00 43  -20.1171 25470.8 -05027.7 -11.1660 25962.3,1,4,2026,0,43,-201.171,25470.8,-05027.7,-111.660,25962.3
01 04 2026  00 44  -20.1171 25470.7 -05027.6 -11.1659 25962.1,1,4,2026,0,44,-201.171,25470.7,-05027.6,-111.659,25962.1
01 04 2026  00 45  -20.1172 25470.5 -05027.6 -11.1659 25961.9,1,4,2026,0,45,-201.172,25470.5,-05027.6,-111.659,25961.9
01 04 2026  00 46  -20.1173 25470.2 -05027.5 -11.1659 25961.7,1,4,2026,0,46,-201.173,25470.2,-05027.5,-111.659,25961.7
01 04 2026  00 47  -20.1174 25469.8 -05027.2 -11.1655 25961.2,1,4,2026,0,47,-201.174,25469.8,-05027.2,-111.655,25961.2
01 04 2026  00 48  -20.1175 25469.2 -05026.9 -11.1650 25960.5,1,4,2026,0,48,-201.175,25469.2,-05026.9,-111.650,25960.5
01 04 2026  00 49  -20.1178 25468.5 -05026.6 -11.1647 25959.8,1,4,2026,0,49,-201.178,25468.5,-05026.6,-111.647,25959.8
01 04 2026  00 50  -20.1180 25468.1 -05026.5 -11.1646 25959.3,1,4,2026,0,50,-201.180,25468.1,-05026.5,-111.646,25959.3
01 04 2026  00 51  -20.1181 25467.7 -05026.3 -11.1643 25958.9,1,4,2026,0,51,-201.181,25467.7,-05026.3,-111.643,25958.9
01 04 2026  00 52  -20.1182 25467.4 -05026.2 -11.1644 25958.7,1,4,2026,0,52,-201.182,25467.4,-05026.2,-111.644,25958.7
01 04 2026  00 53  -20.1182 25467.2 -05026.2 -11.1644 25958.5,1,4,2026,0,53,-201.182,25467.2,-05026.2,-111.644,25958.5
01 04 2026  00 54  -20.1183 25467.1 -05026.2 -11.1644 25958.3,1,4,2026,0,54,-201.183,25467.1,-05026.2,-111.644,25958.3
01 04 2026  00 55  -20.1183 25467.0 -05026.2 -11.1645 25958.2,1,4,2026,0,55,-201.183,25467.0,-05026.2,-111.645,25958.2
01 04 2026  00 56  -20.1182 25467.0 -05026.3 -11.1647 25958.2,1,4,2026,0,56,-201.182,25467.0,-05026.3,-111.647,25958.2
01 04 2026  00 57  -20.1183 25466.8 -05026.3 -11.1648 25958.1,1,4,2026,0,57,-201.183,25466.8,-05026.3,-111.648,25958.1
01 04 2026  00 58  -20.1183 25466.7 -05026.3 -11.1648 25958.0,1,4,2026,0,58,-201.183,25466.7,-05026.3,-111.648,25958.0
01 04 2026  00 59  -20.1184 25466.6 -05026.4 -11.1650 25957.9,1,4,2026,0,59,-201.184,25466.6,-05026.4,-111.650,25957.9
01 04 2026  01 00  -20.1185 25466.5 -05026.4 -11.1651 25957.8,1,4,2026,1,0,-201.185,25466.5,-05026.4,-111.651,25957.8
01 04 2026  01 01  -20.1185 25466.4 -05026.3 -11.1649 25957.7,1,4,2026,1,1,-201.185,25466.4,-05026.3,-111.649,25957.7
01 04 2026  01 02  -20.1185 25466.2 -05026.3 -11.1650 25957.5,1,4,2026,1,2,-201.185,25466.2,-05026.3,-111.650,25957.5
01 04 2026  01 03  -20.1185 25466.0 -05026.2 -11.1649 25957.3,1,4,2026,1,3,-201.185,25466.0,-05026.2,-111.649,25957.3
01 04 2026  01 04  -20.1185 25465.9 -05026.2 -11.1650 25957.1,1,4,2026,1,4,-201.185,25465.9,-05026.2,-111.650,25957.1
01 04 2026  01 05  -20.1185 25465.7 -05026.2 -11.1650 25957.0,1,4,2026,1,5,-201.185,25465.7,-05026.2,-111.650,25957.0
01 04 2026  01 06  -20.1185 25465.5 -05026.2 -11.1650 25956.8,1,4,2026,1,6,-201.185,25465.5,-05026.2,-111.650,25956.8
01 04 2026  01 07  -20.1185 25465.3 -05026.1 -11.1649 25956.5,1,4,2026,1,7,-201.185,25465.3,-05026.1,-111.649,25956.5
01 04 2026  01 08  -20.1186 25465.1 -05026.0 -11.1649 25956.3,1,4,2026,1,8,-201.186,25465.1,-05026.0,-111.649,25956.3
01 04 2026  01 09  -20.1187 25464.8 -05025.9 -11.1647 25956.0,1,4,2026,1,9,-201.187,25464.8,-05025.9,-111.647,25956.0
01 04 2026  01 10  -20.1187 25464.6 -05025.9 -11.1648 25955.8,1,4,2026,1,10,-201.187,25464.6,-05025.9,-111.648,25955.8
01 04 2026  01 11  -20.1188 25464.4 -05025.9 -11.1648 25955.6,1,4,2026,1,11,-201.188,25464.4,-05025.9,-111.648,25955.6
01 04 2026  01 12  -20.1190 25464.1 -05025.7 -11.1647 25955.3,1,4,2026,1,12,-201.190,25464.1,-05025.7,-111.647,25955.3
01 04 2026  01 13  -20.1190 25464.0 -05025.6 -11.1645 25955.2,1,4,2026,1,13,-201.190,25464.0,-05025.6,-111.645,25955.2
01 04 2026  01 14  -20.1194 25463.5 -05025.6 -11.1647 25954.8,1,4,2026,1,14,-201.194,25463.5,-05025.6,-111.647,25954.8
01 04 2026  01 15  -20.1196 25463.3 -05025.6 -11.1647 25954.5,1,4,2026,1,15,-201.196,25463.3,-05025.6,-111.647,25954.5
01 04 2026  01 16  -20.1196 25463.0 -05025.5 -11.1647 25954.2,1,4,2026,1,16,-201.196,25463.0,-05025.5,-111.647,25954.2
01 04 2026  01 17  -20.1198 25462.7 -05025.3 -11.1644 25953.9,1,4,2026,1,17,-201.198,25462.7,-05025.3,-111.644,25953.9
01 04 2026  01 18  -20.1199 25462.5 -05025.3 -11.1644 25953.7,1,4,2026,1,18,-201.199,25462.5,-05025.3,-111.644,25953.7
01 04 2026  01 19  -20.1199 25462.3 -05025.2 -11.1644 25953.5,1,4,2026,1,19,-201.199,25462.3,-05025.2,-111.644,25953.5
01 04 2026  01 20  -20.1200 25462.1 -05025.2 -11.1644 25953.3,1,4,2026,1,20,-201.200,25462.1,-05025.2,-111.644,25953.3
01 04 2026  01 21  -20.1201 25462.1 -05025.3 -11.1645 25953.3,1,4,2026,1,21,-201.201,25462.1,-05025.3,-111.645,25953.3
01 04 2026  01 22  -20.1201 25462.1 -05025.3 -11.1647 25953.2,1,4,2026,1,22,-201.201,25462.1,-05025.3,-111.647,25953.2
01 04 2026  01 23  -20.1202 25461.9 -05025.4 -11.1649 25953.1,1,4,2026,1,23,-201.202,25461.9,-05025.4,-111.649,25953.1
01 04 2026  01 24  -20.1202 25461.9 -05025.4 -11.1650 25953.1,1,4,2026,1,24,-201.202,25461.9,-05025.4,-111.650,25953.1
01 04 2026  01 25  -20.1204 25461.7 -05025.4 -11.1650 25952.9,1,4,2026,1,25,-201.204,25461.7,-05025.4,-111.650,25952.9
01 04 2026  01 26  -20.1206 25461.5 -05025.3 -11.1649 25952.7,1,4,2026,1,26,-201.206,25461.5,-05025.3,-111.649,25952.7
01 04 2026  01 27  -20.1206 25461.2 -05025.2 -11.1648 25952.3,1,4,2026,1,27,-201.206,25461.2,-05025.2,-111.648,25952.3
01 04 2026  01 28  -20.1207 25460.9 -05025.1 -11.1646 25952.1,1,4,2026,1,28,-201.207,25460.9,-05025.1,-111.646,25952.1
01 04 2026  01 29  -20.1208 25460.7 -05025.1 -11.1648 25951.8,1,4,2026,1,29,-201.208,25460.7,-05025.1,-111.648,25951.8
01 04 2026  01 30  -20.1208 25460.5 -05025.0 -11.1646 25951.7,1,4,2026,1,30,-201.208,25460.5,-05025.0,-111.646,25951.7
01 04 2026  01 31  -20.1209 25460.5 -05025.0 -11.1647 25951.6,1,4,2026,1,31,-201.209,25460.5,-05025.0,-111.647,25951.6
01 04 2026  01 32  -20.1210 25460.4 -05025.0 -11.1648 25951.5,1,4,2026,1,32,-201.210,25460.4,-05025.0,-111.648,25951.5
01 04 2026  01 33  -20.1211 25460.2 -05025.0 -11.1648 25951.3,1,4,2026,1,33,-201.211,25460.2,-05025.0,-111.648,25951.3
01 04 2026  01 34  -20.1211 25460.2 -05025.1 -11.1649 25951.4,1,4,2026,1,34,-201.211,25460.2,-05025.1,-111.649,25951.4
01 04 2026  01 35  -20.1211 25460.2 -05025.2 -11.1652 25951.4,1,4,2026,1,35,-201.211,25460.2,-05025.2,-111.652,25951.4
01 04 2026  01 36  -20.1210 25460.2 -05025.2 -11.1652 25951.4,1,4,2026,1,36,-201.210,25460.2,-05025.2,-111.652,25951.4
01 04 2026  01 37  -20.1210 25460.1 -05025.2 -11.1652 25951.3,1,4,2026,1,37,-201.210,25460.1,-05025.2,-111.652,25951.3
01 04 2026  01 38  -20.1211 25459.9 -05025.1 -11.1651 25951.0,1,4,2026,1,38,-201.211,25459.9,-05025.1,-111.651,25951.0
01 04 2026  01 39  -20.1212 25459.7 -05025.1 -11.1652 25950.9,1,4,2026,1,39,-201.212,25459.7,-05025.1,-111.652,25950.9
01 04 2026  01 40  -20.1213 25459.5 -05025.0 -11.1651 25950.7,1,4,2026,1,40,-201.213,25459.5,-05025.0,-111.651,25950.7
01 04 2026  01 41  -20.1213 25459.4 -05025.0 -11.1651 25950.6,1,4,2026,1,41,-201.213,25459.4,-05025.0,-111.651,25950.6
01 04 2026  01 42  -20.1214 25459.1 -05024.9 -11.1649 25950.3,1,4,2026,1,42,-201.214,25459.1,-05024.9,-111.649,25950.3
01 04 2026  01 43  -20.1215 25459.0 -05024.9 -11.1650 25950.2,1,4,2026,1,43,-201.215,25459.0,-05024.9,-111.650,25950.2
01 04 2026  01 44  -20.1217 25459.0 -05024.8 -11.1649 25950.1,1,4,2026,1,44,-201.217,25459.0,-05024.8,-111.649,25950.1
01 04 2026  01 45  -20.1218 25458.8 -05024.9 -11.1651 25950.0,1,4,2026,1,45,-201.218,25458.8,-05024.9,-111.651,25950.0
01 04 2026  01 46  -20.1219 25458.6 -05024.8 -11.1650 25949.8,1,4,2026,1,46,-201.219,25458.6,-05024.8,-111.650,25949.8
01 04 2026  01 47  -20.1220 25458.9 -05025.0 -11.1652 25950.1,1,4,2026,1,47,-201.220,25458.9,-05025.0,-111.652,25950.1
01 04 2026  01 48  -20.1223 25458.4 -05024.8 -11.1651 25949.5,1,4,2026,1,48,-201.223,25458.4,-05024.8,-111.651,25949.5
01 04 2026  01 49  -20.1222 25458.3 -05024.7 -11.1650 25949.5,1,4,2026,1,49,-201.222,25458.3,-05024.7,-111.650,25949.5
01 04 2026  01 50  -20.1224 25457.8 -05024.5 -11.1647 25948.9,1,4,2026,1,50,-201.224,25457.8,-05024.5,-111.647,25948.9
01 04 2026  01 51  -20.1223 25457.7 -05024.4 -11.1645 25948.7,1,4,2026,1,51,-201.223,25457.7,-05024.4,-111.645,25948.7
01 04 2026  01 52  -20.1223 25457.4 -05024.3 -11.1645 25948.5,1,4,2026,1,52,-201.223,25457.4,-05024.3,-111.645,25948.5
01 04 2026  01 53  -20.1223 25457.2 -05024.2 -11.1644 25948.2,1,4,2026,1,53,-201.223,25457.2,-05024.2,-111.644,25948.2
01 04 2026  01 54  -20.1225 25456.8 -05024.1 -11.1643 25947.8,1,4,2026,1,54,-201.225,25456.8,-05024.1,-111.643,25947.8
01 04 2026  01 55  -20.1226 25456.6 -05024.1 -11.1643 25947.6,1,4,2026,1,55,-201.226,25456.6,-05024.1,-111.643,25947.6
01 04 2026  01 56  -20.1228 25456.4 -05024.1 -11.1644 25947.4,1,4,2026,1,56,-201.228,25456.4,-05024.1,-111.644,25947.4
01 04 2026  01 57  -20.1232 25456.0 -05023.9 -11.1642 25947.0,1,4,2026,1,57,-201.232,25456.0,-05023.9,-111.642,25947.0
01 04 2026  01 58  -20.1233 25455.8 -05024.0 -11.1644 25946.9,1,4,2026,1,58,-201.233,25455.8,-05024.0,-111.644,25946.9
01 04 2026  01 59  -20.1236 25455.3 -05023.7 -11.1641 25946.3,1,4,2026,1,59,-201.236,25455.3,-05023.7,-111.641,25946.3
01 04 2026  02 00  -20.1238 25455.2 -05023.8 -11.1642 25946.2,1,4,2026,2,0,-201.238,25455.2,-05023.8,-111.642,25946.2
01 04 2026  02 01  -20.1239 25454.9 -05023.7 -11.1642 25945.9,1,4,2026,2,1,-201.239,25454.9,-05023.7,-111.642,25945.9
01 04 2026  02 02  -20.1240 25455.0 -05023.8 -11.1645 25946.0,1,4,2026,2,2,-201.240,25455.0,-05023.8,-111.645,25946.0
01 04 2026  02 03  -20.1239 25455.2 -05024.0 -11.1648 25946.2,1,4,2026,2,3,-201.239,25455.2,-05024.0,-111.648,25946.2
01 04 2026  02 04  -20.1236 25455.2 -05024.1 -11.1650 25946.3,1,4,2026,2,4,-201.236,25455.2,-05024.1,-111.650,25946.3
01 04 2026  02 05  -20.1234 25455.9 -05024.5 -11.1655 25947.0,1,4,2026,2,5,-201.234,25455.9,-05024.5,-111.655,25947.0
01 04 2026  02 06  -20.1237 25456.6 -05025.2 -11.1667 25947.8,1,4,2026,2,6,-201.237,25456.6,-05025.2,-111.667,25947.8
01 04 2026  02 07  -20.1230 25458.5 -05026.2 -11.1681 25949.9,1,4,2026,2,7,-201.230,25458.5,-05026.2,-111.681,25949.9
01 04 2026  02 08  -20.1228 25459.9 -05027.3 -11.1699 25951.5,1,4,2026,2,8,-201.228,25459.9,-05027.3,-111.699,25951.5
01 04 2026  02 09  -20.1221 25461.9 -05028.2 -11.1710 25953.6,1,4,2026,2,9,-201.221,25461.9,-05028.2,-111.710,25953.6
01 04 2026  02 10  -20.1220 25463.4 -05029.4 -11.1729 25955.4,1,4,2026,2,10,-201.220,25463.4,-05029.4,-111.729,25955.4
01 04 2026  02 11  -20.1216 25464.8 -05029.9 -11.1735 25956.8,1,4,2026,2,11,-201.216,25464.8,-05029.9,-111.735,25956.8
01 04 2026  02 12  -20.1218 25466.3 -05030.7 -11.1745 25958.4,1,4,2026,2,12,-201.218,25466.3,-05030.7,-111.745,25958.4
01 04 2026  02 13  -20.1220 25467.1 -05031.1 -11.1750 25959.3,1,4,2026,2,13,-201.220,25467.1,-05031.1,-111.750,25959.3
01 04 2026  02 14  -20.1220 25468.1 -05031.5 -11.1754 25960.4,1,4,2026,2,14,-201.220,25468.1,-05031.5,-111.754,25960.4
01 04 2026  02 15  -20.1223 25468.6 -05031.6 -11.1754 25960.9,1,4,2026,2,15,-201.223,25468.6,-05031.6,-111.754,25960.9
01 04 2026  02 16  -20.1225 25468.9 -05031.4 -11.1750 25961.1,1,4,2026,2,16,-201.225,25468.9,-05031.4,-111.750,25961.1
01 04 2026  02 17  -20.1226 25469.5 -05031.4 -11.1748 25961.7,1,4,2026,2,17,-201.226,25469.5,-05031.4,-111.748,25961.7
01 04 2026  02 18  -20.1227 25469.8 -05031.3 -11.1744 25961.9,1,4,2026,2,18,-201.227,25469.8,-05031.3,-111.744,25961.9
01 04 2026  02 19  -20.1227 25469.7 -05031.0 -11.1736 25961.9,1,4,2026,2,19,-201.227,25469.7,-05031.0,-111.736,25961.9
01 04 2026  02 20  -20.1230 25469.6 -05030.6 -11.1729 25961.6,1,4,2026,2,20,-201.230,25469.6,-05030.6,-111.729,25961.6
01 04 2026  02 21  -20.1230 25469.0 -05030.0 -11.1718 25961.0,1,4,2026,2,21,-201.230,25469.0,-05030.0,-111.718,25961.0
01 04 2026  02 22  -20.1228 25468.6 -05029.5 -11.1710 25960.4,1,4,2026,2,22,-201.228,25468.6,-05029.5,-111.710,25960.4
01 04 2026  02 23  -20.1226 25468.0 -05028.9 -11.1699 25959.7,1,4,2026,2,23,-201.226,25468.0,-05028.9,-111.699,25959.7
01 04 2026  02 24  -20.1222 25467.5 -05028.5 -11.1691 25959.2,1,4,2026,2,24,-201.222,25467.5,-05028.5,-111.691,25959.2
01 04 2026  02 25  -20.1219 25467.1 -05028.2 -11.1687 25958.7,1,4,2026,2,25,-201.219,25467.1,-05028.2,-111.687,25958.7
01 04 2026  02 26  -20.1215 25467.0 -05028.0 -11.1684 25958.6,1,4,2026,2,26,-201.215,25467.0,-05028.0,-111.684,25958.6
01 04 2026  02 27  -20.1213 25466.2 -05027.7 -11.1680 25957.8,1,4,2026,2,27,-201.213,25466.2,-05027.7,-111.680,25957.8
01 04 2026  02 28  -20.1210 25466.0 -05027.4 -11.1676 25957.5,1,4,2026,2,28,-201.210,25466.0,-05027.4,-111.676,25957.5
01 04 2026  02 29  -20.1206 25466.1 -05027.6 -11.1678 25957.7,1,4,2026,2,29,-201.206,25466.1,-05027.6,-111.678,25957.7
01 04 2026  02 30  -20.1205 25465.9 -05027.6 -11.1679 25957.5,1,4,2026,2,30,-201.205,25465.9,-05027.6,-111.679,25957.5
01 04 2026  02 31  -20.1204 25465.9 -05027.7 -11.1681 25957.5,1,4,2026,2,31,-201.204,25465.9,-05027.7,-111.681,25957.5
01 04 2026  02 32  -20.1203 25465.7 -05027.7 -11.1682 25957.3,1,4,2026,2,32,-201.203,25465.7,-05027.7,-111.682,25957.3
01 04 2026  02 33  -20.1202 25465.8 -05027.7 -11.1682 25957.3,1,4,2026,2,33,-201.202,25465.8,-05027.7,-111.682,25957.3
01 04 2026  02 34  -20.1203 25465.5 -05027.7 -11.1683 25957.0,1,4,2026,2,34,-201.203,25465.5,-05027.7,-111.683,25957.0
01 04 2026  02 35  -20.1204 25465.4 -05027.7 -11.1684 25957.0,1,4,2026,2,35,-201.204,25465.4,-05027.7,-111.684,25957.0
01 04 2026  02 36  -20.1204 25465.7 -05027.9 -11.1687 25957.3,1,4,2026,2,36,-201.204,25465.7,-05027.9,-111.687,25957.3
01 04 2026  02 37  -20.1205 25465.8 -05028.1 -11.1690 25957.5,1,4,2026,2,37,-201.205,25465.8,-05028.1,-111.690,25957.5
01 04 2026  02 38  -20.1206 25465.9 -05028.2 -11.1692 25957.5,1,4,2026,2,38,-201.206,25465.9,-05028.2,-111.692,25957.5
01 04 2026  02 39  -20.1207 25466.1 -05028.3 -11.1693 25957.7,1,4,2026,2,39,-201.207,25466.1,-05028.3,-111.693,25957.7
01 04 2026  02 40  -20.1208 25466.2 -05028.4 -11.1695 25957.9,1,4,2026,2,40,-201.208,25466.2,-05028.4,-111.695,25957.9
01 04 2026  02 41  -20.1210 25466.3 -05028.4 -11.1695 25957.9,1,4,2026,2,41,-201.210,25466.3,-05028.4,-111.695,25957.9
01 04 2026  02 42  -20.1210 25466.2 -05028.3 -11.1694 25957.9,1,4,2026,2,42,-201.210,25466.2,-05028.3,-111.694,25957.9
01 04 2026  02 43  -20.1210 25466.3 -05028.3 -11.1693 25957.9,1,4,2026,2,43,-201.210,25466.3,-05028.3,-111.693,25957.9
01 04 2026  02 44  -20.1211 25466.0 -05028.1 -11.1690 25957.7,1,4,2026,2,44,-201.211,25466.0,-05028.1,-111.690,25957.7
01 04 2026  02 45  -20.1213 25466.0 -05028.0 -11.1689 25957.6,1,4,2026,2,45,-201.213,25466.0,-05028.0,-111.689,25957.6
01 04 2026  02 46  -20.1216 25466.0 -05028.0 -11.1688 25957.6,1,4,2026,2,46,-201.216,25466.0,-05028.0,-111.688,25957.6
01 04 2026  02 47  -20.1219 25465.9 -05028.0 -11.1688 25957.5,1,4,2026,2,47,-201.219,25465.9,-05028.0,-111.688,25957.5
01 04 2026  02 48  -20.1222 25465.8 -05027.9 -11.1687 25957.4,1,4,2026,2,48,-201.222,25465.8,-05027.9,-111.687,25957.4
01 04 2026  02 49  -20.1225 25465.5 -05027.7 -11.1683 25957.1,1,4,2026,2,49,-201.225,25465.5,-05027.7,-111.683,25957.1
01 04 2026  02 50  -20.1228 25465.1 -05027.4 -11.1679 25956.6,1,4,2026,2,50,-201.228,25465.1,-05027.4,-111.679,25956.6
01 04 2026  02 51  -20.1230 25464.7 -05027.1 -11.1674 25956.2,1,4,2026,2,51,-201.230,25464.7,-05027.1,-111.674,25956.2
01 04 2026  02 52  -20.1231 25464.3 -05026.8 -11.1669 25955.7,1,4,2026,2,52,-201.231,25464.3,-05026.8,-111.669,25955.7
01 04 2026  02 53  -20.1233 25464.0 -05026.6 -11.1665 25955.3,1,4,2026,2,53,-201.233,25464.0,-05026.6,-111.665,25955.3
01 04 2026  02 54  -20.1234 25463.7 -05026.4 -11.1663 25955.1,1,4,2026,2,54,-201.234,25463.7,-05026.4,-111.663,25955.1
01 04 2026  02 55  -20.1235 25463.7 -05026.4 -11.1663 25955.0,1,4,2026,2,55,-201.235,25463.7,-05026.4,-111.663,25955.0
01 04 2026  02 56  -20.1235 25463.4 -05026.2 -11.1660 25954.7,1,4,2026,2,56,-201.235,25463.4,-05026.2,-111.660,25954.7
01 04 2026  02 57  -20.1235 25463.2 -05026.1 -11.1660 25954.5,1,4,2026,2,57,-201.235,25463.2,-05026.1,-111.660,25954.5
01 04 2026  02 58  -20.1234 25463.1 -05026.0 -11.1658 25954.4,1,4,2026,2,58,-201.234,25463.1,-05026.0,-111.658,25954.4
01 04 2026  02 59  -20.1235 25463.1 -05026.1 -11.1658 25954.4,1,4,2026,2,59,-201.235,25463.1,-05026.1,-111.658,25954.4
01 04 2026  03 00  -20.1236 25463.0 -05026.1 -11.1660 25954.3,1,4,2026,3,0,-201.236,25463.0,-05026.1,-111.660,25954.3
01 04 2026  03 01  -20.1237 25463.0 -05026.0 -11.1659 25954.3,1,4,2026,3,1,-201.237,25463.0,-05026.0,-111.659,25954.3
01 04 2026  03 02  -20.1237 25463.1 -05026.1 -11.1660 25954.4,1,4,2026,3,2,-201.237,25463.1,-05026.1,-111.660,25954.4
01 04 2026  03 03  -20.1236 25463.1 -05026.2 -11.1662 25954.5,1,4,2026,3,3,-201.236,25463.1,-05026.2,-111.662,25954.5
01 04 2026  03 04  -20.1236 25463.2 -05026.3 -11.1664 25954.5,1,4,2026,3,4,-201.236,25463.2,-05026.3,-111.664,25954.5
01 04 2026  03 05  -20.1236 25463.3 -05026.3 -11.1662 25954.6,1,4,2026,3,5,-201.236,25463.3,-05026.3,-111.662,25954.6
01 04 2026  03 06  -20.1235 25463.3 -05026.3 -11.1663 25954.6,1,4,2026,3,6,-201.235,25463.3,-05026.3,-111.663,25954.6
01 04 2026  03 07  -20.1236 25463.5 -05026.5 -11.1666 25954.9,1,4,2026,3,7,-201.236,25463.5,-05026.5,-111.666,25954.9
01 04 2026  03 08  -20.1238 25463.8 -05026.6 -11.1667 25955.2,1,4,2026,3,8,-201.238,25463.8,-05026.6,-111.667,25955.2
01 04 2026  03 09  -20.1241 25464.0 -05026.8 -11.1670 25955.4,1,4,2026,3,9,-201.241,25464.0,-05026.8,-111.670,25955.4
01 04 2026  03 10  -20.1244 25464.2 -05026.8 -11.1670 25955.6,1,4,2026,3,10,-201.244,25464.2,-05026.8,-111.670,25955.6
01 04 2026  03 11  -20.1246 25464.3 -05026.9 -11.1671 25955.7,1,4,2026,3,11,-201.246,25464.3,-05026.9,-111.671,25955.7
01 04 2026  03 12  -20.1246 25464.2 -05026.7 -11.1668 25955.6,1,4,2026,3,12,-201.246,25464.2,-05026.7,-111.668,25955.6
01 04 2026  03 13  -20.1246 25464.2 -05026.6 -11.1666 25955.6,1,4,2026,3,13,-201.246,25464.2,-05026.6,-111.666,25955.6
01 04 2026  03 14  -20.1245 25464.1 -05026.5 -11.1663 25955.5,1,4,2026,3,14,-201.245,25464.1,-05026.5,-111.663,25955.5
01 04 2026  03 15  -20.1244 25463.9 -05026.3 -11.1661 25955.3,1,4,2026,3,15,-201.244,25463.9,-05026.3,-111.661,25955.3
01 04 2026  03 16  -20.1243 25463.8 -05026.2 -11.1657 25955.1,1,4,2026,3,16,-201.243,25463.8,-05026.2,-111.657,25955.1
01 04 2026  03 17  -20.1243 25463.6 -05026.0 -11.1655 25954.9,1,4,2026,3,17,-201.243,25463.6,-05026.0,-111.655,25954.9
01 04 2026  03 18  -20.1244 25463.6 -05026.0 -11.1655 25954.8,1,4,2026,3,18,-201.244,25463.6,-05026.0,-111.655,25954.8
01 04 2026  03 19  -20.1244 25463.4 -05025.8 -11.1652 25954.6,1,4,2026,3,19,-201.244,25463.4,-05025.8,-111.652,25954.6
01 04 2026  03 20  -20.1244 25463.2 -05025.7 -11.1650 25954.4,1,4,2026,3,20,-201.244,25463.2,-05025.7,-111.650,25954.4
01 04 2026  03 21  -20.1244 25463.2 -05025.7 -11.1650 25954.4,1,4,2026,3,21,-201.244,25463.2,-05025.7,-111.650,25954.4
01 04 2026  03 22  -20.1243 25463.3 -05025.7 -11.1651 25954.5,1,4,2026,3,22,-201.243,25463.3,-05025.7,-111.651,25954.5
01 04 2026  03 23  -20.1244 25463.4 -05025.8 -11.1652 25954.6,1,4,2026,3,23,-201.244,25463.4,-05025.8,-111.652,25954.6
01 04 2026  03 24  -20.1246 25463.5 -05025.9 -11.1654 25954.8,1,4,2026,3,24,-201.246,25463.5,-05025.9,-111.654,25954.8
01 04 2026  03 25  -20.1247 25463.6 -05026.0 -11.1656 25954.9,1,4,2026,3,25,-201.247,25463.6,-05026.0,-111.656,25954.9
01 04 2026  03 26  -20.1246 25463.7 -05026.1 -11.1656 25955.0,1,4,2026,3,26,-201.246,25463.7,-05026.1,-111.656,25955.0
01 04 2026  03 27  -20.1245 25463.7 -05026.1 -11.1656 25955.0,1,4,2026,3,27,-201.245,25463.7,-05026.1,-111.656,25955.0
01 04 2026  03 28  -20.1243 25463.7 -05026.1 -11.1656 25955.0,1,4,2026,3,28,-201.243,25463.7,-05026.1,-111.656,25955.0
01 04 2026  03 29  -20.1242 25463.8 -05026.1 -11.1657 25955.1,1,4,2026,3,29,-201.242,25463.8,-05026.1,-111.657,25955.1
01 04 2026  03 30  -20.1241 25463.7 -05026.1 -11.1656 25955.0,1,4,2026,3,30,-201.241,25463.7,-05026.1,-111.656,25955.0
01 04 2026  03 31  -20.1241 25463.8 -05026.1 -11.1656 25955.0,1,4,2026,3,31,-201.241,25463.8,-05026.1,-111.656,25955.0
01 04 2026  03 32  -20.1241 25463.7 -05026.1 -11.1657 25954.9,1,4,2026,3,32,-201.241,25463.7,-05026.1,-111.657,25954.9
01 04 2026  03 33  -20.1241 25463.6 -05026.1 -11.1657 25954.9,1,4,2026,3,33,-201.241,25463.6,-05026.1,-111.657,25954.9
01 04 2026  03 34  -20.1241 25463.6 -05026.2 -11.1659 25954.9,1,4,2026,3,34,-201.241,25463.6,-05026.2,-111.659,25954.9
01 04 2026  03 35  -20.1242 25463.4 -05026.2 -11.1660 25954.7,1,4,2026,3,35,-201.242,25463.4,-05026.2,-111.660,25954.7
01 04 2026  03 36  -20.1243 25463.3 -05026.1 -11.1659 25954.6,1,4,2026,3,36,-201.243,25463.3,-05026.1,-111.659,25954.6
01 04 2026  03 37  -20.1244 25463.0 -05026.0 -11.1658 25954.3,1,4,2026,3,37,-201.244,25463.0,-05026.0,-111.658,25954.3
01 04 2026  03 38  -20.1244 25462.8 -05025.9 -11.1656 25954.1,1,4,2026,3,38,-201.244,25462.8,-05025.9,-111.656,25954.1
01 04 2026  03 39  -20.1244 25462.9 -05026.1 -11.1660 25954.3,1,4,2026,3,39,-201.244,25462.9,-05026.1,-111.660,25954.3
01 04 2026  03 40  -20.1243 25462.8 -05026.1 -11.1660 25954.1,1,4,2026,3,40,-201.243,25462.8,-05026.1,-111.660,25954.1
01 04 2026  03 41  -20.1242 25462.9 -05026.2 -11.1661 25954.2,1,4,2026,3,41,-201.242,25462.9,-05026.2,-111.661,25954.2
01 04 2026  03 42  -20.1241 25462.9 -05026.2 -11.1662 25954.2,1,4,2026,3,42,-201.241,25462.9,-05026.2,-111.662,25954.2
01 04 2026  03 43  -20.1240 25462.8 -05026.2 -11.1662 25954.2,1,4,2026,3,43,-201.240,25462.8,-05026.2,-111.662,25954.2
01 04 2026  03 44  -20.1239 25462.8 -05026.2 -11.1664 25954.2,1,4,2026,3,44,-201.239,25462.8,-05026.2,-111.664,25954.2
01 04 2026  03 45  -20.1239 25462.7 -05026.3 -11.1666 25954.1,1,4,2026,3,45,-201.239,25462.7,-05026.3,-111.666,25954.1
01 04 2026  03 46  -20.1237 25462.7 -05026.3 -11.1666 25954.0,1,4,2026,3,46,-201.237,25462.7,-05026.3,-111.666,25954.0
01 04 2026  03 47  -20.1237 25462.7 -05026.4 -11.1668 25954.0,1,4,2026,3,47,-201.237,25462.7,-05026.4,-111.668,25954.0
01 04 2026  03 48  -20.1235 25462.7 -05026.5 -11.1670 25954.1,1,4,2026,3,48,-201.235,25462.7,-05026.5,-111.670,25954.1
01 04 2026  03 49  -20.1234 25462.6 -05026.5 -11.1670 25954.0,1,4,2026,3,49,-201.234,25462.6,-05026.5,-111.670,25954.0
01 04 2026  03 50  -20.1233 25462.5 -05026.6 -11.1672 25953.9,1,4,2026,3,50,-201.233,25462.5,-05026.6,-111.672,25953.9
01 04 2026  03 51  -20.1233 25462.4 -05026.6 -11.1673 25953.8,1,4,2026,3,51,-201.233,25462.4,-05026.6,-111.673,25953.8
01 04 2026  03 52  -20.1235 25462.4 -05026.6 -11.1673 25953.8,1,4,2026,3,52,-201.235,25462.4,-05026.6,-111.673,25953.8
01 04 2026  03 53  -20.1237 25462.3 -05026.8 -11.1677 25953.8,1,4,2026,3,53,-201.237,25462.3,-05026.8,-111.677,25953.8
01 04 2026  03 54  -20.1239 25462.1 -05026.7 -11.1676 25953.5,1,4,2026,3,54,-201.239,25462.1,-05026.7,-111.676,25953.5
01 04 2026  03 55  -20.1241 25461.9 -05026.6 -11.1676 25953.3,1,4,2026,3,55,-201.241,25461.9,-05026.6,-111.676,25953.3
01 04 2026  03 56  -20.1243 25461.8 -05026.7 -11.1677 25953.3,1,4,2026,3,56,-201.243,25461.8,-05026.7,-111.677,25953.3
01 04 2026  03 57  -20.1247 25461.7 -05026.6 -11.1676 25953.1,1,4,2026,3,57,-201.247,25461.7,-05026.6,-111.676,25953.1
01 04 2026  03 58  -20.1248 25461.6 -05026.6 -11.1677 25953.0,1,4,2026,3,58,-201.248,25461.6,-05026.6,-111.677,25953.0
01 04 2026  03 59  -20.1248 25461.4 -05026.5 -11.1675 25952.8,1,4,2026,3,59,-201.248,25461.4,-05026.5,-111.675,25952.8
01 04 2026  04 00  -20.1248 25461.3 -05026.4 -11.1675 25952.7,1,4,2026,4,0,-201.248,25461.3,-05026.4,-111.675,25952.7
01 04 2026  04 01  -20.1249 25461.1 -05026.4 -11.1674 25952.5,1,4,2026,4,1,-201.249,25461.1,-05026.4,-111.674,25952.5
01 04 2026  04 02  -20.1249 25461.1 -05026.5 -11.1676 25952.5,1,4,2026,4,2,-201.249,25461.1,-05026.5,-111.676,25952.5
01 04 2026  04 03  -20.1249 25461.2 -05026.5 -11.1677 25952.6,1,4,2026,4,3,-201.249,25461.2,-05026.5,-111.677,25952.6
01 04 2026  04 04  -20.1250 25461.1 -05026.5 -11.1677 25952.5,1,4,2026,4,4,-201.250,25461.1,-05026.5,-111.677,25952.5
01 04 2026  04 05  -20.1249 25461.1 -05026.6 -11.1678 25952.6,1,4,2026,4,5,-201.249,25461.1,-05026.6,-111.678,25952.6
01 04 2026  04 06  -20.1249 25461.2 -05026.6 -11.1679 25952.6,1,4,2026,4,6,-201.249,25461.2,-05026.6,-111.679,25952.6
01 04 2026  04 07  -20.1249 25461.2 -05026.7 -11.1680 25952.7,1,4,2026,4,7,-201.249,25461.2,-05026.7,-111.680,25952.7
01 04 2026  04 08  -20.1248 25461.3 -05026.7 -11.1681 25952.7,1,4,2026,4,8,-201.248,25461.3,-05026.7,-111.681,25952.7
01 04 2026  04 09  -20.1247 25461.3 -05026.8 -11.1682 25952.8,1,4,2026,4,9,-201.247,25461.3,-05026.8,-111.682,25952.8
01 04 2026  04 10  -20.1247 25461.4 -05026.8 -11.1683 25952.8,1,4,2026,4,10,-201.247,25461.4,-05026.8,-111.683,25952.8
01 04 2026  04 11  -20.1246 25461.3 -05026.6 -11.1678 25952.8,1,4,2026,4,11,-201.246,25461.3,-05026.6,-111.678,25952.8
01 04 2026  04 12  -20.1245 25461.2 -05026.7 -11.1680 25952.7,1,4,2026,4,12,-201.245,25461.2,-05026.7,-111.680,25952.7
01 04 2026  04 13  -20.1245 25461.1 -05026.7 -11.1681 25952.6,1,4,2026,4,13,-201.245,25461.1,-05026.7,-111.681,25952.6
01 04 2026  04 14  -20.1244 25461.1 -05026.7 -11.1681 25952.5,1,4,2026,4,14,-201.244,25461.1,-05026.7,-111.681,25952.5
01 04 2026  04 15  -20.1243 25461.0 -05026.7 -11.1681 25952.5,1,4,2026,4,15,-201.243,25461.0,-05026.7,-111.681,25952.5
01 04 2026  04 16  -20.1241 25461.0 -05026.6 -11.1679 25952.4,1,4,2026,4,16,-201.241,25461.0,-05026.6,-111.679,25952.4
01 04 2026  04 17  -20.1238 25460.9 -05026.6 -11.1679 25952.4,1,4,2026,4,17,-201.238,25460.9,-05026.6,-111.679,25952.4
01 04 2026  04 18  -20.1236 25460.9 -05026.7 -11.1681 25952.4,1,4,2026,4,18,-201.236,25460.9,-05026.7,-111.681,25952.4
01 04 2026  04 19  -20.1235 25461.0 -05026.8 -11.1683 25952.5,1,4,2026,4,19,-201.235,25461.0,-05026.8,-111.683,25952.5
01 04 2026  04 20  -20.1235 25460.9 -05026.8 -11.1683 25952.4,1,4,2026,4,20,-201.235,25460.9,-05026.8,-111.683,25952.4
01 04 2026  04 21  -20.1234 25460.9 -05026.9 -11.1685 25952.4,1,4,2026,4,21,-201.234,25460.9,-05026.9,-111.685,25952.4
01 04 2026  04 22  -20.1233 25460.8 -05026.8 -11.1685 25952.3,1,4,2026,4,22,-201.233,25460.8,-05026.8,-111.685,25952.3
01 04 2026  04 23  -20.1233 25460.8 -05026.9 -11.1687 25952.3,1,4,2026,4,23,-201.233,25460.8,-05026.9,-111.687,25952.3
01 04 2026  04 24  -20.1233 25460.9 -05027.0 -11.1688 25952.4,1,4,2026,4,24,-201.233,25460.9,-05027.0,-111.688,25952.4
01 04 2026  04 25  -20.1234 25461.0 -05027.1 -11.1690 25952.5,1,4,2026,4,25,-201.234,25461.0,-05027.1,-111.690,25952.5
01 04 2026  04 26  -20.1236 25461.1 -05027.2 -11.1691 25952.6,1,4,2026,4,26,-201.236,25461.1,-05027.2,-111.691,25952.6
01 04 2026  04 27  -20.1238 25461.0 -05027.2 -11.1691 25952.6,1,4,2026,4,27,-201.238,25461.0,-05027.2,-111.691,25952.6
01 04 2026  04 28  -20.1239 25460.9 -05027.1 -11.1690 25952.4,1,4,2026,4,28,-201.239,25460.9,-05027.1,-111.690,25952.4
01 04 2026  04 29  -20.1240 25460.8 -05027.1 -11.1691 25952.3,1,4,2026,4,29,-201.240,25460.8,-05027.1,-111.691,25952.3
01 04 2026  04 30  -20.1241 25460.6 -05027.0 -11.1689 25952.2,1,4,2026,4,30,-201.241,25460.6,-05027.0,-111.689,25952.2
01 04 2026  04 31  -20.1241 25460.5 -05027.0 -11.1691 25952.1,1,4,2026,4,31,-201.241,25460.5,-05027.0,-111.691,25952.1
01 04 2026  04 32  -20.1241 25460.5 -05027.1 -11.1692 25952.1,1,4,2026,4,32,-201.241,25460.5,-05027.1,-111.692,25952.1
01 04 2026  04 33  -20.1240 25460.5 -05027.1 -11.1693 25952.0,1,4,2026,4,33,-201.240,25460.5,-05027.1,-111.693,25952.0
01 04 2026  04 34  -20.1240 25460.5 -05027.2 -11.1694 25952.1,1,4,2026,4,34,-201.240,25460.5,-05027.2,-111.694,25952.1
01 04 2026  04 35  -20.1241 25460.5 -05027.3 -11.1696 25952.1,1,4,2026,4,35,-201.241,25460.5,-05027.3,-111.696,25952.1
01 04 2026  04 36  -20.1242 25460.7 -05027.4 -11.1698 25952.3,1,4,2026,4,36,-201.242,25460.7,-05027.4,-111.698,25952.3
01 04 2026  04 37  -20.1244 25460.7 -05027.4 -11.1698 25952.3,1,4,2026,4,37,-201.244,25460.7,-05027.4,-111.698,25952.3
01 04 2026  04 38  -20.1245 25460.9 -05027.5 -11.1699 25952.5,1,4,2026,4,38,-201.245,25460.9,-05027.5,-111.699,25952.5
01 04 2026  04 39  -20.1245 25460.9 -05027.4 -11.1696 25952.5,1,4,2026,4,39,-201.245,25460.9,-05027.4,-111.696,25952.5
01 04 2026  04 40  -20.1245 25461.1 -05027.6 -11.1700 25952.7,1,4,2026,4,40,-201.245,25461.1,-05027.6,-111.700,25952.7
01 04 2026  04 41  -20.1246 25461.1 -05027.6 -11.1701 25952.7,1,4,2026,4,41,-201.246,25461.1,-05027.6,-111.701,25952.7
01 04 2026  04 42  -20.1246 25461.2 -05027.7 -11.1702 25952.9,1,4,2026,4,42,-201.246,25461.2,-05027.7,-111.702,25952.9
01 04 2026  04 43  -20.1246 25461.1 -05027.6 -11.1701 25952.7,1,4,2026,4,43,-201.246,25461.1,-05027.6,-111.701,25952.7
01 04 2026  04 44  -20.1246 25461.1 -05027.6 -11.1700 25952.7,1,4,2026,4,44,-201.246,25461.1,-05027.6,-111.700,25952.7
01 04 2026  04 45  -20.1247 25461.0 -05027.6 -11.1701 25952.6,1,4,2026,4,45,-201.247,25461.0,-05027.6,-111.701,25952.6
01 04 2026  04 46  -20.1246 25461.0 -05027.6 -11.1701 25952.7,1,4,2026,4,46,-201.246,25461.0,-05027.6,-111.701,25952.7
01 04 2026  04 47  -20.1246 25461.0 -05027.6 -11.1701 25952.6,1,4,2026,4,47,-201.246,25461.0,-05027.6,-111.701,25952.6
01 04 2026  04 48  -20.1248 25460.9 -05027.5 -11.1699 25952.5,1,4,2026,4,48,-201.248,25460.9,-05027.5,-111.699,25952.5
01 04 2026  04 49  -20.1249 25460.9 -05027.4 -11.1697 25952.5,1,4,2026,4,49,-201.249,25460.9,-05027.4,-111.697,25952.5
01 04 2026  04 50  -20.1250 25460.8 -05027.5 -11.1699 25952.5,1,4,2026,4,50,-201.250,25460.8,-05027.5,-111.699,25952.5
01 04 2026  04 51  -20.1248 25460.8 -05027.4 -11.1697 25952.3,1,4,2026,4,51,-201.248,25460.8,-05027.4,-111.697,25952.3
01 04 2026  04 52  -20.1246 25460.7 -05027.3 -11.1695 25952.3,1,4,2026,4,52,-201.246,25460.7,-05027.3,-111.695,25952.3
01 04 2026  04 53  -20.1245 25460.6 -05027.2 -11.1695 25952.2,1,4,2026,4,53,-201.245,25460.6,-05027.2,-111.695,25952.2
01 04 2026  04 54  -20.1245 25460.6 -05027.2 -11.1694 25952.1,1,4,2026,4,54,-201.245,25460.6,-05027.2,-111.694,25952.1
01 04 2026  04 55  -20.1245 25460.7 -05027.3 -11.1695 25952.2,1,4,2026,4,55,-201.245,25460.7,-05027.3,-111.695,25952.2
01 04 2026  04 56  -20.1246 25460.9 -05027.5 -11.1698 25952.5,1,4,2026,4,56,-201.246,25460.9,-05027.5,-111.698,25952.5
01 04 2026  04 57  -20.1246 25460.9 -05027.5 -11.1698 25952.5,1,4,2026,4,57,-201.246,25460.9,-05027.5,-111.698,25952.5
01 04 2026  04 58  -20.1247 25461.2 -05027.6 -11.1699 25952.8,1,4,2026,4,58,-201.247,25461.2,-05027.6,-111.699,25952.8
01 04 2026  04 59  -20.1249 25461.5 -05027.8 -11.1702 25953.2,1,4,2026,4,59,-201.249,25461.5,-05027.8,-111.702,25953.2
01 04 2026  05 00  -20.1251 25461.6 -05027.8 -11.1703 25953.3,1,4,2026,5,0,-201.251,25461.6,-05027.8,-111.703,25953.3
01 04 2026  05 01  -20.1252 25461.7 -05027.9 -11.1704 25953.3,1,4,2026,5,1,-201.252,25461.7,-05027.9,-111.704,25953.3
01 04 2026  05 02  -20.1252 25461.6 -05027.8 -11.1702 25953.2,1,4,2026,5,2,-201.252,25461.6,-05027.8,-111.702,25953.2
01 04 2026  05 03  -20.1253 25461.6 -05027.7 -11.1699 25953.2,1,4,2026,5,3,-201.253,25461.6,-05027.7,-111.699,25953.2
01 04 2026  05 04  -20.1253 25461.6 -05027.6 -11.1699 25953.2,1,4,2026,5,4,-201.253,25461.6,-05027.6,-111.699,25953.2
01 04 2026  05 05  -20.1253 25461.7 -05027.6 -11.1697 25953.3,1,4,2026,5,5,-201.253,25461.7,-05027.6,-111.697,25953.3
01 04 2026  05 06  -20.1252 25461.6 -05027.6 -11.1698 25953.2,1,4,2026,5,6,-201.252,25461.6,-05027.6,-111.698,25953.2
01 04 2026  05 07  -20.1251 25461.5 -05027.5 -11.1695 25953.1,1,4,2026,5,7,-201.251,25461.5,-05027.5,-111.695,25953.1
01 04 2026  05 08  -20.1250 25461.4 -05027.4 -11.1694 25953.0,1,4,2026,5,8,-201.250,25461.4,-05027.4,-111.694,25953.0
01 04 2026  05 09  -20.1249 25461.4 -05027.3 -11.1693 25953.0,1,4,2026,5,9,-201.249,25461.4,-05027.3,-111.693,25953.0
01 04 2026  05 10  -20.1250 25461.3 -05027.3 -11.1694 25952.8,1,4,2026,5,10,-201.250,25461.3,-05027.3,-111.694,25952.8
01 04 2026  05 11  -20.1249 25461.3 -05027.4 -11.1694 25952.9,1,4,2026,5,11,-201.249,25461.3,-05027.4,-111.694,25952.9
01 04 2026  05 12  -20.1249 25461.2 -05027.4 -11.1695 25952.8,1,4,2026,5,12,-201.249,25461.2,-05027.4,-111.695,25952.8
01 04 2026  05 13  -20.1249 25461.2 -05027.4 -11.1695 25952.8,1,4,2026,5,13,-201.249,25461.2,-05027.4,-111.695,25952.8
01 04 2026  05 14  -20.1249 25461.1 -05027.3 -11.1694 25952.7,1,4,2026,5,14,-201.249,25461.1,-05027.3,-111.694,25952.7
01 04 2026  05 15  -20.1248 25461.2 -05027.4 -11.1695 25952.8,1,4,2026,5,15,-201.248,25461.2,-05027.4,-111.695,25952.8
01 04 2026  05 16  -20.1247 25461.2 -05027.5 -11.1697 25952.8,1,4,2026,5,16,-201.247,25461.2,-05027.5,-111.697,25952.8
01 04 2026  05 17  -20.1247 25461.2 -05027.5 -11.1698 25952.9,1,4,2026,5,17,-201.247,25461.2,-05027.5,-111.698,25952.9
01 04 2026  05 18  -20.1247 25461.4 -05027.6 -11.1700 25953.0,1,4,2026,5,18,-201.247,25461.4,-05027.6,-111.700,25953.0
01 04 2026  05 19  -20.1247 25461.5 -05027.7 -11.1701 25953.2,1,4,2026,5,19,-201.247,25461.5,-05027.7,-111.701,25953.2
01 04 2026  05 20  -20.1246 25461.7 -05027.9 -11.1705 25953.4,1,4,2026,5,20,-201.246,25461.7,-05027.9,-111.705,25953.4
01 04 2026  05 21  -20.1247 25461.8 -05028.0 -11.1707 25953.5,1,4,2026,5,21,-201.247,25461.8,-05028.0,-111.707,25953.5
01 04 2026  05 22  -20.1247 25462.0 -05028.1 -11.1708 25953.7,1,4,2026,5,22,-201.247,25462.0,-05028.1,-111.708,25953.7
01 04 2026  05 23  -20.1246 25462.0 -05028.2 -11.1709 25953.7,1,4,2026,5,23,-201.246,25462.0,-05028.2,-111.709,25953.7
01 04 2026  05 24  -20.1247 25461.9 -05028.1 -11.1708 25953.7,1,4,2026,5,24,-201.247,25461.9,-05028.1,-111.708,25953.7
01 04 2026  05 25  -20.1247 25462.1 -05028.3 -11.1710 25953.8,1,4,2026,5,25,-201.247,25462.1,-05028.3,-111.710,25953.8
01 04 2026  05 26  -20.1246 25462.1 -05028.3 -11.1711 25953.8,1,4,2026,5,26,-201.246,25462.1,-05028.3,-111.711,25953.8
01 04 2026  05 27  -20.1245 25462.3 -05028.4 -11.1713 25954.1,1,4,2026,5,27,-201.245,25462.3,-05028.4,-111.713,25954.1
01 04 2026  05 28  -20.1243 25462.4 -05028.5 -11.1715 25954.2,1,4,2026,5,28,-201.243,25462.4,-05028.5,-111.715,25954.2
01 04 2026  05 29  -20.1241 25462.5 -05028.6 -11.1715 25954.3,1,4,2026,5,29,-201.241,25462.5,-05028.6,-111.715,25954.3
01 04 2026  05 30  -20.1239 25462.7 -05028.7 -11.1717 25954.5,1,4,2026,5,30,-201.239,25462.7,-05028.7,-111.717,25954.5
01 04 2026  05 31  -20.1238 25462.8 -05028.7 -11.1718 25954.6,1,4,2026,5,31,-201.238,25462.8,-05028.7,-111.718,25954.6
01 04 2026  05 32  -20.1236 25462.9 -05028.8 -11.1718 25954.8,1,4,2026,5,32,-201.236,25462.9,-05028.8,-111.718,25954.8
01 04 2026  05 33  -20.1235 25463.1 -05029.0 -11.1722 25955.0,1,4,2026,5,33,-201.235,25463.1,-05029.0,-111.722,25955.0
01 04 2026  05 34  -20.1234 25463.2 -05029.0 -11.1722 25955.0,1,4,2026,5,34,-201.234,25463.2,-05029.0,-111.722,25955.0
01 04 2026  05 35  -20.1232 25463.1 -05029.1 -11.1723 25955.0,1,4,2026,5,35,-201.232,25463.1,-05029.1,-111.723,25955.0
01 04 2026  05 36  -20.1231 25463.0 -05029.0 -11.1722 25954.9,1,4,2026,5,36,-201.231,25463.0,-05029.0,-111.722,25954.9
01 04 2026  05 37  -20.1231 25463.1 -05029.0 -11.1723 25955.0,1,4,2026,5,37,-201.231,25463.1,-05029.0,-111.723,25955.0
01 04 2026  05 38  -20.1232 25463.4 -05029.3 -11.1727 25955.3,1,4,2026,5,38,-201.232,25463.4,-05029.3,-111.727,25955.3
01 04 2026  05 39  -20.1233 25463.6 -05029.4 -11.1729 25955.5,1,4,2026,5,39,-201.233,25463.6,-05029.4,-111.729,25955.5
01 04 2026  05 40  -20.1233 25463.7 -05029.5 -11.1731 25955.6,1,4,2026,5,40,-201.233,25463.7,-05029.5,-111.731,25955.6
01 04 2026  05 41  -20.1232 25463.6 -05029.4 -11.1730 25955.5,1,4,2026,5,41,-201.232,25463.6,-05029.4,-111.730,25955.5
01 04 2026  05 42  -20.1231 25463.6 -05029.4 -11.1728 25955.5,1,4,2026,5,42,-201.231,25463.6,-05029.4,-111.728,25955.5
01 04 2026  05 43  -20.1230 25463.5 -05029.3 -11.1727 25955.4,1,4,2026,5,43,-201.230,25463.5,-05029.3,-111.727,25955.4
01 04 2026  05 44  -20.1230 25463.2 -05029.2 -11.1725 25955.1,1,4,2026,5,44,-201.230,25463.2,-05029.2,-111.725,25955.1
01 04 2026  05 45  -20.1230 25462.9 -05029.1 -11.1724 25954.8,1,4,2026,5,45,-201.230,25462.9,-05029.1,-111.724,25954.8
01 04 2026  05 46  -20.1230 25462.8 -05028.9 -11.1722 25954.6,1,4,2026,5,46,-201.230,25462.8,-05028.9,-111.722,25954.6
01 04 2026  05 47  -20.1229 25462.6 -05028.9 -11.1721 25954.5,1,4,2026,5,47,-201.229,25462.6,-05028.9,-111.721,25954.5
01 04 2026  05 48  -20.1226 25462.5 -05028.8 -11.1721 25954.4,1,4,2026,5,48,-201.226,25462.5,-05028.8,-111.721,25954.4
01 04 2026  05 49  -20.1224 25462.4 -05028.8 -11.1721 25954.2,1,4,2026,5,49,-201.224,25462.4,-05028.8,-111.721,25954.2
01 04 2026  05 50  -20.1222 25462.4 -05028.8 -11.1720 25954.2,1,4,2026,5,50,-201.222,25462.4,-05028.8,-111.720,25954.2
01 04 2026  05 51  -20.1222 25462.3 -05028.8 -11.1722 25954.1,1,4,2026,5,51,-201.222,25462.3,-05028.8,-111.722,25954.1
01 04 2026  05 52  -20.1222 25462.2 -05028.8 -11.1722 25954.1,1,4,2026,5,52,-201.222,25462.2,-05028.8,-111.722,25954.1
01 04 2026  05 53  -20.1222 25462.3 -05028.8 -11.1722 25954.1,1,4,2026,5,53,-201.222,25462.3,-05028.8,-111.722,25954.1
01 04 2026  05 54  -20.1223 25462.3 -05029.0 -11.1726 25954.2,1,4,2026,5,54,-201.223,25462.3,-05029.0,-111.726,25954.2
01 04 2026  05 55  -20.1223 25462.3 -05029.0 -11.1726 25954.2,1,4,2026,5,55,-201.223,25462.3,-05029.0,-111.726,25954.2
01 04 2026  05 56  -20.1223 25462.4 -05029.1 -11.1728 25954.3,1,4,2026,5,56,-201.223,25462.4,-05029.1,-111.728,25954.3
01 04 2026  05 57  -20.1223 25462.4 -05029.1 -11.1727 25954.3,1,4,2026,5,57,-201.223,25462.4,-05029.1,-111.727,25954.3
01 04 2026  05 58  -20.1224 25462.3 -05029.0 -11.1725 25954.2,1,4,2026,5,58,-201.224,25462.3,-05029.0,-111.725,25954.2
01 04 2026  05 59  -20.1224 25462.5 -05029.1 -11.1726 25954.4,1,4,2026,5,59,-201.224,25462.5,-05029.1,-111.726,25954.4
01 04 2026  06 00  -20.1225 25462.8 -05029.3 -11.1730 25954.8,1,4,2026,6,0,-201.225,25462.8,-05029.3,-111.730,25954.8
01 04 2026  06 01  -20.1227 25463.2 -05029.6 -11.1734 25955.2,1,4,2026,6,1,-201.227,25463.2,-05029.6,-111.734,25955.2
01 04 2026  06 02  -20.1228 25463.6 -05029.8 -11.1737 25955.6,1,4,2026,6,2,-201.228,25463.6,-05029.8,-111.737,25955.6
01 04 2026  06 03  -20.1229 25464.0 -05030.0 -11.1739 25956.0,1,4,2026,6,3,-201.229,25464.0,-05030.0,-111.739,25956.0
01 04 2026  06 04  -20.1227 25464.3 -05030.1 -11.1741 25956.3,1,4,2026,6,4,-201.227,25464.3,-05030.1,-111.741,25956.3
01 04 2026  06 05  -20.1225 25464.3 -05030.1 -11.1740 25956.3,1,4,2026,6,5,-201.225,25464.3,-05030.1,-111.740,25956.3
01 04 2026  06 06  -20.1223 25464.1 -05029.9 -11.1738 25956.2,1,4,2026,6,6,-201.223,25464.1,-05029.9,-111.738,25956.2
01 04 2026  06 07  -20.1220 25464.0 -05029.7 -11.1734 25956.0,1,4,2026,6,7,-201.220,25464.0,-05029.7,-111.734,25956.0
01 04 2026  06 08  -20.1218 25463.9 -05029.7 -11.1733 25955.9,1,4,2026,6,8,-201.218,25463.9,-05029.7,-111.733,25955.9
01 04 2026  06 09  -20.1217 25464.1 -05029.8 -11.1735 25956.1,1,4,2026,6,9,-201.217,25464.1,-05029.8,-111.735,25956.1
01 04 2026  06 10  -20.1217 25464.2 -05029.9 -11.1737 25956.3,1,4,2026,6,10,-201.217,25464.2,-05029.9,-111.737,25956.3
01 04 2026  06 11  -20.1218 25464.3 -05030.0 -11.1739 25956.4,1,4,2026,6,11,-201.218,25464.3,-05030.0,-111.739,25956.4
01 04 2026  06 12  -20.1217 25464.6 -05030.2 -11.1741 25956.7,1,4,2026,6,12,-201.217,25464.6,-05030.2,-111.741,25956.7
01 04 2026  06 13  -20.1215 25464.7 -05030.2 -11.1741 25956.7,1,4,2026,6,13,-201.215,25464.7,-05030.2,-111.741,25956.7
01 04 2026  06 14  -20.1213 25464.6 -05030.1 -11.1739 25956.7,1,4,2026,6,14,-201.213,25464.6,-05030.1,-111.739,25956.7
01 04 2026  06 15  -20.1211 25464.7 -05030.2 -11.1741 25956.8,1,4,2026,6,15,-201.211,25464.7,-05030.2,-111.741,25956.8
01 04 2026  06 16  -20.1209 25464.7 -05030.2 -11.1741 25956.8,1,4,2026,6,16,-201.209,25464.7,-05030.2,-111.741,25956.8
01 04 2026  06 17  -20.1208 25464.7 -05030.3 -11.1743 25956.8,1,4,2026,6,17,-201.208,25464.7,-05030.3,-111.743,25956.8
01 04 2026  06 18  -20.1207 25464.7 -05030.2 -11.1742 25956.8,1,4,2026,6,18,-201.207,25464.7,-05030.2,-111.742,25956.8
01 04 2026  06 19  -20.1206 25464.6 -05030.2 -11.1741 25956.7,1,4,2026,6,19,-201.206,25464.6,-05030.2,-111.741,25956.7
01 04 2026  06 20  -20.1205 25464.5 -05030.1 -11.1740 25956.6,1,4,2026,6,20,-201.205,25464.5,-05030.1,-111.740,25956.6
01 04 2026  06 21  -20.1205 25464.3 -05030.1 -11.1741 25956.4,1,4,2026,6,21,-201.205,25464.3,-05030.1,-111.741,25956.4
01 04 2026  06 22  -20.1205 25464.2 -05030.1 -11.1741 25956.3,1,4,2026,6,22,-201.205,25464.2,-05030.1,-111.741,25956.3
01 04 2026  06 23  -20.1206 25464.1 -05030.1 -11.1740 25956.2,1,4,2026,6,23,-201.206,25464.1,-05030.1,-111.740,25956.2
01 04 2026  06 24  -20.1208 25464.2 -05030.1 -11.1742 25956.2,1,4,2026,6,24,-201.208,25464.2,-05030.1,-111.742,25956.2
01 04 2026  06 25  -20.1209 25464.4 -05030.3 -11.1744 25956.5,1,4,2026,6,25,-201.209,25464.4,-05030.3,-111.744,25956.5
01 04 2026  06 26  -20.1211 25464.5 -05030.4 -11.1746 25956.6,1,4,2026,6,26,-201.211,25464.5,-05030.4,-111.746,25956.6
01 04 2026  06 27  -20.1213 25464.5 -05030.4 -11.1747 25956.6,1,4,2026,6,27,-201.213,25464.5,-05030.4,-111.747,25956.6
01 04 2026  06 28  -20.1214 25464.5 -05030.4 -11.1747 25956.6,1,4,2026,6,28,-201.214,25464.5,-05030.4,-111.747,25956.6
01 04 2026  06 29  -20.1216 25464.7 -05030.5 -11.1747 25956.8,1,4,2026,6,29,-201.216,25464.7,-05030.5,-111.747,25956.8
01 04 2026  06 30  -20.1218 25464.8 -05030.5 -11.1748 25956.9,1,4,2026,6,30,-201.218,25464.8,-05030.5,-111.748,25956.9
01 04 2026  06 31  -20.1220 25465.1 -05030.7 -11.1750 25957.3,1,4,2026,6,31,-201.220,25465.1,-05030.7,-111.750,25957.3
01 04 2026  06 32  -20.1222 25465.5 -05030.9 -11.1753 25957.7,1,4,2026,6,32,-201.222,25465.5,-05030.9,-111.753,25957.7
01 04 2026  06 33  -20.1224 25465.8 -05031.1 -11.1755 25958.1,1,4,2026,6,33,-201.224,25465.8,-05031.1,-111.755,25958.1
01 04 2026  06 34  -20.1225 25466.2 -05031.3 -11.1758 25958.4,1,4,2026,6,34,-201.225,25466.2,-05031.3,-111.758,25958.4
01 04 2026  06 35  -20.1225 25466.1 -05031.1 -11.1755 25958.4,1,4,2026,6,35,-201.225,25466.1,-05031.1,-111.755,25958.4
01 04 2026  06 36  -20.1224 25465.9 -05030.8 -11.1750 25958.0,1,4,2026,6,36,-201.224,25465.9,-05030.8,-111.750,25958.0
01 04 2026  06 37  -20.1223 25465.6 -05030.6 -11.1746 25957.7,1,4,2026,6,37,-201.223,25465.6,-05030.6,-111.746,25957.7
01 04 2026  06 38  -20.1222 25465.1 -05030.3 -11.1741 25957.2,1,4,2026,6,38,-201.222,25465.1,-05030.3,-111.741,25957.2
01 04 2026  06 39  -20.1222 25464.8 -05030.1 -11.1738 25956.9,1,4,2026,6,39,-201.222,25464.8,-05030.1,-111.738,25956.9
01 04 2026  06 40  -20.1222 25464.5 -05029.8 -11.1732 25956.5,1,4,2026,6,40,-201.222,25464.5,-05029.8,-111.732,25956.5
01 04 2026  06 41  -20.1222 25464.3 -05029.7 -11.1732 25956.3,1,4,2026,6,41,-201.222,25464.3,-05029.7,-111.732,25956.3
01 04 2026  06 42  -20.1223 25464.1 -05029.6 -11.1731 25956.1,1,4,2026,6,42,-201.223,25464.1,-05029.6,-111.731,25956.1
01 04 2026  06 43  -20.1225 25464.0 -05029.6 -11.1732 25956.0,1,4,2026,6,43,-201.225,25464.0,-05029.6,-111.732,25956.0
01 04 2026  06 44  -20.1227 25464.0 -05029.7 -11.1733 25956.0,1,4,2026,6,44,-201.227,25464.0,-05029.7,-111.733,25956.0
01 04 2026  06 45  -20.1230 25464.1 -05029.7 -11.1732 25956.0,1,4,2026,6,45,-201.230,25464.1,-05029.7,-111.732,25956.0
01 04 2026  06 46  -20.1231 25464.4 -05029.9 -11.1736 25956.4,1,4,2026,6,46,-201.231,25464.4,-05029.9,-111.736,25956.4
01 04 2026  06 47  -20.1233 25464.6 -05030.0 -11.1737 25956.6,1,4,2026,6,47,-201.233,25464.6,-05030.0,-111.737,25956.6
01 04 2026  06 48  -20.1234 25464.7 -05030.0 -11.1738 25956.8,1,4,2026,6,48,-201.234,25464.7,-05030.0,-111.738,25956.8
01 04 2026  06 49  -20.1235 25464.8 -05030.1 -11.1738 25956.9,1,4,2026,6,49,-201.235,25464.8,-05030.1,-111.738,25956.9
01 04 2026  06 50  -20.1235 25464.8 -05030.0 -11.1736 25956.8,1,4,2026,6,50,-201.235,25464.8,-05030.0,-111.736,25956.8
01 04 2026  06 51  -20.1235 25465.1 -05030.1 -11.1737 25957.1,1,4,2026,6,51,-201.235,25465.1,-05030.1,-111.737,25957.1
01 04 2026  06 52  -20.1235 25465.2 -05030.1 -11.1737 25957.2,1,4,2026,6,52,-201.235,25465.2,-05030.1,-111.737,25957.2
01 04 2026  06 53  -20.1236 25465.3 -05030.1 -11.1736 25957.3,1,4,2026,6,53,-201.236,25465.3,-05030.1,-111.736,25957.3
01 04 2026  06 54  -20.1236 25465.5 -05030.1 -11.1736 25957.5,1,4,2026,6,54,-201.236,25465.5,-05030.1,-111.736,25957.5
01 04 2026  06 55  -20.1235 25465.6 -05030.2 -11.1737 25957.6,1,4,2026,6,55,-201.235,25465.6,-05030.2,-111.737,25957.6
01 04 2026  06 56  -20.1234 25465.7 -05030.1 -11.1734 25957.7,1,4,2026,6,56,-201.234,25465.7,-05030.1,-111.734,25957.7
01 04 2026  06 57  -20.1233 25465.7 -05030.0 -11.1733 25957.7,1,4,2026,6,57,-201.233,25465.7,-05030.0,-111.733,25957.7
01 04 2026  06 58  -20.1231 25465.7 -05030.0 -11.1733 25957.8,1,4,2026,6,58,-201.231,25465.7,-05030.0,-111.733,25957.8
01 04 2026  06 59  -20.1230 25465.7 -05030.0 -11.1731 25957.7,1,4,2026,6,59,-201.230,25465.7,-05030.0,-111.731,25957.7
01 04 2026  07 00  -20.1229 25465.7 -05029.9 -11.1730 25957.7,1,4,2026,7,0,-201.229,25465.7,-05029.9,-111.730,25957.7
01 04 2026  07 01  -20.1228 25465.8 -05029.9 -11.1730 25957.8,1,4,2026,7,1,-201.228,25465.8,-05029.9,-111.730,25957.8
01 04 2026  07 02  -20.1228 25466.0 -05030.0 -11.1732 25958.1,1,4,2026,7,2,-201.228,25466.0,-05030.0,-111.732,25958.1
01 04 2026  07 03  -20.1228 25466.1 -05030.1 -11.1732 25958.1,1,4,2026,7,3,-201.228,25466.1,-05030.1,-111.732,25958.1
01 04 2026  07 04  -20.1228 25466.4 -05030.1 -11.1732 25958.4,1,4,2026,7,4,-201.228,25466.4,-05030.1,-111.732,25958.4
01 04 2026  07 05  -20.1227 25466.5 -05030.1 -11.1732 25958.5,1,4,2026,7,5,-201.227,25466.5,-05030.1,-111.732,25958.5
01 04 2026  07 06  -20.1227 25466.7 -05030.3 -11.1734 25958.7,1,4,2026,7,6,-201.227,25466.7,-05030.3,-111.734,25958.7
01 04 2026  07 07  -20.1226 25466.8 -05030.3 -11.1735 25958.9,1,4,2026,7,7,-201.226,25466.8,-05030.3,-111.735,25958.9
01 04 2026  07 08  -20.1225 25466.8 -05030.2 -11.1733 25958.8,1,4,2026,7,8,-201.225,25466.8,-05030.2,-111.733,25958.8
01 04 2026  07 09  -20.1224 25466.9 -05030.4 -11.1735 25959.0,1,4,2026,7,9,-201.224,25466.9,-05030.4,-111.735,25959.0
01 04 2026  07 10  -20.1222 25467.0 -05030.3 -11.1734 25959.0,1,4,2026,7,10,-201.222,25467.0,-05030.3,-111.734,25959.0
01 04 2026  07 11  -20.1222 25467.1 -05030.3 -11.1733 25959.1,1,4,2026,7,11,-201.222,25467.1,-05030.3,-111.733,25959.1
01 04 2026  07 12  -20.1221 25467.0 -05030.3 -11.1733 25959.0,1,4,2026,7,12,-201.221,25467.0,-05030.3,-111.733,25959.0
01 04 2026  07 13  -20.1220 25466.9 -05030.2 -11.1732 25959.0,1,4,2026,7,13,-201.220,25466.9,-05030.2,-111.732,25959.0
01 04 2026  07 14  -20.1219 25466.8 -05030.2 -11.1732 25958.8,1,4,2026,7,14,-201.219,25466.8,-05030.2,-111.732,25958.8
01 04 2026  07 15  -20.1218 25466.5 -05030.0 -11.1729 25958.5,1,4,2026,7,15,-201.218,25466.5,-05030.0,-111.729,25958.5
01 04 2026  07 16  -20.1217 25466.4 -05030.0 -11.1729 25958.4,1,4,2026,7,16,-201.217,25466.4,-05030.0,-111.729,25958.4
01 04 2026  07 17  -20.1216 25466.2 -05029.9 -11.1728 25958.2,1,4,2026,7,17,-201.216,25466.2,-05029.9,-111.728,25958.2
01 04 2026  07 18  -20.1215 25466.2 -05029.8 -11.1727 25958.1,1,4,2026,7,18,-201.215,25466.2,-05029.8,-111.727,25958.1
01 04 2026  07 19  -20.1214 25466.0 -05029.8 -11.1727 25958.0,1,4,2026,7,19,-201.214,25466.0,-05029.8,-111.727,25958.0
01 04 2026  07 20  -20.1213 25465.9 -05029.8 -11.1727 25957.8,1,4,2026,7,20,-201.213,25465.9,-05029.8,-111.727,25957.8
01 04 2026  07 21  -20.1213 25465.9 -05029.8 -11.1728 25957.8,1,4,2026,7,21,-201.213,25465.9,-05029.8,-111.728,25957.8
01 04 2026  07 22  -20.1213 25465.9 -05029.9 -11.1729 25957.9,1,4,2026,7,22,-201.213,25465.9,-05029.9,-111.729,25957.9
01 04 2026  07 23  -20.1213 25465.8 -05029.8 -11.1729 25957.7,1,4,2026,7,23,-201.213,25465.8,-05029.8,-111.729,25957.7
01 04 2026  07 24  -20.1213 25465.8 -05029.9 -11.1729 25957.8,1,4,2026,7,24,-201.213,25465.8,-05029.9,-111.729,25957.8
01 04 2026  07 25  -20.1214 25465.9 -05030.0 -11.1731 25957.9,1,4,2026,7,25,-201.214,25465.9,-05030.0,-111.731,25957.9
01 04 2026  07 26  -20.1214 25466.0 -05030.0 -11.1732 25958.0,1,4,2026,7,26,-201.214,25466.0,-05030.0,-111.732,25958.0
01 04 2026  07 27  -20.1214 25466.0 -05030.1 -11.1733 25958.0,1,4,2026,7,27,-201.214,25466.0,-05030.1,-111.733,25958.0
01 04 2026  07 28  -20.1214 25466.0 -05030.1 -11.1734 25958.0,1,4,2026,7,28,-201.214,25466.0,-05030.1,-111.734,25958.0
01 04 2026  07 29  -20.1214 25466.0 -05030.1 -11.1734 25958.0,1,4,2026,7,29,-201.214,25466.0,-05030.1,-111.734,25958.0
01 04 2026  07 30  -20.1213 25466.2 -05030.2 -11.1735 25958.2,1,4,2026,7,30,-201.213,25466.2,-05030.2,-111.735,25958.2
01 04 2026  07 31  -20.1213 25466.2 -05030.2 -11.1736 25958.3,1,4,2026,7,31,-201.213,25466.2,-05030.2,-111.736,25958.3
01 04 2026  07 32  -20.1212 25466.2 -05030.2 -11.1735 25958.3,1,4,2026,7,32,-201.212,25466.2,-05030.2,-111.735,25958.3
01 04 2026  07 33  -20.1212 25466.3 -05030.3 -11.1737 25958.4,1,4,2026,7,33,-201.212,25466.3,-05030.3,-111.737,25958.4
01 04 2026  07 34  -20.1212 25466.3 -05030.3 -11.1736 25958.4,1,4,2026,7,34,-201.212,25466.3,-05030.3,-111.736,25958.4
01 04 2026  07 35  -20.1210 25466.2 -05030.2 -11.1735 25958.3,1,4,2026,7,35,-201.210,25466.2,-05030.2,-111.735,25958.3
01 04 2026  07 36  -20.1208 25466.1 -05030.1 -11.1732 25958.1,1,4,2026,7,36,-201.208,25466.1,-05030.1,-111.732,25958.1
01 04 2026  07 37  -20.1203 25465.9 -05029.9 -11.1730 25957.9,1,4,2026,7,37,-201.203,25465.9,-05029.9,-111.730,25957.9
01 04 2026  07 38  -20.1196 25465.9 -05029.9 -11.1729 25957.9,1,4,2026,7,38,-201.196,25465.9,-05029.9,-111.729,25957.9
01 04 2026  07 39  -20.1190 25465.7 -05029.7 -11.1726 25957.7,1,4,2026,7,39,-201.190,25465.7,-05029.7,-111.726,25957.7
01 04 2026  07 40  -20.1184 25465.8 -05029.8 -11.1727 25957.7,1,4,2026,7,40,-201.184,25465.8,-05029.8,-111.727,25957.7
01 04 2026  07 41  -20.1178 25465.7 -05029.8 -11.1728 25957.7,1,4,2026,7,41,-201.178,25465.7,-05029.8,-111.728,25957.7
01 04 2026  07 42  -20.1172 25465.9 -05030.0 -11.1731 25958.0,1,4,2026,7,42,-201.172,25465.9,-05030.0,-111.731,25958.0
01 04 2026  07 43  -20.1168 25466.2 -05030.3 -11.1736 25958.2,1,4,2026,7,43,-201.168,25466.2,-05030.3,-111.736,25958.2
01 04 2026  07 44  -20.1165 25466.4 -05030.4 -11.1737 25958.4,1,4,2026,7,44,-201.165,25466.4,-05030.4,-111.737,25958.4
01 04 2026  07 45  -20.1163 25466.8 -05030.7 -11.1742 25958.9,1,4,2026,7,45,-201.163,25466.8,-05030.7,-111.742,25958.9
01 04 2026  07 46  -20.1163 25467.2 -05031.0 -11.1748 25959.4,1,4,2026,7,46,-201.163,25467.2,-05031.0,-111.748,25959.4
01 04 2026  07 47  -20.1163 25467.7 -05031.4 -11.1754 25959.9,1,4,2026,7,47,-201.163,25467.7,-05031.4,-111.754,25959.9
01 04 2026  07 48  -20.1163 25468.0 -05031.5 -11.1756 25960.2,1,4,2026,7,48,-201.163,25468.0,-05031.5,-111.756,25960.2
01 04 2026  07 49  -20.1163 25468.0 -05031.6 -11.1757 25960.3,1,4,2026,7,49,-201.163,25468.0,-05031.6,-111.757,25960.3
01 04 2026  07 50  -20.1162 25468.2 -05031.6 -11.1757 25960.5,1,4,2026,7,50,-201.162,25468.2,-05031.6,-111.757,25960.5
01 04 2026  07 51  -20.1159 25468.3 -05031.5 -11.1753 25960.5,1,4,2026,7,51,-201.159,25468.3,-05031.5,-111.753,25960.5
01 04 2026  07 52  -20.1157 25468.3 -05031.5 -11.1753 25960.5,1,4,2026,7,52,-201.157,25468.3,-05031.5,-111.753,25960.5
01 04 2026  07 53  -20.1156 25468.4 -05031.5 -11.1753 25960.6,1,4,2026,7,53,-201.156,25468.4,-05031.5,-111.753,25960.6
01 04 2026  07 54  -20.1154 25468.3 -05031.4 -11.1752 25960.6,1,4,2026,7,54,-201.154,25468.3,-05031.4,-111.752,25960.6
01 04 2026  07 55  -20.1152 25468.2 -05031.4 -11.1752 25960.4,1,4,2026,7,55,-201.152,25468.2,-05031.4,-111.752,25960.4
01 04 2026  07 56  -20.1153 25468.2 -05031.3 -11.1751 25960.4,1,4,2026,7,56,-201.153,25468.2,-05031.3,-111.751,25960.4
01 04 2026  07 57  -20.1152 25468.2 -05031.3 -11.1749 25960.4,1,4,2026,7,57,-201.152,25468.2,-05031.3,-111.749,25960.4
01 04 2026  07 58  -20.1153 25468.2 -05031.2 -11.1749 25960.4,1,4,2026,7,58,-201.153,25468.2,-05031.2,-111.749,25960.4
01 04 2026  07 59  -20.1154 25468.2 -05031.2 -11.1747 25960.4,1,4,2026,7,59,-201.154,25468.2,-05031.2,-111.747,25960.4
01 04 2026  08 00  -20.1154 25468.1 -05031.2 -11.1748 25960.3,1,4,2026,8,0,-201.154,25468.1,-05031.2,-111.748,25960.3
01 04 2026  08 01  -20.1155 25468.1 -05031.1 -11.1747 25960.2,1,4,2026,8,1,-201.155,25468.1,-05031.1,-111.747,25960.2
01 04 2026  08 02  -20.1156 25468.1 -05031.1 -11.1747 25960.3,1,4,2026,8,2,-201.156,25468.1,-05031.1,-111.747,25960.3
01 04 2026  08 03  -20.1157 25468.0 -05031.1 -11.1746 25960.2,1,4,2026,8,3,-201.157,25468.0,-05031.1,-111.746,25960.2
01 04 2026  08 04  -20.1158 25468.1 -05031.1 -11.1746 25960.3,1,4,2026,8,4,-201.158,25468.1,-05031.1,-111.746,25960.3
01 04 2026  08 05  -20.1159 25468.1 -05031.1 -11.1747 25960.3,1,4,2026,8,5,-201.159,25468.1,-05031.1,-111.747,25960.3
01 04 2026  08 06  -20.1160 25468.2 -05031.2 -11.1747 25960.4,1,4,2026,8,6,-201.160,25468.2,-05031.2,-111.747,25960.4
01 04 2026  08 07  -20.1163 25468.2 -05031.1 -11.1746 25960.4,1,4,2026,8,7,-201.163,25468.2,-05031.1,-111.746,25960.4
01 04 2026  08 08  -20.1164 25468.3 -05031.1 -11.1746 25960.5,1,4,2026,8,8,-201.164,25468.3,-05031.1,-111.746,25960.5
01 04 2026  08 09  -20.1165 25468.3 -05030.9 -11.1740 25960.4,1,4,2026,8,9,-201.165,25468.3,-05030.9,-111.740,25960.4
01 04 2026  08 10  -20.1166 25468.1 -05030.9 -11.1741 25960.2,1,4,2026,8,10,-201.166,25468.1,-05030.9,-111.741,25960.2
01 04 2026  08 11  -20.1167 25468.1 -05030.8 -11.1741 25960.3,1,4,2026,8,11,-201.167,25468.1,-05030.8,-111.741,25960.3
01 04 2026  08 12  -20.1168 25467.9 -05030.6 -11.1737 25960.0,1,4,2026,8,12,-201.168,25467.9,-05030.6,-111.737,25960.0
01 04 2026  08 13  -20.1169 25467.9 -05030.8 -11.1740 25960.0,1,4,2026,8,13,-201.169,25467.9,-05030.8,-111.740,25960.0
01 04 2026  08 14  -20.1170 25467.8 -05030.6 -11.1737 25959.9,1,4,2026,8,14,-201.170,25467.8,-05030.6,-111.737,25959.9
01 04 2026  08 15  -20.1170 25467.6 -05030.7 -11.1740 25959.7,1,4,2026,8,15,-201.170,25467.6,-05030.7,-111.740,25959.7
01 04 2026  08 16  -20.1170 25467.5 -05030.5 -11.1736 25959.6,1,4,2026,8,16,-201.170,25467.5,-05030.5,-111.736,25959.6
01 04 2026  08 17  -20.1170 25467.5 -05030.3 -11.1731 25959.5,1,4,2026,8,17,-201.170,25467.5,-05030.3,-111.731,25959.5
01 04 2026  08 18  -20.1171 25467.7 -05030.4 -11.1732 25959.7,1,4,2026,8,18,-201.171,25467.7,-05030.4,-111.732,25959.7
01 04 2026  08 19  -20.1173 25467.8 -05030.8 -11.1742 25959.9,1,4,2026,8,19,-201.173,25467.8,-05030.8,-111.742,25959.9
01 04 2026  08 20  -20.1174 25467.9 -05030.9 -11.1742 25960.1,1,4,2026,8,20,-201.174,25467.9,-05030.9,-111.742,25960.1
01 04 2026  08 21  -20.1174 25468.0 -05030.7 -11.1738 25960.1,1,4,2026,8,21,-201.174,25468.0,-05030.7,-111.738,25960.1
01 04 2026  08 22  -20.1174 25468.2 -05031.0 -11.1744 25960.4,1,4,2026,8,22,-201.174,25468.2,-05031.0,-111.744,25960.4
01 04 2026  08 23  -20.1174 25468.4 -05031.1 -11.1745 25960.6,1,4,2026,8,23,-201.174,25468.4,-05031.1,-111.745,25960.6
01 04 2026  08 24  -20.1175 25468.7 -05031.0 -11.1742 25960.8,1,4,2026,8,24,-201.175,25468.7,-05031.0,-111.742,25960.8
01 04 2026  08 25  -20.1174 25468.9 -05031.5 -11.1751 25961.1,1,4,2026,8,25,-201.174,25468.9,-05031.5,-111.751,25961.1
01 04 2026  08 26  -20.1173 25469.1 -05031.5 -11.1751 25961.3,1,4,2026,8,26,-201.173,25469.1,-05031.5,-111.751,25961.3
01 04 2026  08 27  -20.1172 25469.0 -05031.5 -11.1752 25961.2,1,4,2026,8,27,-201.172,25469.0,-05031.5,-111.752,25961.2
01 04 2026  08 28  -20.1168 25468.9 -05031.3 -11.1747 25961.1,1,4,2026,8,28,-201.168,25468.9,-05031.3,-111.747,25961.1
01 04 2026  08 29  -20.1166 25468.8 -05031.0 -11.1742 25960.9,1,4,2026,8,29,-201.166,25468.8,-05031.0,-111.742,25960.9
01 04 2026  08 30  -20.1165 25468.5 -05031.1 -11.1744 25960.7,1,4,2026,8,30,-201.165,25468.5,-05031.1,-111.744,25960.7
01 04 2026  08 31  -20.1166 25468.3 -05031.0 -11.1743 25960.4,1,4,2026,8,31,-201.166,25468.3,-05031.0,-111.743,25960.4
01 04 2026  08 32  -20.1168 25468.1 -05031.1 -11.1745 25960.3,1,4,2026,8,32,-201.168,25468.1,-05031.1,-111.745,25960.3
01 04 2026  08 33  -20.1170 25468.1 -05030.9 -11.1743 25960.3,1,4,2026,8,33,-201.170,25468.1,-05030.9,-111.743,25960.3
01 04 2026  08 34  -20.1171 25468.2 -05030.6 -11.1735 25960.3,1,4,2026,8,34,-201.171,25468.2,-05030.6,-111.735,25960.3
01 04 2026  08 35  -20.1171 25468.4 -05031.1 -11.1744 25960.5,1,4,2026,8,35,-201.171,25468.4,-05031.1,-111.744,25960.5
01 04 2026  08 36  -20.1170 25468.4 -05031.1 -11.1745 25960.6,1,4,2026,8,36,-201.170,25468.4,-05031.1,-111.745,25960.6
01 04 2026  08 37  -20.1171 25468.5 -05030.8 -11.1738 25960.6,1,4,2026,8,37,-201.171,25468.5,-05030.8,-111.738,25960.6
01 04 2026  08 38  -20.1170 25468.5 -05030.9 -11.1740 25960.6,1,4,2026,8,38,-201.170,25468.5,-05030.9,-111.740,25960.6
01 04 2026  08 39  -20.1169 25468.5 -05031.2 -11.1746 25960.7,1,4,2026,8,39,-201.169,25468.5,-05031.2,-111.746,25960.7
01 04 2026  08 40  -20.1167 25468.5 -05030.9 -11.1741 25960.6,1,4,2026,8,40,-201.167,25468.5,-05030.9,-111.741,25960.6
01 04 2026  08 41  -20.1163 25468.5 -05030.9 -11.1740 25960.6,1,4,2026,8,41,-201.163,25468.5,-05030.9,-111.740,25960.6
01 04 2026  08 42  -20.1162 25468.5 -05031.0 -11.1743 25960.6,1,4,2026,8,42,-201.162,25468.5,-05031.0,-111.743,25960.6
01 04 2026  08 43  -20.1161 25468.5 -05031.1 -11.1743 25960.7,1,4,2026,8,43,-201.161,25468.5,-05031.1,-111.743,25960.7
01 04 2026  08 44  -20.1160 25468.5 -05031.0 -11.1741 25960.6,1,4,2026,8,44,-201.160,25468.5,-05031.0,-111.741,25960.6
01 04 2026  08 45  -20.1160 25468.4 -05031.0 -11.1742 25960.6,1,4,2026,8,45,-201.160,25468.4,-05031.0,-111.742,25960.6
01 04 2026  08 46  -20.1162 25468.4 -05031.0 -11.1744 25960.5,1,4,2026,8,46,-201.162,25468.4,-05031.0,-111.744,25960.5
01 04 2026  08 47  -20.1164 25468.5 -05031.0 -11.1743 25960.6,1,4,2026,8,47,-201.164,25468.5,-05031.0,-111.743,25960.6
01 04 2026  08 48  -20.1164 25468.5 -05031.1 -11.1744 25960.7,1,4,2026,8,48,-201.164,25468.5,-05031.1,-111.744,25960.7
01 04 2026  08 49  -20.1169 25468.7 -05031.3 -11.1748 25960.9,1,4,2026,8,49,-201.169,25468.7,-05031.3,-111.748,25960.9
01 04 2026  08 50  -20.1170 25468.8 -05031.3 -11.1748 25961.0,1,4,2026,8,50,-201.170,25468.8,-05031.3,-111.748,25961.0
01 04 2026  08 51  -20.1171 25469.1 -05031.5 -11.1750 25961.3,1,4,2026,8,51,-201.171,25469.1,-05031.5,-111.750,25961.3
01 04 2026  08 52  -20.1171 25469.4 -05031.6 -11.1752 25961.7,1,4,2026,8,52,-201.171,25469.4,-05031.6,-111.752,25961.7
01 04 2026  08 53  -20.1169 25469.7 -05031.7 -11.1751 25961.9,1,4,2026,8,53,-201.169,25469.7,-05031.7,-111.751,25961.9
01 04 2026  08 54  -20.1167 25470.0 -05031.8 -11.1754 25962.3,1,4,2026,8,54,-201.167,25470.0,-05031.8,-111.754,25962.3
01 04 2026  08 55  -20.1165 25470.1 -05031.6 -11.1749 25962.3,1,4,2026,8,55,-201.165,25470.1,-05031.6,-111.749,25962.3
01 04 2026  08 56  -20.1162 25470.3 -05031.9 -11.1754 25962.6,1,4,2026,8,56,-201.162,25470.3,-05031.9,-111.754,25962.6
01 04 2026  08 57  -20.1162 25470.4 -05031.8 -11.1751 25962.6,1,4,2026,8,57,-201.162,25470.4,-05031.8,-111.751,25962.6
01 04 2026  08 58  -20.1161 25470.5 -05032.0 -11.1755 25962.9,1,4,2026,8,58,-201.161,25470.5,-05032.0,-111.755,25962.9
01 04 2026  08 59  -20.1163 25470.7 -05032.0 -11.1755 25963.0,1,4,2026,8,59,-201.163,25470.7,-05032.0,-111.755,25963.0
01 04 2026  09 00  -20.1163 25470.9 -05032.1 -11.1755 25963.2,1,4,2026,9,0,-201.163,25470.9,-05032.1,-111.755,25963.2
01 04 2026  09 01  -20.1162 25470.9 -05032.2 -11.1759 25963.3,1,4,2026,9,1,-201.162,25470.9,-05032.2,-111.759,25963.3
01 04 2026  09 02  -20.1160 25471.1 -05032.2 -11.1758 25963.4,1,4,2026,9,2,-201.160,25471.1,-05032.2,-111.758,25963.4
01 04 2026  09 03  -20.1161 25471.0 -05032.3 -11.1759 25963.4,1,4,2026,9,3,-201.161,25471.0,-05032.3,-111.759,25963.4
01 04 2026  09 04  -20.1159 25471.1 -05032.0 -11.1753 25963.4,1,4,2026,9,4,-201.159,25471.1,-05032.0,-111.753,25963.4
01 04 2026  09 05  -20.1160 25471.2 -05032.0 -11.1753 25963.5,1,4,2026,9,5,-201.160,25471.2,-05032.0,-111.753,25963.5
01 04 2026  09 06  -20.1159 25471.2 -05032.4 -11.1761 25963.6,1,4,2026,9,6,-201.159,25471.2,-05032.4,-111.761,25963.6
01 04 2026  09 07  -20.1158 25471.2 -05032.4 -11.1761 25963.6,1,4,2026,9,7,-201.158,25471.2,-05032.4,-111.761,25963.6
01 04 2026  09 08  -20.1157 25471.2 -05032.4 -11.1761 25963.6,1,4,2026,9,8,-201.157,25471.2,-05032.4,-111.761,25963.6
01 04 2026  09 09  -20.1157 25471.3 -05032.2 -11.1757 25963.6,1,4,2026,9,9,-201.157,25471.3,-05032.2,-111.757,25963.6
01 04 2026  09 10  -20.1156 25471.2 -05032.5 -11.1762 25963.6,1,4,2026,9,10,-201.156,25471.2,-05032.5,-111.762,25963.6
01 04 2026  09 11  -20.1156 25471.4 -05032.6 -11.1766 25963.8,1,4,2026,9,11,-201.156,25471.4,-05032.6,-111.766,25963.8
01 04 2026  09 12  -20.1153 25471.4 -05032.7 -11.1766 25963.8,1,4,2026,9,12,-201.153,25471.4,-05032.7,-111.766,25963.8
01 04 2026  09 13  -20.1149 25471.3 -05032.7 -11.1766 25963.7,1,4,2026,9,13,-201.149,25471.3,-05032.7,-111.766,25963.7
01 04 2026  09 14  -20.1147 25471.4 -05032.6 -11.1765 25963.8,1,4,2026,9,14,-201.147,25471.4,-05032.6,-111.765,25963.8
01 04 2026  09 15  -20.1146 25471.4 -05032.8 -11.1768 25963.8,1,4,2026,9,15,-201.146,25471.4,-05032.8,-111.768,25963.8
01 04 2026  09 16  -20.1144 25471.4 -05032.8 -11.1768 25963.9,1,4,2026,9,16,-201.144,25471.4,-05032.8,-111.768,25963.9
01 04 2026  09 17  -20.1144 25471.5 -05033.1 -11.1775 25964.0,1,4,2026,9,17,-201.144,25471.5,-05033.1,-111.775,25964.0
01 04 2026  09 18  -20.1144 25471.5 -05033.1 -11.1775 25964.0,1,4,2026,9,18,-201.144,25471.5,-05033.1,-111.775,25964.0
01 04 2026  09 19  -20.1146 25471.6 -05033.3 -11.1778 25964.1,1,4,2026,9,19,-201.146,25471.6,-05033.3,-111.778,25964.1
01 04 2026  09 20  -20.1145 25471.6 -05033.2 -11.1778 25964.1,1,4,2026,9,20,-201.145,25471.6,-05033.2,-111.778,25964.1
01 04 2026  09 21  -20.1146 25471.6 -05033.4 -11.1782 25964.2,1,4,2026,9,21,-201.146,25471.6,-05033.4,-111.782,25964.2
01 04 2026  09 22  -20.1146 25471.7 -05033.5 -11.1783 25964.2,1,4,2026,9,22,-201.146,25471.7,-05033.5,-111.783,25964.2
01 04 2026  09 23  -20.1147 25471.7 -05033.8 -11.1789 25964.3,1,4,2026,9,23,-201.147,25471.7,-05033.8,-111.789,25964.3
01 04 2026  09 24  -20.1149 25471.8 -05033.9 -11.1791 25964.4,1,4,2026,9,24,-201.149,25471.8,-05033.9,-111.791,25964.4
01 04 2026  09 25  -20.1149 25471.8 -05034.0 -11.1793 25964.5,1,4,2026,9,25,-201.149,25471.8,-05034.0,-111.793,25964.5
01 04 2026  09 26  -20.1149 25471.8 -05034.1 -11.1796 25964.5,1,4,2026,9,26,-201.149,25471.8,-05034.1,-111.796,25964.5
01 04 2026  09 27  -20.1150 25471.9 -05034.3 -11.1798 25964.6,1,4,2026,9,27,-201.150,25471.9,-05034.3,-111.798,25964.6
01 04 2026  09 28  -20.1151 25472.1 -05034.5 -11.1803 25964.9,1,4,2026,9,28,-201.151,25472.1,-05034.5,-111.803,25964.9
01 04 2026  09 29  -20.1151 25472.3 -05034.7 -11.1805 25965.1,1,4,2026,9,29,-201.151,25472.3,-05034.7,-111.805,25965.1
01 04 2026  09 30  -20.1151 25472.5 -05034.8 -11.1808 25965.4,1,4,2026,9,30,-201.151,25472.5,-05034.8,-111.808,25965.4
01 04 2026  09 31  -20.1152 25472.8 -05035.0 -11.1811 25965.6,1,4,2026,9,31,-201.152,25472.8,-05035.0,-111.811,25965.6
01 04 2026  09 32  -20.1152 25473.0 -05035.2 -11.1815 25965.9,1,4,2026,9,32,-201.152,25473.0,-05035.2,-111.815,25965.9
01 04 2026  09 33  -20.1153 25473.2 -05035.4 -11.1818 25966.1,1,4,2026,9,33,-201.153,25473.2,-05035.4,-111.818,25966.1
01 04 2026  09 34  -20.1154 25473.3 -05035.6 -11.1821 25966.3,1,4,2026,9,34,-201.154,25473.3,-05035.6,-111.821,25966.3
01 04 2026  09 35  -20.1155 25473.5 -05035.8 -11.1824 25966.5,1,4,2026,9,35,-201.155,25473.5,-05035.8,-111.824,25966.5
01 04 2026  09 36  -20.1158 25473.6 -05035.8 -11.1825 25966.6,1,4,2026,9,36,-201.158,25473.6,-05035.8,-111.825,25966.6
01 04 2026  09 37  -20.1160 25473.7 -05036.0 -11.1828 25966.7,1,4,2026,9,37,-201.160,25473.7,-05036.0,-111.828,25966.7
01 04 2026  09 38  -20.1161 25473.8 -05036.1 -11.1830 25966.9,1,4,2026,9,38,-201.161,25473.8,-05036.1,-111.830,25966.9
01 04 2026  09 39  -20.1162 25474.0 -05036.2 -11.1832 25967.1,1,4,2026,9,39,-201.162,25474.0,-05036.2,-111.832,25967.1
01 04 2026  09 40  -20.1162 25474.1 -05036.3 -11.1833 25967.2,1,4,2026,9,40,-201.162,25474.1,-05036.3,-111.833,25967.2
01 04 2026  09 41  -20.1161 25474.2 -05036.3 -11.1832 25967.2,1,4,2026,9,41,-201.161,25474.2,-05036.3,-111.832,25967.2
01 04 2026  09 42  -20.1162 25474.0 -05036.3 -11.1833 25967.1,1,4,2026,9,42,-201.162,25474.0,-05036.3,-111.833,25967.1
01 04 2026  09 43  -20.1163 25474.1 -05036.4 -11.1836 25967.2,1,4,2026,9,43,-201.163,25474.1,-05036.4,-111.836,25967.2
01 04 2026  09 44  -20.1165 25474.2 -05036.5 -11.1837 25967.3,1,4,2026,9,44,-201.165,25474.2,-05036.5,-111.837,25967.3
01 04 2026  09 45  -20.1168 25474.4 -05036.3 -11.1832 25967.4,1,4,2026,9,45,-201.168,25474.4,-05036.3,-111.832,25967.4
01 04 2026  09 46  -20.1170 25474.5 -05036.7 -11.1841 25967.6,1,4,2026,9,46,-201.170,25474.5,-05036.7,-111.841,25967.6
01 04 2026  09 47  -20.1173 25474.6 -05037.0 -11.1846 25967.9,1,4,2026,9,47,-201.173,25474.6,-05037.0,-111.846,25967.9
01 04 2026  09 48  -20.1180 25474.9 -05037.2 -11.1850 25968.2,1,4,2026,9,48,-201.180,25474.9,-05037.2,-111.850,25968.2
01 04 2026  09 49  -20.1184 25475.3 -05037.5 -11.1853 25968.6,1,4,2026,9,49,-201.184,25475.3,-05037.5,-111.853,25968.6
01 04 2026  09 50  -20.1184 25475.5 -05037.4 -11.1851 25968.8,1,4,2026,9,50,-201.184,25475.5,-05037.4,-111.851,25968.8
01 04 2026  09 51  -20.1185 25475.8 -05037.5 -11.1852 25969.0,1,4,2026,9,51,-201.185,25475.8,-05037.5,-111.852,25969.0
01 04 2026  09 52  -20.1188 25476.1 -05037.7 -11.1854 25969.4,1,4,2026,9,52,-201.188,25476.1,-05037.7,-111.854,25969.4
01 04 2026  09 53  -20.1191 25476.2 -05037.7 -11.1855 25969.5,1,4,2026,9,53,-201.191,25476.2,-05037.7,-111.855,25969.5
01 04 2026  09 54  -20.1195 25476.5 -05037.8 -11.1855 25969.8,1,4,2026,9,54,-201.195,25476.5,-05037.8,-111.855,25969.8
01 04 2026  09 55  -20.1197 25476.6 -05037.8 -11.1855 25969.9,1,4,2026,9,55,-201.197,25476.6,-05037.8,-111.855,25969.9
01 04 2026  09 56  -20.1200 25476.9 -05037.8 -11.1854 25970.2,1,4,2026,9,56,-201.200,25476.9,-05037.8,-111.854,25970.2
01 04 2026  09 57  -20.1207 25477.2 -05038.0 -11.1857 25970.5,1,4,2026,9,57,-201.207,25477.2,-05038.0,-111.857,25970.5
01 04 2026  09 58  -20.1208 25477.5 -05038.2 -11.1859 25970.9,1,4,2026,9,58,-201.208,25477.5,-05038.2,-111.859,25970.9
01 04 2026  09 59  -20.1210 25477.7 -05038.3 -11.1860 25971.1,1,4,2026,9,59,-201.210,25477.7,-05038.3,-111.860,25971.1
01 04 2026  10 00  -20.1211 25478.0 -05038.4 -11.1861 25971.4,1,4,2026,10,0,-201.211,25478.0,-05038.4,-111.861,25971.4
01 04 2026  10 01  -20.1214 25477.9 -05038.3 -11.1861 25971.3,1,4,2026,10,1,-201.214,25477.9,-05038.3,-111.861,25971.3
01 04 2026  10 02  -20.1214 25478.4 -05038.3 -11.1857 25971.8,1,4,2026,10,2,-201.214,25478.4,-05038.3,-111.857,25971.8
01 04 2026  10 03  -20.1217 25478.3 -05038.5 -11.1862 25971.7,1,4,2026,10,3,-201.217,25478.3,-05038.5,-111.862,25971.7
01 04 2026  10 04  -20.1221 25478.6 -05038.7 -11.1865 25972.0,1,4,2026,10,4,-201.221,25478.6,-05038.7,-111.865,25972.0
01 04 2026  10 05  -20.1225 25478.8 -05038.7 -11.1866 25972.2,1,4,2026,10,5,-201.225,25478.8,-05038.7,-111.866,25972.2
01 04 2026  10 06  -20.1226 25479.0 -05038.8 -11.1866 25972.4,1,4,2026,10,6,-201.226,25479.0,-05038.8,-111.866,25972.4
01 04 2026  10 07  -20.1229 25479.0 -05038.8 -11.1867 25972.5,1,4,2026,10,7,-201.229,25479.0,-05038.8,-111.867,25972.5
01 04 2026  10 08  -20.1231 25479.2 -05038.9 -11.1866 25972.7,1,4,2026,10,8,-201.231,25479.2,-05038.9,-111.866,25972.7
01 04 2026  10 09  -20.1233 25479.3 -05038.9 -11.1866 25972.7,1,4,2026,10,9,-201.233,25479.3,-05038.9,-111.866,25972.7
01 04 2026  10 10  -20.1231 25479.1 -05038.8 -11.1866 25972.6,1,4,2026,10,10,-201.231,25479.1,-05038.8,-111.866,25972.6
01 04 2026  10 11  -20.1232 25479.1 -05038.8 -11.1865 25972.5,1,4,2026,10,11,-201.232,25479.1,-05038.8,-111.865,25972.5
01 04 2026  10 12  -20.1236 25479.2 -05038.9 -11.1866 25972.7,1,4,2026,10,12,-201.236,25479.2,-05038.9,-111.866,25972.7
01 04 2026  10 13  -20.1238 25479.4 -05039.0 -11.1869 25972.9,1,4,2026,10,13,-201.238,25479.4,-05039.0,-111.869,25972.9
01 04 2026  10 14  -20.1240 25479.7 -05039.2 -11.1871 25973.2,1,4,2026,10,14,-201.240,25479.7,-05039.2,-111.871,25973.2
01 04 2026  10 15  -20.1242 25479.8 -05039.3 -11.1874 25973.4,1,4,2026,10,15,-201.242,25479.8,-05039.3,-111.874,25973.4
01 04 2026  10 16  -20.1240 25480.1 -05039.3 -11.1871 25973.7,1,4,2026,10,16,-201.240,25480.1,-05039.3,-111.871,25973.7
01 04 2026  10 17  -20.1241 25480.2 -05039.3 -11.1873 25973.7,1,4,2026,10,17,-201.241,25480.2,-05039.3,-111.873,25973.7
01 04 2026  10 18  -20.1243 25480.5 -05039.3 -11.1872 25974.0,1,4,2026,10,18,-201.243,25480.5,-05039.3,-111.872,25974.0
01 04 2026  10 19  -20.1247 25480.6 -05039.6 -11.1877 25974.2,1,4,2026,10,19,-201.247,25480.6,-05039.6,-111.877,25974.2
01 04 2026  10 20  -20.1252 25480.7 -05039.8 -11.1879 25974.4,1,4,2026,10,20,-201.252,25480.7,-05039.8,-111.879,25974.4
01 04 2026  10 21  -20.1259 25481.0 -05039.9 -11.1882 25974.6,1,4,2026,10,21,-201.259,25481.0,-05039.9,-111.882,25974.6
01 04 2026  10 22  -20.1264 25481.2 -05039.9 -11.1881 25974.8,1,4,2026,10,22,-201.264,25481.2,-05039.9,-111.881,25974.8
01 04 2026  10 23  -20.1269 25481.4 -05040.0 -11.1882 25975.0,1,4,2026,10,23,-201.269,25481.4,-05040.0,-111.882,25975.0
01 04 2026  10 24  -20.1270 25481.6 -05040.0 -11.1881 25975.3,1,4,2026,10,24,-201.270,25481.6,-05040.0,-111.881,25975.3
01 04 2026  10 25  -20.1276 25481.8 -05040.1 -11.1882 25975.4,1,4,2026,10,25,-201.276,25481.8,-05040.1,-111.882,25975.4
01 04 2026  10 26  -20.1281 25482.0 -05040.1 -11.1881 25975.6,1,4,2026,10,26,-201.281,25482.0,-05040.1,-111.881,25975.6
01 04 2026  10 27  -20.1285 25482.3 -05040.1 -11.1880 25975.9,1,4,2026,10,27,-201.285,25482.3,-05040.1,-111.880,25975.9
01 04 2026  10 28  -20.1287 25482.5 -05040.1 -11.1879 25976.1,1,4,2026,10,28,-201.287,25482.5,-05040.1,-111.879,25976.1
01 04 2026  10 29  -20.1289 25482.6 -05040.1 -11.1878 25976.3,1,4,2026,10,29,-201.289,25482.6,-05040.1,-111.878,25976.3
01 04 2026  10 30  -20.1291 25482.8 -05040.0 -11.1877 25976.4,1,4,2026,10,30,-201.291,25482.8,-05040.0,-111.877,25976.4
01 04 2026  10 31  -20.1295 25482.9 -05040.0 -11.1876 25976.5,1,4,2026,10,31,-201.295,25482.9,-05040.0,-111.876,25976.5
01 04 2026  10 32  -20.1298 25483.1 -05040.1 -11.1876 25976.7,1,4,2026,10,32,-201.298,25483.1,-05040.1,-111.876,25976.7
01 04 2026  10 33  -20.1302 25483.3 -05040.1 -11.1876 25976.9,1,4,2026,10,33,-201.302,25483.3,-05040.1,-111.876,25976.9
01 04 2026  10 34  -20.1303 25483.4 -05040.1 -11.1874 25977.0,1,4,2026,10,34,-201.303,25483.4,-05040.1,-111.874,25977.0
01 04 2026  10 35  -20.1303 25483.3 -05039.9 -11.1872 25976.9,1,4,2026,10,35,-201.303,25483.3,-05039.9,-111.872,25976.9
01 04 2026  10 36  -20.1304 25483.3 -05039.8 -11.1869 25976.9,1,4,2026,10,36,-201.304,25483.3,-05039.8,-111.869,25976.9
01 04 2026  10 37  -20.1310 25483.3 -05039.7 -11.1867 25976.8,1,4,2026,10,37,-201.310,25483.3,-05039.7,-111.867,25976.8
01 04 2026  10 38  -20.1315 25483.4 -05039.7 -11.1866 25976.9,1,4,2026,10,38,-201.315,25483.4,-05039.7,-111.866,25976.9
01 04 2026  10 39  -20.1323 25483.6 -05039.7 -11.1866 25977.2,1,4,2026,10,39,-201.323,25483.6,-05039.7,-111.866,25977.2
01 04 2026  10 40  -20.1325 25483.7 -05039.6 -11.1863 25977.3,1,4,2026,10,40,-201.325,25483.7,-05039.6,-111.863,25977.3
01 04 2026  10 41  -20.1326 25483.8 -05039.5 -11.1861 25977.3,1,4,2026,10,41,-201.326,25483.8,-05039.5,-111.861,25977.3
01 04 2026  10 42  -20.1327 25484.2 -05039.5 -11.1859 25977.7,1,4,2026,10,42,-201.327,25484.2,-05039.5,-111.859,25977.7
01 04 2026  10 43  -20.1331 25484.8 -05039.8 -11.1862 25978.3,1,4,2026,10,43,-201.331,25484.8,-05039.8,-111.862,25978.3
01 04 2026  10 44  -20.1333 25485.3 -05040.0 -11.1865 25978.9,1,4,2026,10,44,-201.333,25485.3,-05040.0,-111.865,25978.9
01 04 2026  10 45  -20.1340 25485.9 -05040.3 -11.1868 25979.6,1,4,2026,10,45,-201.340,25485.9,-05040.3,-111.868,25979.6
01 04 2026  10 46  -20.1347 25486.7 -05040.6 -11.1873 25980.4,1,4,2026,10,46,-201.347,25486.7,-05040.6,-111.873,25980.4
01 04 2026  10 47  -20.1349 25487.3 -05040.8 -11.1873 25981.0,1,4,2026,10,47,-201.349,25487.3,-05040.8,-111.873,25981.0
01 04 2026  10 48  -20.1347 25487.9 -05040.8 -11.1871 25981.5,1,4,2026,10,48,-201.347,25487.9,-05040.8,-111.871,25981.5
01 04 2026  10 49  -20.1343 25488.4 -05040.7 -11.1868 25982.0,1,4,2026,10,49,-201.343,25488.4,-05040.7,-111.868,25982.0
01 04 2026  10 50  -20.1334 25488.8 -05040.6 -11.1862 25982.5,1,4,2026,10,50,-201.334,25488.8,-05040.6,-111.862,25982.5
01 04 2026  10 51  -20.1326 25489.1 -05040.4 -11.1857 25982.7,1,4,2026,10,51,-201.326,25489.1,-05040.4,-111.857,25982.7
01 04 2026  10 52  -20.1326 25489.4 -05040.2 -11.1853 25983.0,1,4,2026,10,52,-201.326,25489.4,-05040.2,-111.853,25983.0
01 04 2026  10 53  -20.1327 25489.7 -05040.1 -11.1849 25983.2,1,4,2026,10,53,-201.327,25489.7,-05040.1,-111.849,25983.2
01 04 2026  10 54  -20.1329 25490.1 -05040.1 -11.1848 25983.6,1,4,2026,10,54,-201.329,25490.1,-05040.1,-111.848,25983.6
01 04 2026  10 55  -20.1332 25490.6 -05040.2 -11.1846 25984.1,1,4,2026,10,55,-201.332,25490.6,-05040.2,-111.846,25984.1
01 04 2026  10 56  -20.1336 25491.1 -05040.2 -11.1844 25984.6,1,4,2026,10,56,-201.336,25491.1,-05040.2,-111.844,25984.6
01 04 2026  10 57  -20.1340 25491.6 -05040.2 -11.1842 25985.1,1,4,2026,10,57,-201.340,25491.6,-05040.2,-111.842,25985.1
01 04 2026  10 58  -20.1343 25492.1 -05040.2 -11.1841 25985.6,1,4,2026,10,58,-201.343,25492.1,-05040.2,-111.841,25985.6
01 04 2026  10 59  -20.1344 25492.5 -05040.1 -11.1837 25986.0,1,4,2026,10,59,-201.344,25492.5,-05040.1,-111.837,25986.0
01 04 2026  11 00  -20.1344 25493.3 -05040.2 -11.1835 25986.7,1,4,2026,11,0,-201.344,25493.3,-05040.2,-111.835,25986.7
01 04 2026  11 01  -20.1347 25493.7 -05040.3 -11.1835 25987.2,1,4,2026,11,1,-201.347,25493.7,-05040.3,-111.835,25987.2
01 04 2026  11 02  -20.1347 25494.3 -05040.2 -11.1831 25987.7,1,4,2026,11,2,-201.347,25494.3,-05040.2,-111.831,25987.7
01 04 2026  11 03  -20.1348 25494.7 -05040.1 -11.1827 25988.1,1,4,2026,11,3,-201.348,25494.7,-05040.1,-111.827,25988.1
01 04 2026  11 04  -20.1347 25495.1 -05040.0 -11.1824 25988.5,1,4,2026,11,4,-201.347,25495.1,-05040.0,-111.824,25988.5
01 04 2026  11 05  -20.1347 25495.9 -05040.0 -11.1821 25989.2,1,4,2026,11,5,-201.347,25495.9,-05040.0,-111.821,25989.2
01 04 2026  11 06  -20.1347 25496.5 -05040.1 -11.1820 25989.9,1,4,2026,11,6,-201.347,25496.5,-05040.1,-111.820,25989.9
01 04 2026  11 07  -20.1344 25497.1 -05040.1 -11.1817 25990.4,1,4,2026,11,7,-201.344,25497.1,-05040.1,-111.817,25990.4
01 04 2026  11 08  -20.1343 25497.5 -05040.1 -11.1816 25990.9,1,4,2026,11,8,-201.343,25497.5,-05040.1,-111.816,25990.9
01 04 2026  11 09  -20.1345 25498.1 -05040.2 -11.1815 25991.5,1,4,2026,11,9,-201.345,25498.1,-05040.2,-111.815,25991.5
01 04 2026  11 10  -20.1347 25498.5 -05040.2 -11.1813 25991.9,1,4,2026,11,10,-201.347,25498.5,-05040.2,-111.813,25991.9
01 04 2026  11 11  -20.1351 25498.9 -05040.1 -11.1809 25992.3,1,4,2026,11,11,-201.351,25498.9,-05040.1,-111.809,25992.3
01 04 2026  11 12  -20.1354 25498.9 -05039.8 -11.1803 25992.2,1,4,2026,11,12,-201.354,25498.9,-05039.8,-111.803,25992.2
01 04 2026  11 13  -20.1359 25498.7 -05039.4 -11.1795 25992.0,1,4,2026,11,13,-201.359,25498.7,-05039.4,-111.795,25992.0
01 04 2026  11 14  -20.1363 25498.8 -05039.1 -11.1789 25992.0,1,4,2026,11,14,-201.363,25498.8,-05039.1,-111.789,25992.0
01 04 2026  11 15  -20.1364 25499.0 -05039.1 -11.1786 25992.1,1,4,2026,11,15,-201.364,25499.0,-05039.1,-111.786,25992.1
01 04 2026  11 16  -20.1366 25499.0 -05038.8 -11.1781 25992.1,1,4,2026,11,16,-201.366,25499.0,-05038.8,-111.781,25992.1
01 04 2026  11 17  -20.1369 25499.2 -05038.7 -11.1778 25992.2,1,4,2026,11,17,-201.369,25499.2,-05038.7,-111.778,25992.2
01 04 2026  11 18  -20.1374 25499.3 -05038.6 -11.1775 25992.4,1,4,2026,11,18,-201.374,25499.3,-05038.6,-111.775,25992.4
01 04 2026  11 19  -20.1378 25499.7 -05038.6 -11.1773 25992.8,1,4,2026,11,19,-201.378,25499.7,-05038.6,-111.773,25992.8
01 04 2026  11 20  -20.1382 25499.9 -05038.6 -11.1771 25993.0,1,4,2026,11,20,-201.382,25499.9,-05038.6,-111.771,25993.0
01 04 2026  11 21  -20.1388 25500.3 -05038.6 -11.1771 25993.3,1,4,2026,11,21,-201.388,25500.3,-05038.6,-111.771,25993.3
01 04 2026  11 22  -20.1387 25501.0 -05038.8 -11.1771 25994.1,1,4,2026,11,22,-201.387,25501.0,-05038.8,-111.771,25994.1
01 04 2026  11 23  -20.1384 25501.8 -05039.0 -11.1772 25994.9,1,4,2026,11,23,-201.384,25501.8,-05039.0,-111.772,25994.9
01 04 2026  11 24  -20.1385 25502.5 -05039.2 -11.1774 25995.6,1,4,2026,11,24,-201.385,25502.5,-05039.2,-111.774,25995.6
01 04 2026  11 25  -20.1378 25503.6 -05039.6 -11.1778 25996.8,1,4,2026,11,25,-201.378,25503.6,-05039.6,-111.778,25996.8
01 04 2026  11 26  -20.1374 25504.1 -05039.7 -11.1778 25997.3,1,4,2026,11,26,-201.374,25504.1,-05039.7,-111.778,25997.3
01 04 2026  11 27  -20.1372 25504.5 -05039.6 -11.1775 25997.6,1,4,2026,11,27,-201.372,25504.5,-05039.6,-111.775,25997.6
01 04 2026  11 28  -20.1371 25505.0 -05039.7 -11.1774 25998.1,1,4,2026,11,28,-201.371,25505.0,-05039.7,-111.774,25998.1
01 04 2026  11 29  -20.1373 25505.1 -05039.5 -11.1770 25998.2,1,4,2026,11,29,-201.373,25505.1,-05039.5,-111.770,25998.2
01 04 2026  11 30  -20.1380 25505.1 -05039.3 -11.1766 25998.1,1,4,2026,11,30,-201.380,25505.1,-05039.3,-111.766,25998.1
01 04 2026  11 31  -20.1386 25505.4 -05039.2 -11.1762 25998.5,1,4,2026,11,31,-201.386,25505.4,-05039.2,-111.762,25998.5
01 04 2026  11 32  -20.1391 25506.3 -05039.3 -11.1761 25999.3,1,4,2026,11,32,-201.391,25506.3,-05039.3,-111.761,25999.3
01 04 2026  11 33  -20.1392 25507.0 -05039.4 -11.1759 26000.1,1,4,2026,11,33,-201.392,25507.0,-05039.4,-111.759,26000.1
01 04 2026  11 34  -20.1396 25507.4 -05039.4 -11.1758 26000.4,1,4,2026,11,34,-201.396,25507.4,-05039.4,-111.758,26000.4
01 04 2026  11 35  -20.1399 25507.8 -05039.4 -11.1755 26000.8,1,4,2026,11,35,-201.399,25507.8,-05039.4,-111.755,26000.8
01 04 2026  11 36  -20.1398 25508.3 -05039.2 -11.1749 26001.3,1,4,2026,11,36,-201.398,25508.3,-05039.2,-111.749,26001.3
01 04 2026  11 37  -20.1395 25508.4 -05038.8 -11.1740 26001.3,1,4,2026,11,37,-201.395,25508.4,-05038.8,-111.740,26001.3
01 04 2026  11 38  -20.1392 25509.0 -05038.9 -11.1740 26001.9,1,4,2026,11,38,-201.392,25509.0,-05038.9,-111.740,26001.9
01 04 2026  11 39  -20.1388 25509.7 -05038.9 -11.1738 26002.6,1,4,2026,11,39,-201.388,25509.7,-05038.9,-111.738,26002.6
01 04 2026  11 40  -20.1391 25510.2 -05039.0 -11.1738 26003.1,1,4,2026,11,40,-201.391,25510.2,-05039.0,-111.738,26003.1
01 04 2026  11 41  -20.1395 25510.5 -05039.0 -11.1736 26003.5,1,4,2026,11,41,-201.395,25510.5,-05039.0,-111.736,26003.5
01 04 2026  11 42  -20.1395 25511.0 -05038.9 -11.1731 26003.8,1,4,2026,11,42,-201.395,25511.0,-05038.9,-111.731,26003.8
01 04 2026  11 43  -20.1395 25511.7 -05038.9 -11.1729 26004.6,1,4,2026,11,43,-201.395,25511.7,-05038.9,-111.729,26004.6
01 04 2026  11 44  -20.1400 25512.5 -05039.1 -11.1730 26005.4,1,4,2026,11,44,-201.400,25512.5,-05039.1,-111.730,26005.4
01 04 2026  11 45  -20.1399 25513.5 -05039.3 -11.1729 26006.4,1,4,2026,11,45,-201.399,25513.5,-05039.3,-111.729,26006.4
01 04 2026  11 46  -20.1400 25513.4 -05038.9 -11.1722 26006.2,1,4,2026,11,46,-201.400,25513.4,-05038.9,-111.722,26006.2
01 04 2026  11 47  -20.1400 25514.0 -05038.8 -11.1716 26006.8,1,4,2026,11,47,-201.400,25514.0,-05038.8,-111.716,26006.8
01 04 2026  11 48  -20.1400 25514.6 -05038.9 -11.1715 26007.4,1,4,2026,11,48,-201.400,25514.6,-05038.9,-111.715,26007.4
01 04 2026  11 49  -20.1399 25514.9 -05038.7 -11.1710 26007.7,1,4,2026,11,49,-201.399,25514.9,-05038.7,-111.710,26007.7
01 04 2026  11 50  -20.1402 25515.1 -05038.5 -11.1705 26007.8,1,4,2026,11,50,-201.402,25515.1,-05038.5,-111.705,26007.8
01 04 2026  11 51  -20.1405 25515.0 -05038.0 -11.1695 26007.6,1,4,2026,11,51,-201.405,25515.0,-05038.0,-111.695,26007.6
01 04 2026  11 52  -20.1408 25515.1 -05037.8 -11.1691 26007.7,1,4,2026,11,52,-201.408,25515.1,-05037.8,-111.691,26007.7
01 04 2026  11 53  -20.1391 25515.4 -05037.6 -11.1684 26008.0,1,4,2026,11,53,-201.391,25515.4,-05037.6,-111.684,26008.0
01 04 2026  11 54  -20.1378 25515.9 -05037.5 -11.1680 26008.4,1,4,2026,11,54,-201.378,25515.9,-05037.5,-111.680,26008.4
01 04 2026  11 55  -20.1379 25516.6 -05037.6 -11.1681 26009.1,1,4,2026,11,55,-201.379,25516.6,-05037.6,-111.681,26009.1
01 04 2026  11 56  -20.1381 25517.4 -05037.8 -11.1681 26009.9,1,4,2026,11,56,-201.381,25517.4,-05037.8,-111.681,26009.9
01 04 2026  11 57  -20.1381 25518.3 -05038.0 -11.1681 26010.8,1,4,2026,11,57,-201.381,25518.3,-05038.0,-111.681,26010.8
01 04 2026  11 58  -20.1384 25519.0 -05038.2 -11.1682 26011.5,1,4,2026,11,58,-201.384,25519.0,-05038.2,-111.682,26011.5
01 04 2026  11 59  -20.1391 25519.4 -05038.1 -11.1679 26011.9,1,4,2026,11,59,-201.391,25519.4,-05038.1,-111.679,26011.9
01 04 2026  12 00  -20.1397 25519.7 -05038.0 -11.1675 26012.3,1,4,2026,12,0,-201.397,25519.7,-05038.0,-111.675,26012.3
01 04 2026  12 01  -20.1398 25520.2 -05037.8 -11.1668 26012.6,1,4,2026,12,1,-201.398,25520.2,-05037.8,-111.668,26012.6
01 04 2026  12 02  -20.1372 25522.9 -05038.2 -11.1665 26015.4,1,4,2026,12,2,-201.372,25522.9,-05038.2,-111.665,26015.4
01 04 2026  12 03  -20.1301 25528.5 -05041.0 -11.1703 26021.5,1,4,2026,12,3,-201.301,25528.5,-05041.0,-111.703,26021.5
01 04 2026  12 04  -20.1250 25532.4 -05043.5 -11.1739 26025.8,1,4,2026,12,4,-201.250,25532.4,-05043.5,-111.739,26025.8
01 04 2026  12 05  -20.1207 25539.8 -05047.5 -11.1793 26033.7,1,4,2026,12,5,-201.207,25539.8,-05047.5,-111.793,26033.7
01 04 2026  12 06  -20.1176 25548.1 -05052.2 -11.1860 26042.8,1,4,2026,12,6,-201.176,25548.1,-05052.2,-111.860,26042.8
01 04 2026  12 07  -20.1182 25551.4 -05054.1 -11.1887 26046.5,1,4,2026,12,7,-201.182,25551.4,-05054.1,-111.887,26046.5
01 04 2026  12 08  -20.1208 25552.1 -05053.7 -11.1876 26047.1,1,4,2026,12,8,-201.208,25552.1,-05053.7,-111.876,26047.1
01 04 2026  12 09  -20.1227 25552.0 -05052.3 -11.1847 26046.8,1,4,2026,12,9,-201.227,25552.0,-05052.3,-111.847,26046.8
01 04 2026  12 10  -20.1241 25552.1 -05051.2 -11.1822 26046.6,1,4,2026,12,10,-201.241,25552.1,-05051.2,-111.822,26046.6
01 04 2026  12 11  -20.1251 25552.5 -05050.2 -11.1797 26046.8,1,4,2026,12,11,-201.251,25552.5,-05050.2,-111.797,26046.8
01 04 2026  12 12  -20.1256 25553.4 -05049.5 -11.1779 26047.5,1,4,2026,12,12,-201.256,25553.4,-05049.5,-111.779,26047.5
01 04 2026  12 13  -20.1261 25553.6 -05048.6 -11.1760 26047.5,1,4,2026,12,13,-201.261,25553.6,-05048.6,-111.760,26047.5
01 04 2026  12 14  -20.1264 25554.0 -05047.9 -11.1742 26047.8,1,4,2026,12,14,-201.264,25554.0,-05047.9,-111.742,26047.8
01 04 2026  12 15  -20.1259 25554.7 -05047.1 -11.1723 26048.3,1,4,2026,12,15,-201.259,25554.7,-05047.1,-111.723,26048.3
01 04 2026  12 16  -20.1258 25555.5 -05046.7 -11.1711 26049.1,1,4,2026,12,16,-201.258,25555.5,-05046.7,-111.711,26049.1
01 04 2026  12 17  -20.1262 25556.5 -05046.6 -11.1704 26050.1,1,4,2026,12,17,-201.262,25556.5,-05046.6,-111.704,26050.1
01 04 2026  12 18  -20.1270 25556.7 -05045.9 -11.1688 26050.1,1,4,2026,12,18,-201.270,25556.7,-05045.9,-111.688,26050.1
01 04 2026  12 19  -20.1282 25557.1 -05045.4 -11.1676 26050.3,1,4,2026,12,19,-201.282,25557.1,-05045.4,-111.676,26050.3
01 04 2026  12 20  -20.1291 25557.2 -05044.8 -11.1662 26050.4,1,4,2026,12,20,-201.291,25557.2,-05044.8,-111.662,26050.4
01 04 2026  12 21  -20.1294 25556.9 -05044.0 -11.1645 26049.9,1,4,2026,12,21,-201.294,25556.9,-05044.0,-111.645,26049.9
01 04 2026  12 22  -20.1317 25557.3 -05044.0 -11.1644 26050.3,1,4,2026,12,22,-201.317,25557.3,-05044.0,-111.644,26050.3
01 04 2026  12 23  -20.1331 25557.7 -05043.6 -11.1635 26050.6,1,4,2026,12,23,-201.331,25557.7,-05043.6,-111.635,26050.6
01 04 2026  12 24  -20.1325 25559.2 -05044.0 -11.1637 26052.1,1,4,2026,12,24,-201.325,25559.2,-05044.0,-111.637,26052.1
01 04 2026  12 25  -20.1326 25559.8 -05044.1 -11.1636 26052.8,1,4,2026,12,25,-201.326,25559.8,-05044.1,-111.636,26052.8
01 04 2026  12 26  -20.1320 25559.4 -05043.4 -11.1622 26052.2,1,4,2026,12,26,-201.320,25559.4,-05043.4,-111.622,26052.2
01 04 2026  12 27  -20.1320 25559.1 -05042.6 -11.1607 26051.8,1,4,2026,12,27,-201.320,25559.1,-05042.6,-111.607,26051.8
01 04 2026  12 28  -20.1321 25558.9 -05041.9 -11.1592 26051.4,1,4,2026,12,28,-201.321,25558.9,-05041.9,-111.592,26051.4
01 04 2026  12 29  -20.1331 25558.8 -05041.3 -11.1579 26051.3,1,4,2026,12,29,-201.331,25558.8,-05041.3,-111.579,26051.3
01 04 2026  12 30  -20.1344 25558.7 -05040.7 -11.1567 26051.0,1,4,2026,12,30,-201.344,25558.7,-05040.7,-111.567,26051.0
01 04 2026  12 31  -20.1345 25558.4 -05039.8 -11.1549 26050.5,1,4,2026,12,31,-201.345,25558.4,-05039.8,-111.549,26050.5
01 04 2026  12 32  -20.1353 25557.8 -05039.1 -11.1536 26049.8,1,4,2026,12,32,-201.353,25557.8,-05039.1,-111.536,26049.8
01 04 2026  12 33  -20.1360 25557.6 -05038.5 -11.1525 26049.6,1,4,2026,12,33,-201.360,25557.6,-05038.5,-111.525,26049.6
01 04 2026  12 34  -20.1362 25557.3 -05037.9 -11.1512 26049.1,1,4,2026,12,34,-201.362,25557.3,-05037.9,-111.512,26049.1
01 04 2026  12 35  -20.1364 25557.3 -05037.4 -11.1502 26049.0,1,4,2026,12,35,-201.364,25557.3,-05037.4,-111.502,26049.0
01 04 2026  12 36  -20.1364 25556.8 -05036.7 -11.1489 26048.4,1,4,2026,12,36,-201.364,25556.8,-05036.7,-111.489,26048.4
01 04 2026  12 37  -20.1366 25555.9 -05035.8 -11.1474 26047.3,1,4,2026,12,37,-201.366,25555.9,-05035.8,-111.474,26047.3
01 04 2026  12 38  -20.1367 25555.4 -05035.3 -11.1464 26046.7,1,4,2026,12,38,-201.367,25555.4,-05035.3,-111.464,26046.7
01 04 2026  12 39  -20.1366 25554.8 -05034.6 -11.1451 26046.0,1,4,2026,12,39,-201.366,25554.8,-05034.6,-111.451,26046.0
01 04 2026  12 40  -20.1368 25554.0 -05033.8 -11.1439 26045.1,1,4,2026,12,40,-201.368,25554.0,-05033.8,-111.439,26045.1
01 04 2026  12 41  -20.1375 25553.7 -05033.4 -11.1431 26044.7,1,4,2026,12,41,-201.375,25553.7,-05033.4,-111.431,26044.7
01 04 2026  12 42  -20.1382 25553.8 -05033.2 -11.1426 26044.8,1,4,2026,12,42,-201.382,25553.8,-05033.2,-111.426,26044.8
01 04 2026  12 43  -20.1385 25553.7 -05033.0 -11.1422 26044.6,1,4,2026,12,43,-201.385,25553.7,-05033.0,-111.422,26044.6
01 04 2026  12 44  -20.1381 25553.3 -05032.5 -11.1413 26044.1,1,4,2026,12,44,-201.381,25553.3,-05032.5,-111.413,26044.1
01 04 2026  12 45  -20.1381 25553.4 -05032.2 -11.1407 26044.2,1,4,2026,12,45,-201.381,25553.4,-05032.2,-111.407,26044.2
01 04 2026  12 46  -20.1381 25554.0 -05032.4 -11.1407 26044.8,1,4,2026,12,46,-201.381,25554.0,-05032.4,-111.407,26044.8
01 04 2026  12 47  -20.1373 25554.1 -05032.2 -11.1403 26044.9,1,4,2026,12,47,-201.373,25554.1,-05032.2,-111.403,26044.9
01 04 2026  12 48  -20.1373 25554.5 -05032.4 -11.1406 26045.3,1,4,2026,12,48,-201.373,25554.5,-05032.4,-111.406,26045.3
01 04 2026  12 49  -20.1376 25555.3 -05032.7 -11.1408 26046.1,1,4,2026,12,49,-201.376,25555.3,-05032.7,-111.408,26046.1
01 04 2026  12 50  -20.1375 25556.4 -05033.1 -11.1412 26047.3,1,4,2026,12,50,-201.375,25556.4,-05033.1,-111.412,26047.3
01 04 2026  12 51  -20.1374 25557.0 -05033.3 -11.1415 26048.0,1,4,2026,12,51,-201.374,25557.0,-05033.3,-111.415,26048.0
01 04 2026  12 52  -20.1374 25558.2 -05033.9 -11.1421 26049.2,1,4,2026,12,52,-201.374,25558.2,-05033.9,-111.421,26049.2
01 04 2026  12 53  -20.1373 25560.0 -05034.7 -11.1432 26051.1,1,4,2026,12,53,-201.373,25560.0,-05034.7,-111.432,26051.1
01 04 2026  12 54  -20.1371 25561.4 -05035.2 -11.1438 26052.6,1,4,2026,12,54,-201.371,25561.4,-05035.2,-111.438,26052.6
01 04 2026  12 55  -20.1366 25562.5 -05035.4 -11.1436 26053.8,1,4,2026,12,55,-201.366,25562.5,-05035.4,-111.436,26053.8
01 04 2026  12 56  -20.1357 25563.4 -05035.5 -11.1435 26054.6,1,4,2026,12,56,-201.357,25563.4,-05035.5,-111.435,26054.6
01 04 2026  12 57  -20.1346 25564.7 -05036.0 -11.1439 26056.0,1,4,2026,12,57,-201.346,25564.7,-05036.0,-111.439,26056.0
01 04 2026  12 58  -20.1331 25565.3 -05035.8 -11.1433 26056.6,1,4,2026,12,58,-201.331,25565.3,-05035.8,-111.433,26056.6
01 04 2026  12 59  -20.1321 25565.2 -05035.2 -11.1421 26056.3,1,4,2026,12,59,-201.321,25565.2,-05035.2,-111.421,26056.3
01 04 2026  13 00  -20.1294 25565.6 -05034.9 -11.1412 26056.6,1,4,2026,13,0,-201.294,25565.6,-05034.9,-111.412,26056.6
01 04 2026  13 01  -20.1217 25567.4 -05034.6 -11.1399 26058.4,1,4,2026,13,1,-201.217,25567.4,-05034.6,-111.399,26058.4
01 04 2026  13 02  -20.1205 25568.1 -05034.4 -11.1390 26059.0,1,4,2026,13,2,-201.205,25568.1,-05034.4,-111.390,26059.0
01 04 2026  13 03  -20.1197 25568.6 -05034.5 -11.1390 26059.5,1,4,2026,13,3,-201.197,25568.6,-05034.5,-111.390,26059.5
01 04 2026  13 04  -20.1184 25569.7 -05034.8 -11.1393 26060.7,1,4,2026,13,4,-201.184,25569.7,-05034.8,-111.393,26060.7
01 04 2026  13 05  -20.1172 25571.3 -05035.3 -11.1396 26062.4,1,4,2026,13,5,-201.172,25571.3,-05035.3,-111.396,26062.4
01 04 2026  13 06  -20.1158 25572.9 -05035.9 -11.1402 26064.0,1,4,2026,13,6,-201.158,25572.9,-05035.9,-111.402,26064.0
01 04 2026  13 07  -20.1158 25573.2 -05035.8 -11.1399 26064.3,1,4,2026,13,7,-201.158,25573.2,-05035.8,-111.399,26064.3
01 04 2026  13 08  -20.1170 25573.3 -05035.5 -11.1393 26064.3,1,4,2026,13,8,-201.170,25573.3,-05035.5,-111.393,26064.3
01 04 2026  13 09  -20.1185 25572.4 -05034.6 -11.1377 26063.2,1,4,2026,13,9,-201.185,25572.4,-05034.6,-111.377,26063.2
01 04 2026  13 10  -20.1195 25571.7 -05033.8 -11.1362 26062.5,1,4,2026,13,10,-201.195,25571.7,-05033.8,-111.362,26062.5
01 04 2026  13 11  -20.1216 25571.1 -05033.1 -11.1350 26061.7,1,4,2026,13,11,-201.216,25571.1,-05033.1,-111.350,26061.7
01 04 2026  13 12  -20.1233 25570.0 -05032.2 -11.1336 26060.5,1,4,2026,13,12,-201.233,25570.0,-05032.2,-111.336,26060.5
01 04 2026  13 13  -20.1238 25569.7 -05031.5 -11.1323 26060.0,1,4,2026,13,13,-201.238,25569.7,-05031.5,-111.323,26060.0
01 04 2026  13 14  -20.1248 25568.9 -05030.9 -11.1311 26059.2,1,4,2026,13,14,-201.248,25568.9,-05030.9,-111.311,26059.2
01 04 2026  13 15  -20.1244 25569.0 -05030.5 -11.1303 26059.1,1,4,2026,13,15,-201.244,25569.0,-05030.5,-111.303,26059.1
01 04 2026  13 16  -20.1236 25569.1 -05030.4 -11.1301 26059.2,1,4,2026,13,16,-201.236,25569.1,-05030.4,-111.301,26059.2
01 04 2026  13 17  -20.1225 25570.2 -05030.7 -11.1303 26060.4,1,4,2026,13,17,-201.225,25570.2,-05030.7,-111.303,26060.4
01 04 2026  13 18  -20.1213 25572.3 -05031.6 -11.1313 26062.6,1,4,2026,13,18,-201.213,25572.3,-05031.6,-111.313,26062.6
01 04 2026  13 19  -20.1208 25574.2 -05032.2 -11.1318 26064.6,1,4,2026,13,19,-201.208,25574.2,-05032.2,-111.318,26064.6
01 04 2026  13 20  -20.1199 25576.1 -05033.2 -11.1331 26066.6,1,4,2026,13,20,-201.199,25576.1,-05033.2,-111.331,26066.6
01 04 2026  13 21  -20.1194 25577.8 -05033.7 -11.1336 26068.4,1,4,2026,13,21,-201.194,25577.8,-05033.7,-111.336,26068.4
01 04 2026  13 22  -20.1197 25578.5 -05033.9 -11.1336 26069.2,1,4,2026,13,22,-201.197,25578.5,-05033.9,-111.336,26069.2
01 04 2026  13 23  -20.1199 25579.4 -05033.9 -11.1333 26070.0,1,4,2026,13,23,-201.199,25579.4,-05033.9,-111.333,26070.0
01 04 2026  13 24  -20.1198 25579.4 -05033.4 -11.1322 26069.9,1,4,2026,13,24,-201.198,25579.4,-05033.4,-111.322,26069.9
01 04 2026  13 25  -20.1197 25580.4 -05033.5 -11.1320 26070.9,1,4,2026,13,25,-201.197,25580.4,-05033.5,-111.320,26070.9
01 04 2026  13 26  -20.1185 25581.8 -05033.8 -11.1321 26072.4,1,4,2026,13,26,-201.185,25581.8,-05033.8,-111.321,26072.4
01 04 2026  13 27  -20.1183 25581.9 -05033.7 -11.1318 26072.5,1,4,2026,13,27,-201.183,25581.9,-05033.7,-111.318,26072.5
01 04 2026  13 28  -20.1189 25583.5 -05034.3 -11.1324 26074.1,1,4,2026,13,28,-201.189,25583.5,-05034.3,-111.324,26074.1
01 04 2026  13 29  -20.1186 25585.4 -05035.0 -11.1330 26076.1,1,4,2026,13,29,-201.186,25585.4,-05035.0,-111.330,26076.1
01 04 2026  13 30  -20.1189 25585.7 -05034.9 -11.1328 26076.4,1,4,2026,13,30,-201.189,25585.7,-05034.9,-111.328,26076.4
01 04 2026  13 31  -20.1199 25584.4 -05034.0 -11.1314 26074.9,1,4,2026,13,31,-201.199,25584.4,-05034.0,-111.314,26074.9
01 04 2026  13 32  -20.1207 25582.5 -05032.7 -11.1293 26072.8,1,4,2026,13,32,-201.207,25582.5,-05032.7,-111.293,26072.8
01 04 2026  13 33  -20.1223 25580.0 -05031.0 -11.1267 26070.1,1,4,2026,13,33,-201.223,25580.0,-05031.0,-111.267,26070.1
01 04 2026  13 34  -20.1236 25578.3 -05029.5 -11.1242 26068.1,1,4,2026,13,34,-201.236,25578.3,-05029.5,-111.242,26068.1
01 04 2026  13 35  -20.1235 25577.8 -05029.0 -11.1234 26067.5,1,4,2026,13,35,-201.235,25577.8,-05029.0,-111.234,26067.5
01 04 2026  13 36  -20.1230 25578.3 -05029.2 -11.1237 26068.0,1,4,2026,13,36,-201.230,25578.3,-05029.2,-111.237,26068.0
01 04 2026  13 37  -20.1237 25578.0 -05029.0 -11.1232 26067.7,1,4,2026,13,37,-201.237,25578.0,-05029.0,-111.232,26067.7
01 04 2026  13 38  -20.1249 25577.4 -05028.9 -11.1233 26067.1,1,4,2026,13,38,-201.249,25577.4,-05028.9,-111.233,26067.1
01 04 2026  13 39  -20.1254 25576.6 -05028.4 -11.1226 26066.2,1,4,2026,13,39,-201.254,25576.6,-05028.4,-111.226,26066.2
01 04 2026  13 40  -20.1255 25575.2 -05027.5 -11.1212 26064.7,1,4,2026,13,40,-201.255,25575.2,-05027.5,-111.212,26064.7
01 04 2026  13 41  -20.1245 25574.3 -05026.8 -11.1201 26063.7,1,4,2026,13,41,-201.245,25574.3,-05026.8,-111.201,26063.7
01 04 2026  13 42  -20.1239 25574.6 -05026.9 -11.1203 26064.0,1,4,2026,13,42,-201.239,25574.6,-05026.9,-111.203,26064.0
01 04 2026  13 43  -20.1231 25575.4 -05027.3 -11.1208 26064.8,1,4,2026,13,43,-201.231,25575.4,-05027.3,-111.208,26064.8
01 04 2026  13 44  -20.1225 25576.6 -05028.1 -11.1218 26066.2,1,4,2026,13,44,-201.225,25576.6,-05028.1,-111.218,26066.2
01 04 2026  13 45  -20.1224 25577.2 -05028.5 -11.1224 26066.9,1,4,2026,13,45,-201.224,25577.2,-05028.5,-111.224,26066.9
01 04 2026  13 46  -20.1216 25577.7 -05028.6 -11.1226 26067.3,1,4,2026,13,46,-201.216,25577.7,-05028.6,-111.226,26067.3
01 04 2026  13 47  -20.1202 25578.4 -05028.9 -11.1228 26068.1,1,4,2026,13,47,-201.202,25578.4,-05028.9,-111.228,26068.1
01 04 2026  13 48  -20.1201 25579.0 -05029.0 -11.1229 26068.7,1,4,2026,13,48,-201.201,25579.0,-05029.0,-111.229,26068.7
01 04 2026  13 49  -20.1204 25578.3 -05028.6 -11.1223 26067.9,1,4,2026,13,49,-201.204,25578.3,-05028.6,-111.223,26067.9
01 04 2026  13 50  -20.1204 25577.9 -05028.2 -11.1216 26067.4,1,4,2026,13,50,-201.204,25577.9,-05028.2,-111.216,26067.4
01 04 2026  13 51  -20.1203 25577.7 -05028.0 -11.1212 26067.2,1,4,2026,13,51,-201.203,25577.7,-05028.0,-111.212,26067.2
01 04 2026  13 52  -20.1192 25576.8 -05027.2 -11.1200 26066.2,1,4,2026,13,52,-201.192,25576.8,-05027.2,-111.200,26066.2
01 04 2026  13 53  -20.1178 25576.0 -05026.7 -11.1193 26065.3,1,4,2026,13,53,-201.178,25576.0,-05026.7,-111.193,26065.3
01 04 2026  13 54  -20.1164 25575.3 -05026.4 -11.1188 26064.6,1,4,2026,13,54,-201.164,25575.3,-05026.4,-111.188,26064.6
01 04 2026  13 55  -20.1156 25575.0 -05026.3 -11.1187 26064.2,1,4,2026,13,55,-201.156,25575.0,-05026.3,-111.187,26064.2
01 04 2026  13 56  -20.1156 25574.5 -05026.1 -11.1186 26063.7,1,4,2026,13,56,-201.156,25574.5,-05026.1,-111.186,26063.7
01 04 2026  13 57  -20.1145 25574.6 -05026.1 -11.1184 26063.8,1,4,2026,13,57,-201.145,25574.6,-05026.1,-111.184,26063.8
01 04 2026  13 58  -20.1137 25577.0 -05027.3 -11.1201 26066.4,1,4,2026,13,58,-201.137,25577.0,-05027.3,-111.201,26066.4
01 04 2026  13 59  -20.1144 25578.5 -05028.3 -11.1216 26068.0,1,4,2026,13,59,-201.144,25578.5,-05028.3,-111.216,26068.0
01 04 2026  14 00  -20.1150 25578.2 -05028.2 -11.1215 26067.7,1,4,2026,14,0,-201.150,25578.2,-05028.2,-111.215,26067.7
01 04 2026  14 01  -20.1149 25578.5 -05028.2 -11.1213 26068.0,1,4,2026,14,1,-201.149,25578.5,-05028.2,-111.213,26068.0
01 04 2026  14 02  -20.1140 25579.9 -05028.8 -11.1219 26069.5,1,4,2026,14,2,-201.140,25579.9,-05028.8,-111.219,26069.5
01 04 2026  14 03  -20.1134 25580.1 -05028.9 -11.1221 26069.7,1,4,2026,14,3,-201.134,25580.1,-05028.9,-111.221,26069.7
01 04 2026  14 04  -20.1121 25580.1 -05028.7 -11.1217 26069.7,1,4,2026,14,4,-201.121,25580.1,-05028.7,-111.217,26069.7
01 04 2026  14 05  -20.1112 25580.3 -05028.9 -11.1220 26069.9,1,4,2026,14,5,-201.112,25580.3,-05028.9,-111.220,26069.9
01 04 2026  14 06  -20.1101 25580.1 -05028.8 -11.1220 26069.7,1,4,2026,14,6,-201.101,25580.1,-05028.8,-111.220,26069.7
01 04 2026  14 07  -20.1091 25580.3 -05029.0 -11.1224 26070.0,1,4,2026,14,7,-201.091,25580.3,-05029.0,-111.224,26070.0
01 04 2026  14 08  -20.1092 25580.8 -05029.4 -11.1229 26070.5,1,4,2026,14,8,-201.092,25580.8,-05029.4,-111.229,26070.5
01 04 2026  14 09  -20.1095 25580.5 -05029.3 -11.1228 26070.2,1,4,2026,14,9,-201.095,25580.5,-05029.3,-111.228,26070.2
01 04 2026  14 10  -20.1101 25579.3 -05028.6 -11.1219 26068.9,1,4,2026,14,10,-201.101,25579.3,-05028.6,-111.219,26068.9
01 04 2026  14 11  -20.1103 25579.2 -05028.5 -11.1216 26068.8,1,4,2026,14,11,-201.103,25579.2,-05028.5,-111.216,26068.8
01 04 2026  14 12  -20.1101 25579.6 -05028.7 -11.1220 26069.2,1,4,2026,14,12,-201.101,25579.6,-05028.7,-111.220,26069.2
01 04 2026  14 13  -20.1099 25579.9 -05029.0 -11.1224 26069.6,1,4,2026,14,13,-201.099,25579.9,-05029.0,-111.224,26069.6
01 04 2026  14 14  -20.1098 25580.3 -05029.3 -11.1228 26070.0,1,4,2026,14,14,-201.098,25580.3,-05029.3,-111.228,26070.0
01 04 2026  14 15  -20.1101 25581.4 -05029.8 -11.1236 26071.2,1,4,2026,14,15,-201.101,25581.4,-05029.8,-111.236,26071.2
01 04 2026  14 16  -20.1101 25582.3 -05030.9 -11.1254 26072.3,1,4,2026,14,16,-201.101,25582.3,-05030.9,-111.254,26072.3
01 04 2026  14 17  -20.1101 25582.1 -05030.9 -11.1256 26072.1,1,4,2026,14,17,-201.101,25582.1,-05030.9,-111.256,26072.1
01 04 2026  14 18  -20.1102 25581.1 -05030.4 -11.1250 26071.0,1,4,2026,14,18,-201.102,25581.1,-05030.4,-111.250,26071.0
01 04 2026  14 19  -20.1101 25581.1 -05030.4 -11.1249 26071.0,1,4,2026,14,19,-201.101,25581.1,-05030.4,-111.249,26071.0
01 04 2026  14 20  -20.1102 25581.5 -05030.6 -11.1253 26071.4,1,4,2026,14,20,-201.102,25581.5,-05030.6,-111.253,26071.4
01 04 2026  14 21  -20.1103 25581.3 -05030.6 -11.1252 26071.2,1,4,2026,14,21,-201.103,25581.3,-05030.6,-111.252,26071.2
01 04 2026  14 22  -20.1101 25580.0 -05029.8 -11.1242 26069.8,1,4,2026,14,22,-201.101,25580.0,-05029.8,-111.242,26069.8
01 04 2026  14 23  -20.1096 25579.4 -05029.5 -11.1238 26069.2,1,4,2026,14,23,-201.096,25579.4,-05029.5,-111.238,26069.2
01 04 2026  14 24  -20.1092 25579.7 -05029.8 -11.1242 26069.5,1,4,2026,14,24,-201.092,25579.7,-05029.8,-111.242,26069.5
01 04 2026  14 25  -20.1093 25579.6 -05030.0 -11.1246 26069.5,1,4,2026,14,25,-201.093,25579.6,-05030.0,-111.246,26069.5
01 04 2026  14 26  -20.1093 25579.6 -05030.0 -11.1247 26069.5,1,4,2026,14,26,-201.093,25579.6,-05030.0,-111.247,26069.5
01 04 2026  14 27  -20.1095 25579.6 -05030.2 -11.1251 26069.5,1,4,2026,14,27,-201.095,25579.6,-05030.2,-111.251,26069.5
01 04 2026  14 28  -20.1098 25579.2 -05030.1 -11.1252 26069.1,1,4,2026,14,28,-201.098,25579.2,-05030.1,-111.252,26069.1
01 04 2026  14 29  -20.1099 25579.3 -05030.1 -11.1252 26069.2,1,4,2026,14,29,-201.099,25579.3,-05030.1,-111.252,26069.2
01 04 2026  14 30  -20.1103 25579.3 -05030.3 -11.1255 26069.2,1,4,2026,14,30,-201.103,25579.3,-05030.3,-111.255,26069.2
01 04 2026  14 31  -20.1103 25580.0 -05030.4 -11.1254 26069.9,1,4,2026,14,31,-201.103,25580.0,-05030.4,-111.254,26069.9
01 04 2026  14 32  -20.1105 25580.2 -05030.6 -11.1258 26070.1,1,4,2026,14,32,-201.105,25580.2,-05030.6,-111.258,26070.1
01 04 2026  14 33  -20.1114 25579.2 -05030.2 -11.1254 26069.1,1,4,2026,14,33,-201.114,25579.2,-05030.2,-111.254,26069.1
01 04 2026  14 34  -20.1117 25578.5 -05029.9 -11.1250 26068.4,1,4,2026,14,34,-201.117,25578.5,-05029.9,-111.250,26068.4
01 04 2026  14 35  -20.1121 25577.9 -05029.6 -11.1247 26067.7,1,4,2026,14,35,-201.121,25577.9,-05029.6,-111.247,26067.7
01 04 2026  14 36  -20.1121 25576.8 -05029.2 -11.1241 26066.6,1,4,2026,14,36,-201.121,25576.8,-05029.2,-111.241,26066.6
01 04 2026  14 37  -20.1120 25576.7 -05029.2 -11.1242 26066.5,1,4,2026,14,37,-201.120,25576.7,-05029.2,-111.242,26066.5
01 04 2026  14 38  -20.1122 25576.8 -05029.5 -11.1249 26066.6,1,4,2026,14,38,-201.122,25576.8,-05029.5,-111.249,26066.6
01 04 2026  14 39  -20.1127 25576.7 -05029.8 -11.1256 26066.6,1,4,2026,14,39,-201.127,25576.7,-05029.8,-111.256,26066.6
01 04 2026  14 40  -20.1130 25575.9 -05029.6 -11.1255 26065.7,1,4,2026,14,40,-201.130,25575.9,-05029.6,-111.255,26065.7
01 04 2026  14 41  -20.1131 25575.8 -05029.7 -11.1258 26065.6,1,4,2026,14,41,-201.131,25575.8,-05029.7,-111.258,26065.6
01 04 2026  14 42  -20.1134 25576.1 -05030.2 -11.1267 26066.1,1,4,2026,14,42,-201.134,25576.1,-05030.2,-111.267,26066.1
01 04 2026  14 43  -20.1134 25576.6 -05030.7 -11.1276 26066.7,1,4,2026,14,43,-201.134,25576.6,-05030.7,-111.276,26066.7
01 04 2026  14 44  -20.1138 25576.7 -05031.1 -11.1283 26066.8,1,4,2026,14,44,-201.138,25576.7,-05031.1,-111.283,26066.8
01 04 2026  14 45  -20.1141 25575.7 -05030.6 -11.1277 26065.7,1,4,2026,14,45,-201.141,25575.7,-05030.6,-111.277,26065.7
01 04 2026  14 46  -20.1147 25574.1 -05029.9 -11.1268 26064.0,1,4,2026,14,46,-201.147,25574.1,-05029.9,-111.268,26064.0
01 04 2026  14 47  -20.1147 25573.2 -05029.4 -11.1262 26063.1,1,4,2026,14,47,-201.147,25573.2,-05029.4,-111.262,26063.1
01 04 2026  14 48  -20.1149 25574.0 -05030.0 -11.1271 26063.9,1,4,2026,14,48,-201.149,25574.0,-05030.0,-111.271,26063.9
01 04 2026  14 49  -20.1149 25574.4 -05030.5 -11.1280 26064.4,1,4,2026,14,49,-201.149,25574.4,-05030.5,-111.280,26064.4
01 04 2026  14 50  -20.1150 25574.9 -05030.8 -11.1284 26065.0,1,4,2026,14,50,-201.150,25574.9,-05030.8,-111.284,26065.0
01 04 2026  14 51  -20.1148 25575.3 -05031.3 -11.1294 26065.5,1,4,2026,14,51,-201.148,25575.3,-05031.3,-111.294,26065.5
01 04 2026  14 52  -20.1144 25575.8 -05031.7 -11.1300 26066.1,1,4,2026,14,52,-201.144,25575.8,-05031.7,-111.300,26066.1
01 04 2026  14 53  -20.1140 25575.7 -05031.7 -11.1302 26065.9,1,4,2026,14,53,-201.140,25575.7,-05031.7,-111.302,26065.9
01 04 2026  14 54  -20.1138 25574.9 -05031.5 -11.1299 26065.2,1,4,2026,14,54,-201.138,25574.9,-05031.5,-111.299,26065.2
01 04 2026  14 55  -20.1140 25575.3 -05031.8 -11.1305 26065.6,1,4,2026,14,55,-201.140,25575.3,-05031.8,-111.305,26065.6
01 04 2026  14 56  -20.1141 25575.1 -05032.0 -11.1310 26065.4,1,4,2026,14,56,-201.141,25575.1,-05032.0,-111.310,26065.4
01 04 2026  14 57  -20.1149 25573.9 -05031.6 -11.1307 26064.2,1,4,2026,14,57,-201.149,25573.9,-05031.6,-111.307,26064.2
01 04 2026  14 58  -20.1154 25573.2 -05031.4 -11.1305 26063.5,1,4,2026,14,58,-201.154,25573.2,-05031.4,-111.305,26063.5
01 04 2026  14 59  -20.1156 25572.9 -05031.5 -11.1308 26063.2,1,4,2026,14,59,-201.156,25572.9,-05031.5,-111.308,26063.2
01 04 2026  15 00  -20.1162 25572.3 -05031.5 -11.1310 26062.6,1,4,2026,15,0,-201.162,25572.3,-05031.5,-111.310,26062.6
01 04 2026  15 01  -20.1166 25571.5 -05031.4 -11.1311 26061.8,1,4,2026,15,1,-201.166,25571.5,-05031.4,-111.311,26061.8
01 04 2026  15 02  -20.1164 25572.9 -05032.2 -11.1323 26063.3,1,4,2026,15,2,-201.164,25572.9,-05032.2,-111.323,26063.3
01 04 2026  15 03  -20.1171 25573.8 -05033.3 -11.1343 26064.4,1,4,2026,15,3,-201.171,25573.8,-05033.3,-111.343,26064.4
01 04 2026  15 04  -20.1178 25572.3 -05032.9 -11.1340 26062.8,1,4,2026,15,4,-201.178,25572.3,-05032.9,-111.340,26062.8
01 04 2026  15 05  -20.1187 25571.2 -05032.5 -11.1337 26061.7,1,4,2026,15,5,-201.187,25571.2,-05032.5,-111.337,26061.7
01 04 2026  15 06  -20.1193 25570.0 -05032.1 -11.1334 26060.5,1,4,2026,15,6,-201.193,25570.0,-05032.1,-111.334,26060.5
01 04 2026  15 07  -20.1195 25569.1 -05031.9 -11.1332 26059.5,1,4,2026,15,7,-201.195,25569.1,-05031.9,-111.332,26059.5
01 04 2026  15 08  -20.1197 25569.0 -05032.0 -11.1336 26059.4,1,4,2026,15,8,-201.197,25569.0,-05032.0,-111.336,26059.4
01 04 2026  15 09  -20.1197 25568.7 -05032.4 -11.1346 26059.2,1,4,2026,15,9,-201.197,25568.7,-05032.4,-111.346,26059.2
01 04 2026  15 10  -20.1197 25568.7 -05032.8 -11.1354 26059.3,1,4,2026,15,10,-201.197,25568.7,-05032.8,-111.354,26059.3
01 04 2026  15 11  -20.1200 25568.5 -05033.2 -11.1364 26059.2,1,4,2026,15,11,-201.200,25568.5,-05033.2,-111.364,26059.2
01 04 2026  15 12  -20.1203 25567.9 -05033.4 -11.1370 26058.7,1,4,2026,15,12,-201.203,25567.9,-05033.4,-111.370,26058.7
01 04 2026  15 13  -20.1207 25567.5 -05033.5 -11.1373 26058.2,1,4,2026,15,13,-201.207,25567.5,-05033.5,-111.373,26058.2
01 04 2026  15 14  -20.1209 25566.9 -05033.6 -11.1378 26057.7,1,4,2026,15,14,-201.209,25566.9,-05033.6,-111.378,26057.7
01 04 2026  15 15  -20.1212 25566.4 -05033.6 -11.1381 26057.2,1,4,2026,15,15,-201.212,25566.4,-05033.6,-111.381,26057.2
01 04 2026  15 16  -20.1215 25565.9 -05033.7 -11.1385 26056.7,1,4,2026,15,16,-201.215,25565.9,-05033.7,-111.385,26056.7
01 04 2026  15 17  -20.1217 25565.5 -05033.8 -11.1390 26056.4,1,4,2026,15,17,-201.217,25565.5,-05033.8,-111.390,26056.4
01 04 2026  15 18  -20.1222 25564.2 -05033.5 -11.1389 26055.0,1,4,2026,15,18,-201.222,25564.2,-05033.5,-111.389,26055.0
01 04 2026  15 19  -20.1225 25563.1 -05033.1 -11.1384 26053.9,1,4,2026,15,19,-201.225,25563.1,-05033.1,-111.384,26053.9
01 04 2026  15 20  -20.1229 25562.7 -05033.3 -11.1390 26053.5,1,4,2026,15,20,-201.229,25562.7,-05033.3,-111.390,26053.5
01 04 2026  15 21  -20.1230 25562.2 -05033.5 -11.1397 26053.1,1,4,2026,15,21,-201.230,25562.2,-05033.5,-111.397,26053.1
01 04 2026  15 22  -20.1232 25562.2 -05034.0 -11.1408 26053.2,1,4,2026,15,22,-201.232,25562.2,-05034.0,-111.408,26053.2
01 04 2026  15 23  -20.1233 25561.6 -05034.1 -11.1412 26052.6,1,4,2026,15,23,-201.233,25561.6,-05034.1,-111.412,26052.6
01 04 2026  15 24  -20.1236 25561.4 -05034.3 -11.1418 26052.4,1,4,2026,15,24,-201.236,25561.4,-05034.3,-111.418,26052.4
01 04 2026  15 25  -20.1239 25561.2 -05034.6 -11.1426 26052.3,1,4,2026,15,25,-201.239,25561.2,-05034.6,-111.426,26052.3
01 04 2026  15 26  -20.1240 25561.1 -05034.8 -11.1430 26052.2,1,4,2026,15,26,-201.240,25561.1,-05034.8,-111.430,26052.2
01 04 2026  15 27  -20.1242 25561.6 -05035.4 -11.1440 26052.9,1,4,2026,15,27,-201.242,25561.6,-05035.4,-111.440,26052.9
01 04 2026  15 28  -20.1242 25561.7 -05035.8 -11.1448 26053.0,1,4,2026,15,28,-201.242,25561.7,-05035.8,-111.448,26053.0
01 04 2026  15 29  -20.1240 25561.7 -05036.1 -11.1455 26053.1,1,4,2026,15,29,-201.240,25561.7,-05036.1,-111.455,26053.1
01 04 2026  15 30  -20.1236 25561.6 -05036.2 -11.1459 26053.0,1,4,2026,15,30,-201.236,25561.6,-05036.2,-111.459,26053.0
01 04 2026  15 31  -20.1233 25561.7 -05036.6 -11.1466 26053.2,1,4,2026,15,31,-201.233,25561.7,-05036.6,-111.466,26053.2
01 04 2026  15 32  -20.1232 25562.0 -05037.0 -11.1474 26053.5,1,4,2026,15,32,-201.232,25562.0,-05037.0,-111.474,26053.5
01 04 2026  15 33  -20.1234 25562.3 -05037.4 -11.1482 26053.9,1,4,2026,15,33,-201.234,25562.3,-05037.4,-111.482,26053.9
01 04 2026  15 34  -20.1235 25562.1 -05037.6 -11.1486 26053.8,1,4,2026,15,34,-201.235,25562.1,-05037.6,-111.486,26053.8
01 04 2026  15 35  -20.1232 25562.1 -05037.8 -11.1490 26053.8,1,4,2026,15,35,-201.232,25562.1,-05037.8,-111.490,26053.8
01 04 2026  15 36  -20.1227 25561.9 -05037.9 -11.1492 26053.7,1,4,2026,15,36,-201.227,25561.9,-05037.9,-111.492,26053.7
01 04 2026  15 37  -20.1219 25561.8 -05038.1 -11.1497 26053.6,1,4,2026,15,37,-201.219,25561.8,-05038.1,-111.497,26053.6
01 04 2026  15 38  -20.1217 25561.6 -05038.2 -11.1501 26053.4,1,4,2026,15,38,-201.217,25561.6,-05038.2,-111.501,26053.4
01 04 2026  15 39  -20.1214 25560.5 -05037.9 -11.1498 26052.2,1,4,2026,15,39,-201.214,25560.5,-05037.9,-111.498,26052.2
01 04 2026  15 40  -20.1215 25559.5 -05037.6 -11.1498 26051.2,1,4,2026,15,40,-201.215,25559.5,-05037.6,-111.498,26051.2
01 04 2026  15 41  -20.1212 25558.8 -05037.5 -11.1498 26050.5,1,4,2026,15,41,-201.212,25558.8,-05037.5,-111.498,26050.5
01 04 2026  15 42  -20.1206 25557.9 -05037.4 -11.1499 26049.6,1,4,2026,15,42,-201.206,25557.9,-05037.4,-111.499,26049.6
01 04 2026  15 43  -20.1200 25558.1 -05037.8 -11.1508 26049.9,1,4,2026,15,43,-201.200,25558.1,-05037.8,-111.508,26049.9
01 04 2026  15 44  -20.1198 25557.9 -05038.2 -11.1517 26049.7,1,4,2026,15,44,-201.198,25557.9,-05038.2,-111.517,26049.7
01 04 2026  15 45  -20.1193 25556.7 -05038.0 -11.1517 26048.5,1,4,2026,15,45,-201.193,25556.7,-05038.0,-111.517,26048.5
01 04 2026  15 46  -20.1187 25556.0 -05037.9 -11.1518 26047.8,1,4,2026,15,46,-201.187,25556.0,-05037.9,-111.518,26047.8
01 04 2026  15 47  -20.1178 25556.1 -05038.3 -11.1526 26048.0,1,4,2026,15,47,-201.178,25556.1,-05038.3,-111.526,26048.0
01 04 2026  15 48  -20.1171 25557.0 -05039.2 -11.1543 26049.1,1,4,2026,15,48,-201.171,25557.0,-05039.2,-111.543,26049.1
01 04 2026  15 49  -20.1169 25557.8 -05039.9 -11.1554 26050.0,1,4,2026,15,49,-201.169,25557.8,-05039.9,-111.554,26050.0
01 04 2026  15 50  -20.1166 25558.3 -05040.6 -11.1567 26050.6,1,4,2026,15,50,-201.166,25558.3,-05040.6,-111.567,26050.6
01 04 2026  15 51  -20.1163 25559.4 -05041.6 -11.1583 26051.9,1,4,2026,15,51,-201.163,25559.4,-05041.6,-111.583,26051.9
01 04 2026  15 52  -20.1158 25560.9 -05042.5 -11.1598 26053.5,1,4,2026,15,52,-201.158,25560.9,-05042.5,-111.598,26053.5
01 04 2026  15 53  -20.1149 25561.5 -05043.0 -11.1605 26054.2,1,4,2026,15,53,-201.149,25561.5,-05043.0,-111.605,26054.2
01 04 2026  15 54  -20.1138 25562.3 -05043.3 -11.1608 26055.1,1,4,2026,15,54,-201.138,25562.3,-05043.3,-111.608,26055.1
01 04 2026  15 55  -20.1143 25563.2 -05044.0 -11.1618 26056.1,1,4,2026,15,55,-201.143,25563.2,-05044.0,-111.618,26056.1
01 04 2026  15 56  -20.1145 25563.4 -05043.8 -11.1615 26056.3,1,4,2026,15,56,-201.145,25563.4,-05043.8,-111.615,26056.3
01 04 2026  15 57  -20.1151 25563.1 -05043.6 -11.1611 26055.9,1,4,2026,15,57,-201.151,25563.1,-05043.6,-111.611,26055.9
01 04 2026  15 58  -20.1156 25562.2 -05043.0 -11.1602 26054.9,1,4,2026,15,58,-201.156,25562.2,-05043.0,-111.602,26054.9
01 04 2026  15 59  -20.1162 25561.0 -05042.4 -11.1595 26053.7,1,4,2026,15,59,-201.162,25561.0,-05042.4,-111.595,26053.7
01 04 2026  16 00  -20.1171 25560.2 -05042.3 -11.1594 26052.8,1,4,2026,16,0,-201.171,25560.2,-05042.3,-111.594,26052.8
01 04 2026  16 01  -20.1180 25558.7 -05041.7 -11.1588 26051.3,1,4,2026,16,1,-201.180,25558.7,-05041.7,-111.588,26051.3
01 04 2026  16 02  -20.1185 25556.9 -05041.1 -11.1584 26049.3,1,4,2026,16,2,-201.185,25556.9,-05041.1,-111.584,26049.3
01 04 2026  16 03  -20.1188 25555.4 -05040.5 -11.1577 26047.8,1,4,2026,16,3,-201.188,25555.4,-05040.5,-111.577,26047.8
01 04 2026  16 04  -20.1192 25554.2 -05040.2 -11.1576 26046.5,1,4,2026,16,4,-201.192,25554.2,-05040.2,-111.576,26046.5
01 04 2026  16 05  -20.1198 25553.0 -05039.9 -11.1573 26045.3,1,4,2026,16,5,-201.198,25553.0,-05039.9,-111.573,26045.3
01 04 2026  16 06  -20.1201 25552.2 -05039.9 -11.1577 26044.4,1,4,2026,16,6,-201.201,25552.2,-05039.9,-111.577,26044.4
01 04 2026  16 07  -20.1200 25551.1 -05039.6 -11.1576 26043.4,1,4,2026,16,7,-201.200,25551.1,-05039.6,-111.576,26043.4
01 04 2026  16 08  -20.1198 25550.2 -05039.5 -11.1578 26042.5,1,4,2026,16,8,-201.198,25550.2,-05039.5,-111.578,26042.5
01 04 2026  16 09  -20.1202 25549.4 -05039.6 -11.1582 26041.6,1,4,2026,16,9,-201.202,25549.4,-05039.6,-111.582,26041.6
01 04 2026  16 10  -20.1210 25548.5 -05039.6 -11.1586 26040.8,1,4,2026,16,10,-201.210,25548.5,-05039.6,-111.586,26040.8
01 04 2026  16 11  -20.1213 25547.7 -05039.5 -11.1588 26040.0,1,4,2026,16,11,-201.213,25547.7,-05039.5,-111.588,26040.0
01 04 2026  16 12  -20.1215 25547.7 -05039.8 -11.1595 26040.0,1,4,2026,16,12,-201.215,25547.7,-05039.8,-111.595,26040.0
01 04 2026  16 13  -20.1217 25547.5 -05040.1 -11.1601 26040.0,1,4,2026,16,13,-201.217,25547.5,-05040.1,-111.601,26040.0
01 04 2026  16 14  -20.1220 25546.7 -05039.9 -11.1601 26039.1,1,4,2026,16,14,-201.220,25546.7,-05039.9,-111.601,26039.1
01 04 2026  16 15  -20.1219 25545.4 -05039.3 -11.1594 26037.7,1,4,2026,16,15,-201.219,25545.4,-05039.3,-111.594,26037.7
01 04 2026  16 16  -20.1220 25544.9 -05039.3 -11.1595 26037.2,1,4,2026,16,16,-201.220,25544.9,-05039.3,-111.595,26037.2
01 04 2026  16 17  -20.1227 25544.7 -05039.5 -11.1600 26037.0,1,4,2026,16,17,-201.227,25544.7,-05039.5,-111.600,26037.0
01 04 2026  16 18  -20.1231 25544.2 -05039.5 -11.1602 26036.6,1,4,2026,16,18,-201.231,25544.2,-05039.5,-111.602,26036.6
01 04 2026  16 19  -20.1232 25544.1 -05039.5 -11.1602 26036.5,1,4,2026,16,19,-201.232,25544.1,-05039.5,-111.602,26036.5
01 04 2026  16 20  -20.1229 25543.9 -05039.5 -11.1604 26036.3,1,4,2026,16,20,-201.229,25543.9,-05039.5,-111.604,26036.3
01 04 2026  16 21  -20.1227 25543.8 -05039.5 -11.1605 26036.1,1,4,2026,16,21,-201.227,25543.8,-05039.5,-111.605,26036.1
01 04 2026  16 22  -20.1228 25543.6 -05039.6 -11.1607 26036.0,1,4,2026,16,22,-201.228,25543.6,-05039.6,-111.607,26036.0
01 04 2026  16 23  -20.1233 25543.3 -05039.7 -11.1611 26035.7,1,4,2026,16,23,-201.233,25543.3,-05039.7,-111.611,26035.7
01 04 2026  16 24  -20.1233 25543.2 -05039.8 -11.1614 26035.6,1,4,2026,16,24,-201.233,25543.2,-05039.8,-111.614,26035.6
01 04 2026  16 25  -20.1232 25542.9 -05039.8 -11.1615 26035.3,1,4,2026,16,25,-201.232,25542.9,-05039.8,-111.615,26035.3
01 04 2026  16 26  -20.1238 25543.0 -05040.1 -11.1621 26035.5,1,4,2026,16,26,-201.238,25543.0,-05040.1,-111.621,26035.5
01 04 2026  16 27  -20.1243 25542.9 -05040.3 -11.1627 26035.5,1,4,2026,16,27,-201.243,25542.9,-05040.3,-111.627,26035.5
01 04 2026  16 28  -20.1250 25542.9 -05040.5 -11.1630 26035.5,1,4,2026,16,28,-201.250,25542.9,-05040.5,-111.630,26035.5
01 04 2026  16 29  -20.1260 25542.9 -05040.5 -11.1630 26035.4,1,4,2026,16,29,-201.260,25542.9,-05040.5,-111.630,26035.4
01 04 2026  16 30  -20.1262 25542.6 -05040.4 -11.1630 26035.1,1,4,2026,16,30,-201.262,25542.6,-05040.4,-111.630,26035.1
01 04 2026  16 31  -20.1266 25542.5 -05040.4 -11.1630 26035.1,1,4,2026,16,31,-201.266,25542.5,-05040.4,-111.630,26035.1
01 04 2026  16 32  -20.1251 25543.2 -05040.1 -11.1619 26035.7,1,4,2026,16,32,-201.251,25543.2,-05040.1,-111.619,26035.7
01 04 2026  16 33  -20.1252 25543.3 -05040.2 -11.1622 26035.8,1,4,2026,16,33,-201.252,25543.3,-05040.2,-111.622,26035.8
01 04 2026  16 34  -20.1256 25543.4 -05040.4 -11.1626 26036.0,1,4,2026,16,34,-201.256,25543.4,-05040.4,-111.626,26036.0
01 04 2026  16 35  -20.1261 25542.7 -05040.2 -11.1624 26035.2,1,4,2026,16,35,-201.261,25542.7,-05040.2,-111.624,26035.2
01 04 2026  16 36  -20.1264 25542.1 -05039.9 -11.1619 26034.6,1,4,2026,16,36,-201.264,25542.1,-05039.9,-111.619,26034.6
01 04 2026  16 37  -20.1272 25542.6 -05040.0 -11.1620 26035.1,1,4,2026,16,37,-201.272,25542.6,-05040.0,-111.620,26035.1
01 04 2026  16 38  -20.1289 25540.9 -05039.9 -11.1625 26033.4,1,4,2026,16,38,-201.289,25540.9,-05039.9,-111.625,26033.4
01 04 2026  16 39  -20.1289 25540.9 -05039.9 -11.1625 26033.4,1,4,2026,16,39,-201.289,25540.9,-05039.9,-111.625,26033.4
01 04 2026  16 40  -20.1296 25541.2 -05040.3 -11.1632 26033.8,1,4,2026,16,40,-201.296,25541.2,-05040.3,-111.632,26033.8
01 04 2026  16 41  -20.1302 25541.3 -05040.3 -11.1633 26033.9,1,4,2026,16,41,-201.302,25541.3,-05040.3,-111.633,26033.9
01 04 2026  16 42  -20.1307 25540.9 -05039.8 -11.1623 26033.4,1,4,2026,16,42,-201.307,25540.9,-05039.8,-111.623,26033.4
01 04 2026  16 43  -20.1304 25540.1 -05039.0 -11.1609 26032.4,1,4,2026,16,43,-201.304,25540.1,-05039.0,-111.609,26032.4
01 04 2026  16 44  -20.1303 25539.8 -05038.7 -11.1605 26032.1,1,4,2026,16,44,-201.303,25539.8,-05038.7,-111.605,26032.1
01 04 2026  16 45  -20.1302 25539.2 -05038.3 -11.1598 26031.4,1,4,2026,16,45,-201.302,25539.2,-05038.3,-111.598,26031.4
01 04 2026  16 46  -20.1304 25539.4 -05038.6 -11.1603 26031.7,1,4,2026,16,46,-201.304,25539.4,-05038.6,-111.603,26031.7
01 04 2026  16 47  -20.1303 25539.2 -05038.8 -11.1609 26031.5,1,4,2026,16,47,-201.303,25539.2,-05038.8,-111.609,26031.5
01 04 2026  16 48  -20.1307 25539.2 -05038.9 -11.1611 26031.5,1,4,2026,16,48,-201.307,25539.2,-05038.9,-111.611,26031.5
01 04 2026  16 49  -20.1313 25538.8 -05038.8 -11.1610 26031.1,1,4,2026,16,49,-201.313,25538.8,-05038.8,-111.610,26031.1
01 04 2026  16 50  -20.1323 25538.2 -05038.4 -11.1605 26030.5,1,4,2026,16,50,-201.323,25538.2,-05038.4,-111.605,26030.5
01 04 2026  16 51  -20.1329 25538.0 -05038.3 -11.1603 26030.2,1,4,2026,16,51,-201.329,25538.0,-05038.3,-111.603,26030.2
01 04 2026  16 52  -20.1330 25537.5 -05037.8 -11.1596 26029.7,1,4,2026,16,52,-201.330,25537.5,-05037.8,-111.596,26029.7
01 04 2026  16 53  -20.1329 25537.1 -05037.4 -11.1588 26029.2,1,4,2026,16,53,-201.329,25537.1,-05037.4,-111.588,26029.2
01 04 2026  16 54  -20.1325 25537.4 -05037.5 -11.1589 26029.5,1,4,2026,16,54,-201.325,25537.4,-05037.5,-111.589,26029.5
01 04 2026  16 55  -20.1326 25537.5 -05037.6 -11.1591 26029.6,1,4,2026,16,55,-201.326,25537.5,-05037.6,-111.591,26029.6
01 04 2026  16 56  -20.1330 25537.4 -05037.6 -11.1591 26029.5,1,4,2026,16,56,-201.330,25537.4,-05037.6,-111.591,26029.5
01 04 2026  16 57  -20.1334 25536.9 -05037.3 -11.1585 26029.0,1,4,2026,16,57,-201.334,25536.9,-05037.3,-111.585,26029.0
01 04 2026  16 58  -20.1337 25536.9 -05037.1 -11.1582 26028.9,1,4,2026,16,58,-201.337,25536.9,-05037.1,-111.582,26028.9
01 04 2026  16 59  -20.1338 25537.9 -05037.5 -11.1587 26030.0,1,4,2026,16,59,-201.338,25537.9,-05037.5,-111.587,26030.0
01 04 2026  17 00  -20.1335 25538.5 -05037.9 -11.1592 26030.7,1,4,2026,17,0,-201.335,25538.5,-05037.9,-111.592,26030.7
01 04 2026  17 01  -20.1335 25538.8 -05037.9 -11.1592 26030.9,1,4,2026,17,1,-201.335,25538.8,-05037.9,-111.592,26030.9
01 04 2026  17 02  -20.1339 25538.0 -05037.4 -11.1583 26030.1,1,4,2026,17,2,-201.339,25538.0,-05037.4,-111.583,26030.1
01 04 2026  17 03  -20.1341 25537.2 -05036.7 -11.1572 26029.1,1,4,2026,17,3,-201.341,25537.2,-05036.7,-111.572,26029.1
01 04 2026  17 04  -20.1341 25536.2 -05035.9 -11.1559 26028.0,1,4,2026,17,4,-201.341,25536.2,-05035.9,-111.559,26028.0
01 04 2026  17 05  -20.1336 25535.8 -05035.5 -11.1552 26027.5,1,4,2026,17,5,-201.336,25535.8,-05035.5,-111.552,26027.5
01 04 2026  17 06  -20.1333 25536.1 -05035.4 -11.1548 26027.9,1,4,2026,17,6,-201.333,25536.1,-05035.4,-111.548,26027.9
01 04 2026  17 07  -20.1335 25536.9 -05035.7 -11.1553 26028.7,1,4,2026,17,7,-201.335,25536.9,-05035.7,-111.553,26028.7
01 04 2026  17 08  -20.1335 25537.2 -05036.1 -11.1560 26029.1,1,4,2026,17,8,-201.335,25537.2,-05036.1,-111.560,26029.1
01 04 2026  17 09  -20.1330 25537.1 -05035.7 -11.1552 26028.8,1,4,2026,17,9,-201.330,25537.1,-05035.7,-111.552,26028.8
01 04 2026  17 10  -20.1324 25536.7 -05034.9 -11.1536 26028.4,1,4,2026,17,10,-201.324,25536.7,-05034.9,-111.536,26028.4
01 04 2026  17 11  -20.1320 25536.6 -05034.8 -11.1534 26028.2,1,4,2026,17,11,-201.320,25536.6,-05034.8,-111.534,26028.2
01 04 2026  17 12  -20.1317 25536.9 -05034.8 -11.1532 26028.5,1,4,2026,17,12,-201.317,25536.9,-05034.8,-111.532,26028.5
01 04 2026  17 13  -20.1317 25537.0 -05034.7 -11.1530 26028.5,1,4,2026,17,13,-201.317,25537.0,-05034.7,-111.530,26028.5
01 04 2026  17 14  -20.1316 25536.8 -05034.4 -11.1524 26028.3,1,4,2026,17,14,-201.316,25536.8,-05034.4,-111.524,26028.3
01 04 2026  17 15  -20.1315 25536.4 -05034.0 -11.1517 26027.8,1,4,2026,17,15,-201.315,25536.4,-05034.0,-111.517,26027.8
01 04 2026  17 16  -20.1315 25536.1 -05033.7 -11.1512 26027.5,1,4,2026,17,16,-201.315,25536.1,-05033.7,-111.512,26027.5
01 04 2026  17 17  -20.1315 25535.7 -05033.4 -11.1507 26027.1,1,4,2026,17,17,-201.315,25535.7,-05033.4,-111.507,26027.1
01 04 2026  17 18  -20.1312 25535.4 -05033.1 -11.1502 26026.7,1,4,2026,17,18,-201.312,25535.4,-05033.1,-111.502,26026.7
01 04 2026  17 19  -20.1303 25535.1 -05032.7 -11.1496 26026.3,1,4,2026,17,19,-201.303,25535.1,-05032.7,-111.496,26026.3
01 04 2026  17 20  -20.1299 25534.9 -05032.5 -11.1492 26026.1,1,4,2026,17,20,-201.299,25534.9,-05032.5,-111.492,26026.1
01 04 2026  17 21  -20.1296 25534.7 -05032.3 -11.1488 26025.9,1,4,2026,17,21,-201.296,25534.7,-05032.3,-111.488,26025.9
01 04 2026  17 22  -20.1292 25534.2 -05031.9 -11.1481 26025.3,1,4,2026,17,22,-201.292,25534.2,-05031.9,-111.481,26025.3
01 04 2026  17 23  -20.1287 25533.7 -05031.5 -11.1474 26024.8,1,4,2026,17,23,-201.287,25533.7,-05031.5,-111.474,26024.8
01 04 2026  17 24  -20.1286 25533.9 -05031.4 -11.1473 26024.9,1,4,2026,17,24,-201.286,25533.9,-05031.4,-111.473,26024.9
01 04 2026  17 25  -20.1282 25533.9 -05031.3 -11.1470 26024.9,1,4,2026,17,25,-201.282,25533.9,-05031.3,-111.470,26024.9
01 04 2026  17 26  -20.1272 25533.7 -05031.0 -11.1463 26024.6,1,4,2026,17,26,-201.272,25533.7,-05031.0,-111.463,26024.6
01 04 2026  17 27  -20.1269 25533.9 -05031.0 -11.1463 26024.8,1,4,2026,17,27,-201.269,25533.9,-05031.0,-111.463,26024.8
01 04 2026  17 28  -20.1266 25533.9 -05030.6 -11.1455 26024.7,1,4,2026,17,28,-201.266,25533.9,-05030.6,-111.455,26024.7
01 04 2026  17 29  -20.1258 25533.4 -05030.5 -11.1454 26024.2,1,4,2026,17,29,-201.258,25533.4,-05030.5,-111.454,26024.2
01 04 2026  17 30  -20.1255 25533.0 -05030.3 -11.1451 26023.8,1,4,2026,17,30,-201.255,25533.0,-05030.3,-111.451,26023.8
01 04 2026  17 31  -20.1249 25532.1 -05029.6 -11.1441 26022.8,1,4,2026,17,31,-201.249,25532.1,-05029.6,-111.441,26022.8
01 04 2026  17 32  -20.1241 25532.4 -05029.7 -11.1441 26023.1,1,4,2026,17,32,-201.241,25532.4,-05029.7,-111.441,26023.1
01 04 2026  17 33  -20.1235 25533.1 -05029.9 -11.1444 26023.8,1,4,2026,17,33,-201.235,25533.1,-05029.9,-111.444,26023.8
01 04 2026  17 34  -20.1230 25533.2 -05029.9 -11.1443 26023.9,1,4,2026,17,34,-201.230,25533.2,-05029.9,-111.443,26023.9
01 04 2026  17 35  -20.1223 25532.7 -05029.5 -11.1436 26023.4,1,4,2026,17,35,-201.223,25532.7,-05029.5,-111.436,26023.4
01 04 2026  17 36  -20.1222 25533.6 -05029.8 -11.1439 26024.3,1,4,2026,17,36,-201.222,25533.6,-05029.8,-111.439,26024.3
01 04 2026  17 37  -20.1225 25533.9 -05029.9 -11.1439 26024.6,1,4,2026,17,37,-201.225,25533.9,-05029.9,-111.439,26024.6
01 04 2026  17 38  -20.1226 25534.2 -05029.7 -11.1434 26024.8,1,4,2026,17,38,-201.226,25534.2,-05029.7,-111.434,26024.8
01 04 2026  17 39  -20.1223 25533.6 -05029.3 -11.1427 26024.2,1,4,2026,17,39,-201.223,25533.6,-05029.3,-111.427,26024.2
01 04 2026  17 40  -20.1221 25533.2 -05028.6 -11.1415 26023.7,1,4,2026,17,40,-201.221,25533.2,-05028.6,-111.415,26023.7
01 04 2026  17 41  -20.1222 25533.1 -05028.3 -11.1409 26023.5,1,4,2026,17,41,-201.222,25533.1,-05028.3,-111.409,26023.5
01 04 2026  17 42  -20.1221 25533.4 -05028.3 -11.1406 26023.8,1,4,2026,17,42,-201.221,25533.4,-05028.3,-111.406,26023.8
01 04 2026  17 43  -20.1220 25533.0 -05027.8 -11.1397 26023.3,1,4,2026,17,43,-201.220,25533.0,-05027.8,-111.397,26023.3
01 04 2026  17 44  -20.1217 25532.8 -05027.4 -11.1389 26023.0,1,4,2026,17,44,-201.217,25532.8,-05027.4,-111.389,26023.0
01 04 2026  17 45  -20.1212 25532.1 -05026.6 -11.1376 26022.2,1,4,2026,17,45,-201.212,25532.1,-05026.6,-111.376,26022.2
01 04 2026  17 46  -20.1206 25531.4 -05026.4 -11.1373 26021.5,1,4,2026,17,46,-201.206,25531.4,-05026.4,-111.373,26021.5
01 04 2026  17 47  -20.1204 25530.7 -05026.0 -11.1368 26020.7,1,4,2026,17,47,-201.204,25530.7,-05026.0,-111.368,26020.7
01 04 2026  17 48  -20.1204 25529.8 -05025.5 -11.1362 26019.7,1,4,2026,17,48,-201.204,25529.8,-05025.5,-111.362,26019.7
01 04 2026  17 49  -20.1206 25528.5 -05024.9 -11.1354 26018.4,1,4,2026,17,49,-201.206,25528.5,-05024.9,-111.354,26018.4
01 04 2026  17 50  -20.1212 25526.8 -05024.0 -11.1342 26016.5,1,4,2026,17,50,-201.212,25526.8,-05024.0,-111.342,26016.5
01 04 2026  17 51  -20.1210 25525.3 -05022.8 -11.1322 26014.8,1,4,2026,17,51,-201.210,25525.3,-05022.8,-111.322,26014.8
01 04 2026  17 52  -20.1207 25524.0 -05022.3 -11.1317 26013.5,1,4,2026,17,52,-201.207,25524.0,-05022.3,-111.317,26013.5
01 04 2026  17 53  -20.1204 25523.2 -05021.9 -11.1311 26012.5,1,4,2026,17,53,-201.204,25523.2,-05021.9,-111.311,26012.5
01 04 2026  17 54  -20.1206 25523.2 -05022.0 -11.1314 26012.6,1,4,2026,17,54,-201.206,25523.2,-05022.0,-111.314,26012.6
01 04 2026  17 55  -20.1207 25523.0 -05022.0 -11.1315 26012.3,1,4,2026,17,55,-201.207,25523.0,-05022.0,-111.315,26012.3
01 04 2026  17 56  -20.1211 25523.0 -05022.2 -11.1319 26012.4,1,4,2026,17,56,-201.211,25523.0,-05022.2,-111.319,26012.4
01 04 2026  17 57  -20.1214 25523.2 -05022.3 -11.1321 26012.6,1,4,2026,17,57,-201.214,25523.2,-05022.3,-111.321,26012.6
01 04 2026  17 58  -20.1211 25523.4 -05022.4 -11.1322 26012.8,1,4,2026,17,58,-201.211,25523.4,-05022.4,-111.322,26012.8
01 04 2026  17 59  -20.1214 25523.4 -05022.3 -11.1321 26012.8,1,4,2026,17,59,-201.214,25523.4,-05022.3,-111.321,26012.8
01 04 2026  18 00  -20.1215 25522.9 -05022.0 -11.1315 26012.3,1,4,2026,18,0,-201.215,25522.9,-05022.0,-111.315,26012.3
01 04 2026  18 01  -20.1213 25522.1 -05021.3 -11.1305 26011.3,1,4,2026,18,1,-201.213,25522.1,-05021.3,-111.305,26011.3
01 04 2026  18 02  -20.1208 25521.2 -05020.8 -11.1297 26010.4,1,4,2026,18,2,-201.208,25521.2,-05020.8,-111.297,26010.4
01 04 2026  18 03  -20.1204 25520.8 -05020.8 -11.1298 26010.0,1,4,2026,18,3,-201.204,25520.8,-05020.8,-111.298,26010.0
01 04 2026  18 04  -20.1203 25520.5 -05020.8 -11.1299 26009.7,1,4,2026,18,4,-201.203,25520.5,-05020.8,-111.299,26009.7
01 04 2026  18 05  -20.1202 25520.1 -05020.5 -11.1295 26009.3,1,4,2026,18,5,-201.202,25520.1,-05020.5,-111.295,26009.3
01 04 2026  18 06  -20.1203 25519.8 -05020.1 -11.1287 26008.9,1,4,2026,18,6,-201.203,25519.8,-05020.1,-111.287,26008.9
01 04 2026  18 07  -20.1203 25519.4 -05020.4 -11.1295 26008.5,1,4,2026,18,7,-201.203,25519.4,-05020.4,-111.295,26008.5
01 04 2026  18 08  -20.1200 25519.0 -05020.2 -11.1294 26008.2,1,4,2026,18,8,-201.200,25519.0,-05020.2,-111.294,26008.2
01 04 2026  18 09  -20.1199 25518.6 -05020.1 -11.1292 26007.7,1,4,2026,18,9,-201.199,25518.6,-05020.1,-111.292,26007.7
01 04 2026  18 10  -20.1196 25518.0 -05019.8 -11.1288 26007.0,1,4,2026,18,10,-201.196,25518.0,-05019.8,-111.288,26007.0
01 04 2026  18 11  -20.1194 25517.4 -05019.3 -11.1281 26006.4,1,4,2026,18,11,-201.194,25517.4,-05019.3,-111.281,26006.4
01 04 2026  18 12  -20.1190 25517.2 -05019.4 -11.1283 26006.2,1,4,2026,18,12,-201.190,25517.2,-05019.4,-111.283,26006.2
01 04 2026  18 13  -20.1188 25516.7 -05019.3 -11.1283 26005.7,1,4,2026,18,13,-201.188,25516.7,-05019.3,-111.283,26005.7
01 04 2026  18 14  -20.1185 25516.3 -05019.1 -11.1281 26005.3,1,4,2026,18,14,-201.185,25516.3,-05019.1,-111.281,26005.3
01 04 2026  18 15  -20.1177 25515.8 -05018.8 -11.1277 26004.7,1,4,2026,18,15,-201.177,25515.8,-05018.8,-111.277,26004.7
01 04 2026  18 16  -20.1174 25515.6 -05018.8 -11.1278 26004.5,1,4,2026,18,16,-201.174,25515.6,-05018.8,-111.278,26004.5
01 04 2026  18 17  -20.1174 25515.7 -05018.9 -11.1280 26004.6,1,4,2026,18,17,-201.174,25515.7,-05018.9,-111.280,26004.6
01 04 2026  18 18  -20.1172 25515.9 -05019.1 -11.1282 26004.9,1,4,2026,18,18,-201.172,25515.9,-05019.1,-111.282,26004.9
01 04 2026  18 19  -20.1170 25515.7 -05019.0 -11.1281 26004.7,1,4,2026,18,19,-201.170,25515.7,-05019.0,-111.281,26004.7
01 04 2026  18 20  -20.1168 25515.6 -05019.0 -11.1282 26004.6,1,4,2026,18,20,-201.168,25515.6,-05019.0,-111.282,26004.6
01 04 2026  18 21  -20.1165 25515.6 -05019.0 -11.1282 26004.5,1,4,2026,18,21,-201.165,25515.6,-05019.0,-111.282,26004.5
01 04 2026  18 22  -20.1163 25515.8 -05019.2 -11.1284 26004.8,1,4,2026,18,22,-201.163,25515.8,-05019.2,-111.284,26004.8
01 04 2026  18 23  -20.1160 25516.1 -05019.3 -11.1286 26005.1,1,4,2026,18,23,-201.160,25516.1,-05019.3,-111.286,26005.1
01 04 2026  18 24  -20.1157 25516.4 -05019.5 -11.1289 26005.4,1,4,2026,18,24,-201.157,25516.4,-05019.5,-111.289,26005.4
01 04 2026  18 25  -20.1159 25516.3 -05019.4 -11.1287 26005.3,1,4,2026,18,25,-201.159,25516.3,-05019.4,-111.287,26005.3
01 04 2026  18 26  -20.1157 25516.1 -05019.1 -11.1283 26005.1,1,4,2026,18,26,-201.157,25516.1,-05019.1,-111.283,26005.1
01 04 2026  18 27  -20.1155 25516.1 -05019.1 -11.1281 26005.0,1,4,2026,18,27,-201.155,25516.1,-05019.1,-111.281,26005.0
01 04 2026  18 28  -20.1152 25516.3 -05019.1 -11.1281 26005.3,1,4,2026,18,28,-201.152,25516.3,-05019.1,-111.281,26005.3
01 04 2026  18 29  -20.1150 25516.2 -05018.9 -11.1277 26005.1,1,4,2026,18,29,-201.150,25516.2,-05018.9,-111.277,26005.1
01 04 2026  18 30  -20.1147 25515.6 -05018.6 -11.1272 26004.5,1,4,2026,18,30,-201.147,25515.6,-05018.6,-111.272,26004.5
01 04 2026  18 31  -20.1145 25515.1 -05017.8 -11.1259 26003.9,1,4,2026,18,31,-201.145,25515.1,-05017.8,-111.259,26003.9
01 04 2026  18 32  -20.1142 25514.4 -05017.5 -11.1254 26003.1,1,4,2026,18,32,-201.142,25514.4,-05017.5,-111.254,26003.1
01 04 2026  18 33  -20.1142 25513.9 -05017.5 -11.1256 26002.6,1,4,2026,18,33,-201.142,25513.9,-05017.5,-111.256,26002.6
01 04 2026  18 34  -20.1142 25513.6 -05017.2 -11.1251 26002.2,1,4,2026,18,34,-201.142,25513.6,-05017.2,-111.251,26002.2
01 04 2026  18 35  -20.1142 25513.3 -05017.1 -11.1251 26001.9,1,4,2026,18,35,-201.142,25513.3,-05017.1,-111.251,26001.9
01 04 2026  18 36  -20.1139 25512.5 -05016.7 -11.1245 26001.1,1,4,2026,18,36,-201.139,25512.5,-05016.7,-111.245,26001.1
01 04 2026  18 37  -20.1141 25511.8 -05016.3 -11.1239 26000.3,1,4,2026,18,37,-201.141,25511.8,-05016.3,-111.239,26000.3
01 04 2026  18 38  -20.1143 25511.8 -05016.3 -11.1239 26000.3,1,4,2026,18,38,-201.143,25511.8,-05016.3,-111.239,26000.3
01 04 2026  18 39  -20.1144 25512.2 -05016.4 -11.1240 26000.7,1,4,2026,18,39,-201.144,25512.2,-05016.4,-111.240,26000.7
01 04 2026  18 40  -20.1144 25512.8 -05016.6 -11.1242 26001.3,1,4,2026,18,40,-201.144,25512.8,-05016.6,-111.242,26001.3
01 04 2026  18 41  -20.1144 25512.8 -05016.6 -11.1242 26001.3,1,4,2026,18,41,-201.144,25512.8,-05016.6,-111.242,26001.3
01 04 2026  18 42  -20.1144 25513.0 -05016.5 -11.1238 26001.5,1,4,2026,18,42,-201.144,25513.0,-05016.5,-111.238,26001.5
01 04 2026  18 43  -20.1143 25513.0 -05016.3 -11.1235 26001.4,1,4,2026,18,43,-201.143,25513.0,-05016.3,-111.235,26001.4
01 04 2026  18 44  -20.1138 25512.9 -05016.1 -11.1231 26001.3,1,4,2026,18,44,-201.138,25512.9,-05016.1,-111.231,26001.3
01 04 2026  18 45  -20.1122 25512.7 -05015.8 -11.1224 26001.0,1,4,2026,18,45,-201.122,25512.7,-05015.8,-111.224,26001.0
01 04 2026  18 46  -20.1115 25512.5 -05015.4 -11.1217 26000.8,1,4,2026,18,46,-201.115,25512.5,-05015.4,-111.217,26000.8
01 04 2026  18 47  -20.1113 25511.6 -05014.7 -11.1205 25999.7,1,4,2026,18,47,-201.113,25511.6,-05014.7,-111.205,25999.7
01 04 2026  18 48  -20.1109 25510.3 -05014.0 -11.1197 25998.4,1,4,2026,18,48,-201.109,25510.3,-05014.0,-111.197,25998.4
01 04 2026  18 49  -20.1115 25509.8 -05013.6 -11.1189 25997.8,1,4,2026,18,49,-201.115,25509.8,-05013.6,-111.189,25997.8
01 04 2026  18 50  -20.1124 25509.0 -05013.7 -11.1195 25997.0,1,4,2026,18,50,-201.124,25509.0,-05013.7,-111.195,25997.0
01 04 2026  18 51  -20.1123 25509.0 -05013.9 -11.1199 25997.1,1,4,2026,18,51,-201.123,25509.0,-05013.9,-111.199,25997.1
01 04 2026  18 52  -20.1120 25508.8 -05013.9 -11.1199 25996.8,1,4,2026,18,52,-201.120,25508.8,-05013.9,-111.199,25996.8
01 04 2026  18 53  -20.1119 25508.2 -05013.7 -11.1198 25996.3,1,4,2026,18,53,-201.119,25508.2,-05013.7,-111.198,25996.3
01 04 2026  18 54  -20.1121 25507.8 -05013.6 -11.1198 25995.9,1,4,2026,18,54,-201.121,25507.8,-05013.6,-111.198,25995.9
01 04 2026  18 55  -20.1116 25507.9 -05013.7 -11.1199 25995.9,1,4,2026,18,55,-201.116,25507.9,-05013.7,-111.199,25995.9
01 04 2026  18 56  -20.1115 25507.9 -05013.8 -11.1203 25996.0,1,4,2026,18,56,-201.115,25507.9,-05013.8,-111.203,25996.0
01 04 2026  18 57  -20.1114 25507.4 -05013.7 -11.1202 25995.4,1,4,2026,18,57,-201.114,25507.4,-05013.7,-111.202,25995.4
01 04 2026  18 58  -20.1113 25506.7 -05013.5 -11.1201 25994.7,1,4,2026,18,58,-201.113,25506.7,-05013.5,-111.201,25994.7
01 04 2026  18 59  -20.1111 25506.4 -05013.5 -11.1202 25994.4,1,4,2026,18,59,-201.111,25506.4,-05013.5,-111.202,25994.4
01 04 2026  19 00  -20.1112 25506.3 -05013.4 -11.1201 25994.3,1,4,2026,19,0,-201.112,25506.3,-05013.4,-111.201,25994.3
01 04 2026  19 01  -20.1111 25506.0 -05013.5 -11.1204 25994.1,1,4,2026,19,1,-201.111,25506.0,-05013.5,-111.204,25994.1
01 04 2026  19 02  -20.1110 25506.0 -05013.7 -11.1209 25994.1,1,4,2026,19,2,-201.110,25506.0,-05013.7,-111.209,25994.1
01 04 2026  19 03  -20.1112 25505.9 -05013.9 -11.1212 25994.0,1,4,2026,19,3,-201.112,25505.9,-05013.9,-111.212,25994.0
01 04 2026  19 04  -20.1112 25505.3 -05013.6 -11.1208 25993.4,1,4,2026,19,4,-201.112,25505.3,-05013.6,-111.208,25993.4
01 04 2026  19 05  -20.1112 25504.9 -05013.4 -11.1206 25993.0,1,4,2026,19,5,-201.112,25504.9,-05013.4,-111.206,25993.0
01 04 2026  19 06  -20.1114 25504.5 -05013.4 -11.1207 25992.6,1,4,2026,19,6,-201.114,25504.5,-05013.4,-111.207,25992.6
01 04 2026  19 07  -20.1110 25504.3 -05013.4 -11.1209 25992.3,1,4,2026,19,7,-201.110,25504.3,-05013.4,-111.209,25992.3
01 04 2026  19 08  -20.1110 25504.0 -05013.5 -11.1212 25992.1,1,4,2026,19,8,-201.110,25504.0,-05013.5,-111.212,25992.1
01 04 2026  19 09  -20.1107 25503.7 -05013.4 -11.1210 25991.8,1,4,2026,19,9,-201.107,25503.7,-05013.4,-111.210,25991.8
01 04 2026  19 10  -20.1105 25503.5 -05013.4 -11.1213 25991.6,1,4,2026,19,10,-201.105,25503.5,-05013.4,-111.213,25991.6
01 04 2026  19 11  -20.1103 25503.3 -05013.7 -11.1220 25991.5,1,4,2026,19,11,-201.103,25503.3,-05013.7,-111.220,25991.5
01 04 2026  19 12  -20.1102 25503.6 -05013.9 -11.1223 25991.7,1,4,2026,19,12,-201.102,25503.6,-05013.9,-111.223,25991.7
01 04 2026  19 13  -20.1101 25503.7 -05014.4 -11.1234 25992.0,1,4,2026,19,13,-201.101,25503.7,-05014.4,-111.234,25992.0
01 04 2026  19 14  -20.1100 25503.8 -05014.7 -11.1239 25992.1,1,4,2026,19,14,-201.100,25503.8,-05014.7,-111.239,25992.1
01 04 2026  19 15  -20.1100 25503.9 -05014.9 -11.1243 25992.3,1,4,2026,19,15,-201.100,25503.9,-05014.9,-111.243,25992.3
01 04 2026  19 16  -20.1096 25503.8 -05015.1 -11.1248 25992.2,1,4,2026,19,16,-201.096,25503.8,-05015.1,-111.248,25992.2
01 04 2026  19 17  -20.1095 25503.7 -05015.3 -11.1252 25992.1,1,4,2026,19,17,-201.095,25503.7,-05015.3,-111.252,25992.1
01 04 2026  19 18  -20.1095 25503.2 -05015.2 -11.1252 25991.7,1,4,2026,19,18,-201.095,25503.2,-05015.2,-111.252,25991.7
01 04 2026  19 19  -20.1094 25502.9 -05015.1 -11.1252 25991.3,1,4,2026,19,19,-201.094,25502.9,-05015.1,-111.252,25991.3
01 04 2026  19 20  -20.1091 25502.8 -05015.2 -11.1255 25991.2,1,4,2026,19,20,-201.091,25502.8,-05015.2,-111.255,25991.2
01 04 2026  19 21  -20.1086 25502.9 -05015.4 -11.1258 25991.4,1,4,2026,19,21,-201.086,25502.9,-05015.4,-111.258,25991.4
01 04 2026  19 22  -20.1086 25502.7 -05015.8 -11.1267 25991.3,1,4,2026,19,22,-201.086,25502.7,-05015.8,-111.267,25991.3
01 04 2026  19 23  -20.1084 25502.7 -05016.0 -11.1271 25991.3,1,4,2026,19,23,-201.084,25502.7,-05016.0,-111.271,25991.3
01 04 2026  19 24  -20.1083 25503.0 -05016.3 -11.1276 25991.7,1,4,2026,19,24,-201.083,25503.0,-05016.3,-111.276,25991.7
01 04 2026  19 25  -20.1081 25503.2 -05016.6 -11.1283 25991.9,1,4,2026,19,25,-201.081,25503.2,-05016.6,-111.283,25991.9
01 04 2026  19 26  -20.1080 25503.1 -05016.8 -11.1287 25991.9,1,4,2026,19,26,-201.080,25503.1,-05016.8,-111.287,25991.9
01 04 2026  19 27  -20.1078 25503.1 -05017.0 -11.1292 25991.9,1,4,2026,19,27,-201.078,25503.1,-05017.0,-111.292,25991.9
01 04 2026  19 28  -20.1078 25503.1 -05017.2 -11.1296 25991.9,1,4,2026,19,28,-201.078,25503.1,-05017.2,-111.296,25991.9
01 04 2026  19 29  -20.1079 25503.0 -05017.4 -11.1301 25991.9,1,4,2026,19,29,-201.079,25503.0,-05017.4,-111.301,25991.9
01 04 2026  19 30  -20.1080 25502.7 -05017.4 -11.1302 25991.6,1,4,2026,19,30,-201.080,25502.7,-05017.4,-111.302,25991.6
01 04 2026  19 31  -20.1081 25502.2 -05017.3 -11.1302 25991.1,1,4,2026,19,31,-201.081,25502.2,-05017.3,-111.302,25991.1
01 04 2026  19 32  -20.1080 25502.1 -05017.5 -11.1306 25991.0,1,4,2026,19,32,-201.080,25502.1,-05017.5,-111.306,25991.0
01 04 2026  19 33  -20.1079 25501.9 -05017.6 -11.1309 25990.9,1,4,2026,19,33,-201.079,25501.9,-05017.6,-111.309,25990.9
01 04 2026  19 34  -20.1081 25501.9 -05017.7 -11.1312 25990.9,1,4,2026,19,34,-201.081,25501.9,-05017.7,-111.312,25990.9
01 04 2026  19 35  -20.1081 25502.4 -05018.3 -11.1322 25991.4,1,4,2026,19,35,-201.081,25502.4,-05018.3,-111.322,25991.4
01 04 2026  19 36  -20.1078 25502.8 -05018.7 -11.1330 25992.0,1,4,2026,19,36,-201.078,25502.8,-05018.7,-111.330,25992.0
01 04 2026  19 37  -20.1077 25503.1 -05019.1 -11.1337 25992.3,1,4,2026,19,37,-201.077,25503.1,-05019.1,-111.337,25992.3
01 04 2026  19 38  -20.1076 25503.2 -05019.3 -11.1341 25992.4,1,4,2026,19,38,-201.076,25503.2,-05019.3,-111.341,25992.4
01 04 2026  19 39  -20.1077 25503.1 -05019.4 -11.1344 25992.4,1,4,2026,19,39,-201.077,25503.1,-05019.4,-111.344,25992.4
01 04 2026  19 40  -20.1075 25502.8 -05019.6 -11.1348 25992.1,1,4,2026,19,40,-201.075,25502.8,-05019.6,-111.348,25992.1
01 04 2026  19 41  -20.1074 25502.3 -05019.5 -11.1349 25991.6,1,4,2026,19,41,-201.074,25502.3,-05019.5,-111.349,25991.6
01 04 2026  19 42  -20.1075 25501.8 -05019.4 -11.1348 25991.0,1,4,2026,19,42,-201.075,25501.8,-05019.4,-111.348,25991.0
01 04 2026  19 43  -20.1075 25501.3 -05019.3 -11.1350 25990.6,1,4,2026,19,43,-201.075,25501.3,-05019.3,-111.350,25990.6
01 04 2026  19 44  -20.1076 25501.2 -05019.5 -11.1355 25990.5,1,4,2026,19,44,-201.076,25501.2,-05019.5,-111.355,25990.5
01 04 2026  19 45  -20.1076 25501.1 -05019.7 -11.1359 25990.4,1,4,2026,19,45,-201.076,25501.1,-05019.7,-111.359,25990.4
01 04 2026  19 46  -20.1077 25501.1 -05019.9 -11.1364 25990.5,1,4,2026,19,46,-201.077,25501.1,-05019.9,-111.364,25990.5
01 04 2026  19 47  -20.1081 25501.1 -05020.1 -11.1367 25990.5,1,4,2026,19,47,-201.081,25501.1,-05020.1,-111.367,25990.5
01 04 2026  19 48  -20.1082 25501.1 -05020.3 -11.1372 25990.5,1,4,2026,19,48,-201.082,25501.1,-05020.3,-111.372,25990.5
01 04 2026  19 49  -20.1085 25501.0 -05020.6 -11.1379 25990.5,1,4,2026,19,49,-201.085,25501.0,-05020.6,-111.379,25990.5
01 04 2026  19 50  -20.1087 25500.8 -05020.6 -11.1380 25990.3,1,4,2026,19,50,-201.087,25500.8,-05020.6,-111.380,25990.3
01 04 2026  19 51  -20.1089 25500.3 -05020.5 -11.1379 25989.9,1,4,2026,19,51,-201.089,25500.3,-05020.5,-111.379,25989.9
01 04 2026  19 52  -20.1089 25499.8 -05020.3 -11.1377 25989.2,1,4,2026,19,52,-201.089,25499.8,-05020.3,-111.377,25989.2
01 04 2026  19 53  -20.1091 25499.5 -05020.4 -11.1380 25989.0,1,4,2026,19,53,-201.091,25499.5,-05020.4,-111.380,25989.0
01 04 2026  19 54  -20.1092 25499.6 -05020.6 -11.1385 25989.2,1,4,2026,19,54,-201.092,25499.6,-05020.6,-111.385,25989.2
01 04 2026  19 55  -20.1093 25499.7 -05021.0 -11.1392 25989.3,1,4,2026,19,55,-201.093,25499.7,-05021.0,-111.392,25989.3
01 04 2026  19 56  -20.1094 25499.5 -05021.0 -11.1393 25989.2,1,4,2026,19,56,-201.094,25499.5,-05021.0,-111.393,25989.2
01 04 2026  19 57  -20.1097 25499.4 -05020.8 -11.1390 25989.0,1,4,2026,19,57,-201.097,25499.4,-05020.8,-111.390,25989.0
01 04 2026  19 58  -20.1099 25499.2 -05020.7 -11.1388 25988.7,1,4,2026,19,58,-201.099,25499.2,-05020.7,-111.388,25988.7
01 04 2026  19 59  -20.1100 25499.1 -05020.9 -11.1393 25988.7,1,4,2026,19,59,-201.100,25499.1,-05020.9,-111.393,25988.7
01 04 2026  20 00  -20.1105 25499.1 -05021.0 -11.1394 25988.7,1,4,2026,20,0,-201.105,25499.1,-05021.0,-111.394,25988.7
01 04 2026  20 01  -20.1108 25498.8 -05020.9 -11.1395 25988.4,1,4,2026,20,1,-201.108,25498.8,-05020.9,-111.395,25988.4
01 04 2026  20 02  -20.1111 25498.5 -05020.9 -11.1395 25988.2,1,4,2026,20,2,-201.111,25498.5,-05020.9,-111.395,25988.2
01 04 2026  20 03  -20.1115 25498.1 -05020.8 -11.1395 25987.7,1,4,2026,20,3,-201.115,25498.1,-05020.8,-111.395,25987.7
01 04 2026  20 04  -20.1119 25498.1 -05020.9 -11.1397 25987.7,1,4,2026,20,4,-201.119,25498.1,-05020.9,-111.397,25987.7
01 04 2026  20 05  -20.1122 25497.7 -05020.7 -11.1396 25987.3,1,4,2026,20,5,-201.122,25497.7,-05020.7,-111.396,25987.3
01 04 2026  20 06  -20.1124 25497.7 -05020.8 -11.1398 25987.3,1,4,2026,20,6,-201.124,25497.7,-05020.8,-111.398,25987.3
01 04 2026  20 07  -20.1125 25497.1 -05020.6 -11.1395 25986.7,1,4,2026,20,7,-201.125,25497.1,-05020.6,-111.395,25986.7
01 04 2026  20 08  -20.1125 25496.7 -05020.5 -11.1394 25986.3,1,4,2026,20,8,-201.125,25496.7,-05020.5,-111.394,25986.3
01 04 2026  20 09  -20.1126 25496.2 -05020.2 -11.1391 25985.7,1,4,2026,20,9,-201.126,25496.2,-05020.2,-111.391,25985.7
01 04 2026  20 10  -20.1127 25496.0 -05020.2 -11.1391 25985.5,1,4,2026,20,10,-201.127,25496.0,-05020.2,-111.391,25985.5
01 04 2026  20 11  -20.1127 25496.1 -05020.4 -11.1395 25985.7,1,4,2026,20,11,-201.127,25496.1,-05020.4,-111.395,25985.7
01 04 2026  20 12  -20.1129 25495.9 -05020.3 -11.1394 25985.5,1,4,2026,20,12,-201.129,25495.9,-05020.3,-111.394,25985.5
01 04 2026  20 13  -20.1128 25496.2 -05020.5 -11.1397 25985.8,1,4,2026,20,13,-201.128,25496.2,-05020.5,-111.397,25985.8
01 04 2026  20 14  -20.1131 25495.8 -05020.4 -11.1396 25985.4,1,4,2026,20,14,-201.131,25495.8,-05020.4,-111.396,25985.4
01 04 2026  20 15  -20.1132 25495.4 -05020.3 -11.1396 25985.0,1,4,2026,20,15,-201.132,25495.4,-05020.3,-111.396,25985.0
01 04 2026  20 16  -20.1135 25495.1 -05020.3 -11.1396 25984.6,1,4,2026,20,16,-201.135,25495.1,-05020.3,-111.396,25984.6
01 04 2026  20 17  -20.1137 25494.9 -05020.2 -11.1397 25984.5,1,4,2026,20,17,-201.137,25494.9,-05020.2,-111.397,25984.5
01 04 2026  20 18  -20.1140 25494.4 -05019.9 -11.1392 25983.9,1,4,2026,20,18,-201.140,25494.4,-05019.9,-111.392,25983.9
01 04 2026  20 19  -20.1140 25493.9 -05019.9 -11.1394 25983.4,1,4,2026,20,19,-201.140,25493.9,-05019.9,-111.394,25983.4
01 04 2026  20 20  -20.1139 25493.5 -05019.8 -11.1392 25983.0,1,4,2026,20,20,-201.139,25493.5,-05019.8,-111.392,25983.0
01 04 2026  20 21  -20.1139 25493.3 -05019.6 -11.1390 25982.8,1,4,2026,20,21,-201.139,25493.3,-05019.6,-111.390,25982.8
01 04 2026  20 22  -20.1138 25493.3 -05020.0 -11.1397 25982.9,1,4,2026,20,22,-201.138,25493.3,-05020.0,-111.397,25982.9
01 04 2026  20 23  -20.1139 25493.5 -05020.2 -11.1402 25983.1,1,4,2026,20,23,-201.139,25493.5,-05020.2,-111.402,25983.1
01 04 2026  20 24  -20.1138 25493.7 -05020.4 -11.1405 25983.3,1,4,2026,20,24,-201.138,25493.7,-05020.4,-111.405,25983.3
01 04 2026  20 25  -20.1137 25493.7 -05020.5 -11.1407 25983.3,1,4,2026,20,25,-201.137,25493.7,-05020.5,-111.407,25983.3
01 04 2026  20 26  -20.1139 25493.5 -05020.4 -11.1407 25983.1,1,4,2026,20,26,-201.139,25493.5,-05020.4,-111.407,25983.1
01 04 2026  20 27  -20.1140 25493.4 -05020.2 -11.1401 25983.0,1,4,2026,20,27,-201.140,25493.4,-05020.2,-111.401,25983.0
01 04 2026  20 28  -20.1138 25493.5 -05020.4 -11.1406 25983.1,1,4,2026,20,28,-201.138,25493.5,-05020.4,-111.406,25983.1
01 04 2026  20 29  -20.1134 25493.9 -05020.9 -11.1414 25983.6,1,4,2026,20,29,-201.134,25493.9,-05020.9,-111.414,25983.6
01 04 2026  20 30  -20.1132 25494.1 -05021.0 -11.1418 25983.8,1,4,2026,20,30,-201.132,25494.1,-05021.0,-111.418,25983.8
01 04 2026  20 31  -20.1131 25494.0 -05021.0 -11.1418 25983.7,1,4,2026,20,31,-201.131,25494.0,-05021.0,-111.418,25983.7
01 04 2026  20 32  -20.1133 25493.8 -05021.1 -11.1420 25983.5,1,4,2026,20,32,-201.133,25493.8,-05021.1,-111.420,25983.5
01 04 2026  20 33  -20.1135 25493.9 -05021.3 -11.1423 25983.7,1,4,2026,20,33,-201.135,25493.9,-05021.3,-111.423,25983.7
01 04 2026  20 34  -20.1134 25493.9 -05021.5 -11.1427 25983.8,1,4,2026,20,34,-201.134,25493.9,-05021.5,-111.427,25983.8
01 04 2026  20 35  -20.1133 25493.6 -05021.3 -11.1425 25983.4,1,4,2026,20,35,-201.133,25493.6,-05021.3,-111.425,25983.4
01 04 2026  20 36  -20.1133 25493.4 -05021.2 -11.1423 25983.2,1,4,2026,20,36,-201.133,25493.4,-05021.2,-111.423,25983.2
01 04 2026  20 37  -20.1133 25493.1 -05021.1 -11.1422 25982.9,1,4,2026,20,37,-201.133,25493.1,-05021.1,-111.422,25982.9
01 04 2026  20 38  -20.1131 25492.9 -05020.9 -11.1420 25982.6,1,4,2026,20,38,-201.131,25492.9,-05020.9,-111.420,25982.6
01 04 2026  20 39  -20.1128 25492.8 -05020.9 -11.1421 25982.6,1,4,2026,20,39,-201.128,25492.8,-05020.9,-111.421,25982.6
01 04 2026  20 40  -20.1124 25492.9 -05021.1 -11.1423 25982.6,1,4,2026,20,40,-201.124,25492.9,-05021.1,-111.423,25982.6
01 04 2026  20 41  -20.1122 25492.9 -05021.2 -11.1426 25982.7,1,4,2026,20,41,-201.122,25492.9,-05021.2,-111.426,25982.7
01 04 2026  20 42  -20.1117 25493.1 -05021.3 -11.1427 25982.9,1,4,2026,20,42,-201.117,25493.1,-05021.3,-111.427,25982.9
01 04 2026  20 43  -20.1114 25493.2 -05021.5 -11.1430 25983.0,1,4,2026,20,43,-201.114,25493.2,-05021.5,-111.430,25983.0
01 04 2026  20 44  -20.1111 25493.2 -05021.4 -11.1429 25983.1,1,4,2026,20,44,-201.111,25493.2,-05021.4,-111.429,25983.1
01 04 2026  20 45  -20.1109 25493.0 -05021.5 -11.1431 25982.8,1,4,2026,20,45,-201.109,25493.0,-05021.5,-111.431,25982.8
01 04 2026  20 46  -20.1108 25492.8 -05021.2 -11.1427 25982.6,1,4,2026,20,46,-201.108,25492.8,-05021.2,-111.427,25982.6
01 04 2026  20 47  -20.1104 25493.0 -05021.4 -11.1431 25982.8,1,4,2026,20,47,-201.104,25493.0,-05021.4,-111.431,25982.8
01 04 2026  20 48  -20.1102 25492.9 -05021.6 -11.1434 25982.8,1,4,2026,20,48,-201.102,25492.9,-05021.6,-111.434,25982.8
01 04 2026  20 49  -20.1099 25493.2 -05021.8 -11.1438 25983.1,1,4,2026,20,49,-201.099,25493.2,-05021.8,-111.438,25983.1
01 04 2026  20 50  -20.1093 25494.0 -05022.3 -11.1445 25984.0,1,4,2026,20,50,-201.093,25494.0,-05022.3,-111.445,25984.0
01 04 2026  20 51  -20.1092 25494.7 -05022.6 -11.1449 25984.7,1,4,2026,20,51,-201.092,25494.7,-05022.6,-111.449,25984.7
01 04 2026  20 52  -20.1089 25495.5 -05023.1 -11.1456 25985.6,1,4,2026,20,52,-201.089,25495.5,-05023.1,-111.456,25985.6
01 04 2026  20 53  -20.1085 25496.3 -05023.6 -11.1463 25986.5,1,4,2026,20,53,-201.085,25496.3,-05023.6,-111.463,25986.5
01 04 2026  20 54  -20.1079 25497.0 -05024.1 -11.1472 25987.3,1,4,2026,20,54,-201.079,25497.0,-05024.1,-111.472,25987.3
01 04 2026  20 55  -20.1075 25497.0 -05024.2 -11.1473 25987.3,1,4,2026,20,55,-201.075,25497.0,-05024.2,-111.473,25987.3
01 04 2026  20 56  -20.1070 25496.9 -05024.0 -11.1469 25987.1,1,4,2026,20,56,-201.070,25496.9,-05024.0,-111.469,25987.1
01 04 2026  20 57  -20.1066 25497.4 -05024.1 -11.1469 25987.7,1,4,2026,20,57,-201.066,25497.4,-05024.1,-111.469,25987.7
01 04 2026  20 58  -20.1060 25498.0 -05024.3 -11.1471 25988.3,1,4,2026,20,58,-201.060,25498.0,-05024.3,-111.471,25988.3
01 04 2026  20 59  -20.1054 25498.2 -05024.6 -11.1477 25988.5,1,4,2026,20,59,-201.054,25498.2,-05024.6,-111.477,25988.5
01 04 2026  21 00  -20.1052 25498.1 -05024.6 -11.1477 25988.4,1,4,2026,21,0,-201.052,25498.1,-05024.6,-111.477,25988.4
01 04 2026  21 01  -20.1052 25497.8 -05024.4 -11.1473 25988.1,1,4,2026,21,1,-201.052,25497.8,-05024.4,-111.473,25988.1
01 04 2026  21 02  -20.1052 25497.2 -05024.0 -11.1467 25987.4,1,4,2026,21,2,-201.052,25497.2,-05024.0,-111.467,25987.4
01 04 2026  21 03  -20.1053 25496.3 -05023.4 -11.1459 25986.5,1,4,2026,21,3,-201.053,25496.3,-05023.4,-111.459,25986.5
01 04 2026  21 04  -20.1057 25495.4 -05022.7 -11.1447 25985.5,1,4,2026,21,4,-201.057,25495.4,-05022.7,-111.447,25985.5
01 04 2026  21 05  -20.1059 25494.9 -05022.4 -11.1443 25984.9,1,4,2026,21,5,-201.059,25494.9,-05022.4,-111.443,25984.9
01 04 2026  21 06  -20.1058 25494.6 -05022.5 -11.1446 25984.6,1,4,2026,21,6,-201.058,25494.6,-05022.5,-111.446,25984.6
01 04 2026  21 07  -20.1057 25494.7 -05022.6 -11.1449 25984.7,1,4,2026,21,7,-201.057,25494.7,-05022.6,-111.449,25984.7
01 04 2026  21 08  -20.1052 25494.9 -05022.5 -11.1445 25984.9,1,4,2026,21,8,-201.052,25494.9,-05022.5,-111.445,25984.9
01 04 2026  21 09  -20.1049 25495.0 -05023.0 -11.1455 25985.1,1,4,2026,21,9,-201.049,25495.0,-05023.0,-111.455,25985.1
01 04 2026  21 10  -20.1046 25494.6 -05022.9 -11.1456 25984.6,1,4,2026,21,10,-201.046,25494.6,-05022.9,-111.456,25984.6
01 04 2026  21 11  -20.1045 25493.6 -05022.5 -11.1450 25983.7,1,4,2026,21,11,-201.045,25493.6,-05022.5,-111.450,25983.7
01 04 2026  21 12  -20.1044 25492.8 -05022.1 -11.1445 25982.7,1,4,2026,21,12,-201.044,25492.8,-05022.1,-111.445,25982.7
01 04 2026  21 13  -20.1044 25492.0 -05021.7 -11.1441 25981.9,1,4,2026,21,13,-201.044,25492.0,-05021.7,-111.441,25981.9
01 04 2026  21 14  -20.1044 25491.6 -05021.6 -11.1439 25981.5,1,4,2026,21,14,-201.044,25491.6,-05021.6,-111.439,25981.5
01 04 2026  21 15  -20.1041 25491.5 -05021.5 -11.1437 25981.4,1,4,2026,21,15,-201.041,25491.5,-05021.5,-111.437,25981.4
01 04 2026  21 16  -20.1040 25491.4 -05021.9 -11.1447 25981.3,1,4,2026,21,16,-201.040,25491.4,-05021.9,-111.447,25981.3
01 04 2026  21 17  -20.1039 25491.2 -05021.9 -11.1447 25981.2,1,4,2026,21,17,-201.039,25491.2,-05021.9,-111.447,25981.2
01 04 2026  21 18  -20.1038 25491.4 -05022.2 -11.1453 25981.4,1,4,2026,21,18,-201.038,25491.4,-05022.2,-111.453,25981.4
01 04 2026  21 19  -20.1035 25491.2 -05022.4 -11.1459 25981.3,1,4,2026,21,19,-201.035,25491.2,-05022.4,-111.459,25981.3
01 04 2026  21 20  -20.1035 25490.8 -05022.3 -11.1459 25980.9,1,4,2026,21,20,-201.035,25490.8,-05022.3,-111.459,25980.9
01 04 2026  21 21  -20.1038 25490.4 -05022.3 -11.1461 25980.5,1,4,2026,21,21,-201.038,25490.4,-05022.3,-111.461,25980.5
01 04 2026  21 22  -20.1037 25490.1 -05022.2 -11.1460 25980.2,1,4,2026,21,22,-201.037,25490.1,-05022.2,-111.460,25980.2
01 04 2026  21 23  -20.1038 25490.2 -05022.4 -11.1463 25980.3,1,4,2026,21,23,-201.038,25490.2,-05022.4,-111.463,25980.3
01 04 2026  21 24  -20.1038 25490.7 -05022.9 -11.1473 25980.8,1,4,2026,21,24,-201.038,25490.7,-05022.9,-111.473,25980.8
01 04 2026  21 25  -20.1036 25490.2 -05023.2 -11.1480 25980.5,1,4,2026,21,25,-201.036,25490.2,-05023.2,-111.480,25980.5
01 04 2026  21 26  -20.1038 25490.0 -05023.3 -11.1485 25980.3,1,4,2026,21,26,-201.038,25490.0,-05023.3,-111.485,25980.3
01 04 2026  21 27  -20.1040 25490.2 -05023.6 -11.1489 25980.5,1,4,2026,21,27,-201.040,25490.2,-05023.6,-111.489,25980.5
01 04 2026  21 28  -20.1040 25490.2 -05023.7 -11.1492 25980.6,1,4,2026,21,28,-201.040,25490.2,-05023.7,-111.492,25980.6
01 04 2026  21 29  -20.1043 25490.0 -05023.6 -11.1490 25980.3,1,4,2026,21,29,-201.043,25490.0,-05023.6,-111.490,25980.3
01 04 2026  21 30  -20.1046 25489.8 -05023.6 -11.1491 25980.1,1,4,2026,21,30,-201.046,25489.8,-05023.6,-111.491,25980.1
01 04 2026  21 31  -20.1049 25489.8 -05023.3 -11.1484 25980.1,1,4,2026,21,31,-201.049,25489.8,-05023.3,-111.484,25980.1
01 04 2026  21 32  -20.1047 25490.1 -05023.3 -11.1484 25980.4,1,4,2026,21,32,-201.047,25490.1,-05023.3,-111.484,25980.4
01 04 2026  21 33  -20.1048 25490.1 -05023.7 -11.1492 25980.4,1,4,2026,21,33,-201.048,25490.1,-05023.7,-111.492,25980.4
01 04 2026  21 34  -20.1050 25490.1 -05024.1 -11.1500 25980.5,1,4,2026,21,34,-201.050,25490.1,-05024.1,-111.500,25980.5
01 04 2026  21 35  -20.1054 25490.8 -05024.5 -11.1505 25981.3,1,4,2026,21,35,-201.054,25490.8,-05024.5,-111.505,25981.3
01 04 2026  21 36  -20.1051 25492.3 -05025.4 -11.1520 25982.9,1,4,2026,21,36,-201.051,25492.3,-05025.4,-111.520,25982.9
01 04 2026  21 37  -20.1051 25492.8 -05026.0 -11.1529 25983.5,1,4,2026,21,37,-201.051,25492.8,-05026.0,-111.529,25983.5
01 04 2026  21 38  -20.1053 25492.0 -05025.5 -11.1523 25982.7,1,4,2026,21,38,-201.053,25492.0,-05025.5,-111.523,25982.7
01 04 2026  21 39  -20.1065 25490.8 -05025.1 -11.1519 25981.3,1,4,2026,21,39,-201.065,25490.8,-05025.1,-111.519,25981.3
01 04 2026  21 40  -20.1074 25489.6 -05024.3 -11.1507 25980.1,1,4,2026,21,40,-201.074,25489.6,-05024.3,-111.507,25980.1
01 04 2026  21 41  -20.1078 25488.9 -05023.7 -11.1498 25979.3,1,4,2026,21,41,-201.078,25488.9,-05023.7,-111.498,25979.3
01 04 2026  21 42  -20.1078 25488.4 -05023.4 -11.1493 25978.7,1,4,2026,21,42,-201.078,25488.4,-05023.4,-111.493,25978.7
01 04 2026  21 43  -20.1079 25488.2 -05023.1 -11.1488 25978.4,1,4,2026,21,43,-201.079,25488.2,-05023.1,-111.488,25978.4
01 04 2026  21 44  -20.1078 25488.2 -05023.3 -11.1491 25978.5,1,4,2026,21,44,-201.078,25488.2,-05023.3,-111.491,25978.5
01 04 2026  21 45  -20.1078 25488.5 -05023.4 -11.1492 25978.8,1,4,2026,21,45,-201.078,25488.5,-05023.4,-111.492,25978.8
01 04 2026  21 46  -20.1078 25488.5 -05023.6 -11.1497 25978.9,1,4,2026,21,46,-201.078,25488.5,-05023.6,-111.497,25978.9
01 04 2026  21 47  -20.1080 25488.3 -05023.7 -11.1500 25978.7,1,4,2026,21,47,-201.080,25488.3,-05023.7,-111.500,25978.7
01 04 2026  21 48  -20.1082 25488.2 -05023.8 -11.1502 25978.6,1,4,2026,21,48,-201.082,25488.2,-05023.8,-111.502,25978.6
01 04 2026  21 49  -20.1086 25487.9 -05023.7 -11.1501 25978.3,1,4,2026,21,49,-201.086,25487.9,-05023.7,-111.501,25978.3
01 04 2026  21 50  -20.1090 25487.8 -05023.5 -11.1498 25978.1,1,4,2026,21,50,-201.090,25487.8,-05023.5,-111.498,25978.1
01 04 2026  21 51  -20.1092 25488.0 -05023.9 -11.1505 25978.4,1,4,2026,21,51,-201.092,25488.0,-05023.9,-111.505,25978.4
01 04 2026  21 52  -20.1093 25488.5 -05024.3 -11.1512 25979.0,1,4,2026,21,52,-201.093,25488.5,-05024.3,-111.512,25979.0
01 04 2026  21 53  -20.1095 25489.0 -05024.6 -11.1517 25979.5,1,4,2026,21,53,-201.095,25489.0,-05024.6,-111.517,25979.5
01 04 2026  21 54  -20.1098 25489.1 -05024.8 -11.1521 25979.7,1,4,2026,21,54,-201.098,25489.1,-05024.8,-111.521,25979.7
01 04 2026  21 55  -20.1101 25489.1 -05024.8 -11.1519 25979.7,1,4,2026,21,55,-201.101,25489.1,-05024.8,-111.519,25979.7
01 04 2026  21 56  -20.1105 25488.9 -05024.8 -11.1520 25979.5,1,4,2026,21,56,-201.105,25488.9,-05024.8,-111.520,25979.5
01 04 2026  21 57  -20.1107 25488.7 -05024.6 -11.1517 25979.2,1,4,2026,21,57,-201.107,25488.7,-05024.6,-111.517,25979.2
01 04 2026  21 58  -20.1109 25488.6 -05024.6 -11.1519 25979.1,1,4,2026,21,58,-201.109,25488.6,-05024.6,-111.519,25979.1
01 04 2026  21 59  -20.1111 25488.4 -05024.3 -11.1513 25978.9,1,4,2026,21,59,-201.111,25488.4,-05024.3,-111.513,25978.9
01 04 2026  22 00  -20.1112 25488.7 -05024.7 -11.1519 25979.3,1,4,2026,22,0,-201.112,25488.7,-05024.7,-111.519,25979.3
01 04 2026  22 01  -20.1112 25488.9 -05024.9 -11.1524 25979.5,1,4,2026,22,1,-201.112,25488.9,-05024.9,-111.524,25979.5
01 04 2026  22 02  -20.1113 25488.9 -05024.8 -11.1520 25979.4,1,4,2026,22,2,-201.113,25488.9,-05024.8,-111.520,25979.4
01 04 2026  22 03  -20.1114 25488.8 -05024.9 -11.1524 25979.4,1,4,2026,22,3,-201.114,25488.8,-05024.9,-111.524,25979.4
01 04 2026  22 04  -20.1117 25489.0 -05025.2 -11.1530 25979.7,1,4,2026,22,4,-201.117,25489.0,-05025.2,-111.530,25979.7
01 04 2026  22 05  -20.1118 25489.4 -05025.4 -11.1533 25980.1,1,4,2026,22,5,-201.118,25489.4,-05025.4,-111.533,25980.1
01 04 2026  22 06  -20.1121 25489.7 -05025.7 -11.1537 25980.5,1,4,2026,22,6,-201.121,25489.7,-05025.7,-111.537,25980.5
01 04 2026  22 07  -20.1124 25489.9 -05025.8 -11.1538 25980.6,1,4,2026,22,7,-201.124,25489.9,-05025.8,-111.538,25980.6
01 04 2026  22 08  -20.1127 25489.9 -05025.9 -11.1540 25980.7,1,4,2026,22,8,-201.127,25489.9,-05025.9,-111.540,25980.7
01 04 2026  22 09  -20.1130 25490.0 -05026.0 -11.1542 25980.8,1,4,2026,22,9,-201.130,25490.0,-05026.0,-111.542,25980.8
01 04 2026  22 10  -20.1133 25490.0 -05025.9 -11.1540 25980.8,1,4,2026,22,10,-201.133,25490.0,-05025.9,-111.540,25980.8
01 04 2026  22 11  -20.1133 25490.1 -05026.0 -11.1541 25980.8,1,4,2026,22,11,-201.133,25490.1,-05026.0,-111.541,25980.8
01 04 2026  22 12  -20.1136 25490.2 -05026.1 -11.1543 25981.0,1,4,2026,22,12,-201.136,25490.2,-05026.1,-111.543,25981.0
01 04 2026  22 13  -20.1137 25490.3 -05026.1 -11.1543 25981.1,1,4,2026,22,13,-201.137,25490.3,-05026.1,-111.543,25981.1
01 04 2026  22 14  -20.1138 25490.2 -05026.1 -11.1543 25981.0,1,4,2026,22,14,-201.138,25490.2,-05026.1,-111.543,25981.0
01 04 2026  22 15  -20.1141 25490.0 -05025.9 -11.1539 25980.7,1,4,2026,22,15,-201.141,25490.0,-05025.9,-111.539,25980.7
01 04 2026  22 16  -20.1143 25489.8 -05025.8 -11.1539 25980.5,1,4,2026,22,16,-201.143,25489.8,-05025.8,-111.539,25980.5
01 04 2026  22 17  -20.1145 25489.6 -05025.8 -11.1540 25980.4,1,4,2026,22,17,-201.145,25489.6,-05025.8,-111.540,25980.4
01 04 2026  22 18  -20.1147 25489.4 -05025.6 -11.1537 25980.1,1,4,2026,22,18,-201.147,25489.4,-05025.6,-111.537,25980.1
01 04 2026  22 19  -20.1148 25489.0 -05025.5 -11.1535 25979.7,1,4,2026,22,19,-201.148,25489.0,-05025.5,-111.535,25979.7
01 04 2026  22 20  -20.1150 25488.4 -05025.1 -11.1530 25979.0,1,4,2026,22,20,-201.150,25488.4,-05025.1,-111.530,25979.0
01 04 2026  22 21  -20.1152 25487.9 -05024.8 -11.1526 25978.5,1,4,2026,22,21,-201.152,25487.9,-05024.8,-111.526,25978.5
01 04 2026  22 22  -20.1153 25488.1 -05024.8 -11.1525 25978.7,1,4,2026,22,22,-201.153,25488.1,-05024.8,-111.525,25978.7
01 04 2026  22 23  -20.1152 25489.1 -05025.4 -11.1534 25979.8,1,4,2026,22,23,-201.152,25489.1,-05025.4,-111.534,25979.8
01 04 2026  22 24  -20.1149 25490.0 -05026.1 -11.1544 25980.8,1,4,2026,22,24,-201.149,25490.0,-05026.1,-111.544,25980.8
01 04 2026  22 25  -20.1149 25490.8 -05026.7 -11.1554 25981.7,1,4,2026,22,25,-201.149,25490.8,-05026.7,-111.554,25981.7
01 04 2026  22 26  -20.1150 25491.0 -05027.0 -11.1560 25981.9,1,4,2026,22,26,-201.150,25491.0,-05027.0,-111.560,25981.9
01 04 2026  22 27  -20.1152 25490.3 -05026.6 -11.1555 25981.2,1,4,2026,22,27,-201.152,25490.3,-05026.6,-111.555,25981.2
01 04 2026  22 28  -20.1156 25489.7 -05026.0 -11.1543 25980.5,1,4,2026,22,28,-201.156,25489.7,-05026.0,-111.543,25980.5
01 04 2026  22 29  -20.1160 25488.9 -05025.6 -11.1538 25979.6,1,4,2026,22,29,-201.160,25488.9,-05025.6,-111.538,25979.6
01 04 2026  22 30  -20.1163 25488.3 -05025.2 -11.1532 25978.9,1,4,2026,22,30,-201.163,25488.3,-05025.2,-111.532,25978.9
01 04 2026  22 31  -20.1165 25487.9 -05025.0 -11.1530 25978.6,1,4,2026,22,31,-201.165,25487.9,-05025.0,-111.530,25978.6
01 04 2026  22 32  -20.1168 25487.6 -05024.8 -11.1527 25978.2,1,4,2026,22,32,-201.168,25487.6,-05024.8,-111.527,25978.2
01 04 2026  22 33  -20.1169 25487.4 -05024.7 -11.1526 25978.0,1,4,2026,22,33,-201.169,25487.4,-05024.7,-111.526,25978.0
01 04 2026  22 34  -20.1171 25487.0 -05024.5 -11.1523 25977.6,1,4,2026,22,34,-201.171,25487.0,-05024.5,-111.523,25977.6
01 04 2026  22 35  -20.1172 25486.5 -05024.3 -11.1521 25977.1,1,4,2026,22,35,-201.172,25486.5,-05024.3,-111.521,25977.1
01 04 2026  22 36  -20.1174 25486.2 -05024.2 -11.1519 25976.7,1,4,2026,22,36,-201.174,25486.2,-05024.2,-111.519,25976.7
01 04 2026  22 37  -20.1175 25485.8 -05023.9 -11.1515 25976.2,1,4,2026,22,37,-201.175,25485.8,-05023.9,-111.515,25976.2
01 04 2026  22 38  -20.1176 25485.5 -05023.8 -11.1514 25976.0,1,4,2026,22,38,-201.176,25485.5,-05023.8,-111.514,25976.0
01 04 2026  22 39  -20.1175 25485.5 -05023.8 -11.1514 25975.9,1,4,2026,22,39,-201.175,25485.5,-05023.8,-111.514,25975.9
01 04 2026  22 40  -20.1177 25485.4 -05023.9 -11.1516 25975.9,1,4,2026,22,40,-201.177,25485.4,-05023.9,-111.516,25975.9
01 04 2026  22 41  -20.1176 25485.8 -05024.0 -11.1516 25976.3,1,4,2026,22,41,-201.176,25485.8,-05024.0,-111.516,25976.3
01 04 2026  22 42  -20.1175 25486.3 -05024.5 -11.1526 25976.9,1,4,2026,22,42,-201.175,25486.3,-05024.5,-111.526,25976.9
01 04 2026  22 43  -20.1174 25486.4 -05024.6 -11.1528 25977.0,1,4,2026,22,43,-201.174,25486.4,-05024.6,-111.528,25977.0
01 04 2026  22 44  -20.1174 25486.0 -05024.4 -11.1525 25976.5,1,4,2026,22,44,-201.174,25486.0,-05024.4,-111.525,25976.5
01 04 2026  22 45  -20.1173 25485.7 -05024.4 -11.1526 25976.3,1,4,2026,22,45,-201.173,25485.7,-05024.4,-111.526,25976.3
01 04 2026  22 46  -20.1172 25485.7 -05024.4 -11.1525 25976.2,1,4,2026,22,46,-201.172,25485.7,-05024.4,-111.525,25976.2
01 04 2026  22 47  -20.1171 25485.7 -05024.4 -11.1525 25976.2,1,4,2026,22,47,-201.171,25485.7,-05024.4,-111.525,25976.2
01 04 2026  22 48  -20.1170 25485.8 -05024.6 -11.1529 25976.4,1,4,2026,22,48,-201.170,25485.8,-05024.6,-111.529,25976.4
01 04 2026  22 49  -20.1170 25486.1 -05024.8 -11.1532 25976.7,1,4,2026,22,49,-201.170,25486.1,-05024.8,-111.532,25976.7
01 04 2026  22 50  -20.1170 25486.3 -05025.0 -11.1536 25977.0,1,4,2026,22,50,-201.170,25486.3,-05025.0,-111.536,25977.0
01 04 2026  22 51  -20.1170 25486.8 -05025.3 -11.1541 25977.5,1,4,2026,22,51,-201.170,25486.8,-05025.3,-111.541,25977.5
01 04 2026  22 52  -20.1169 25487.3 -05025.6 -11.1546 25978.0,1,4,2026,22,52,-201.169,25487.3,-05025.6,-111.546,25978.0
01 04 2026  22 53  -20.1169 25487.9 -05025.8 -11.1548 25978.7,1,4,2026,22,53,-201.169,25487.9,-05025.8,-111.548,25978.7
01 04 2026  22 54  -20.1168 25488.1 -05026.2 -11.1554 25979.0,1,4,2026,22,54,-201.168,25488.1,-05026.2,-111.554,25979.0
01 04 2026  22 55  -20.1168 25488.2 -05026.3 -11.1556 25979.1,1,4,2026,22,55,-201.168,25488.2,-05026.3,-111.556,25979.1
01 04 2026  22 56  -20.1168 25488.2 -05026.3 -11.1557 25979.0,1,4,2026,22,56,-201.168,25488.2,-05026.3,-111.557,25979.0
01 04 2026  22 57  -20.1169 25487.9 -05026.1 -11.1553 25978.7,1,4,2026,22,57,-201.169,25487.9,-05026.1,-111.553,25978.7
01 04 2026  22 58  -20.1170 25487.6 -05025.9 -11.1550 25978.4,1,4,2026,22,58,-201.170,25487.6,-05025.9,-111.550,25978.4
01 04 2026  22 59  -20.1171 25487.3 -05025.7 -11.1548 25978.1,1,4,2026,22,59,-201.171,25487.3,-05025.7,-111.548,25978.1
01 04 2026  23 00  -20.1172 25487.0 -05025.5 -11.1544 25977.8,1,4,2026,23,0,-201.172,25487.0,-05025.5,-111.544,25977.8
01 04 2026  23 01  -20.1174 25486.9 -05025.5 -11.1545 25977.6,1,4,2026,23,1,-201.174,25486.9,-05025.5,-111.545,25977.6
01 04 2026  23 02  -20.1175 25486.8 -05025.5 -11.1544 25977.6,1,4,2026,23,2,-201.175,25486.8,-05025.5,-111.544,25977.6
01 04 2026  23 03  -20.1175 25486.8 -05025.5 -11.1546 25977.6,1,4,2026,23,3,-201.175,25486.8,-05025.5,-111.546,25977.6
01 04 2026  23 04  -20.1174 25486.9 -05025.6 -11.1546 25977.7,1,4,2026,23,4,-201.174,25486.9,-05025.6,-111.546,25977.7
01 04 2026  23 05  -20.1173 25486.9 -05025.6 -11.1546 25977.7,1,4,2026,23,5,-201.173,25486.9,-05025.6,-111.546,25977.7
01 04 2026  23 06  -20.1171 25486.8 -05025.5 -11.1546 25977.5,1,4,2026,23,6,-201.171,25486.8,-05025.5,-111.546,25977.5
01 04 2026  23 07  -20.1169 25486.8 -05025.5 -11.1546 25977.6,1,4,2026,23,7,-201.169,25486.8,-05025.5,-111.546,25977.6
01 04 2026  23 08  -20.1167 25486.9 -05025.7 -11.1548 25977.7,1,4,2026,23,8,-201.167,25486.9,-05025.7,-111.548,25977.7
01 04 2026  23 09  -20.1165 25486.7 -05025.6 -11.1547 25977.4,1,4,2026,23,9,-201.165,25486.7,-05025.6,-111.547,25977.4
01 04 2026  23 10  -20.1163 25486.4 -05025.5 -11.1546 25977.2,1,4,2026,23,10,-201.163,25486.4,-05025.5,-111.546,25977.2
01 04 2026  23 11  -20.1160 25486.3 -05025.5 -11.1547 25977.0,1,4,2026,23,11,-201.160,25486.3,-05025.5,-111.547,25977.0
01 04 2026  23 12  -20.1158 25486.4 -05025.6 -11.1548 25977.1,1,4,2026,23,12,-201.158,25486.4,-05025.6,-111.548,25977.1
01 04 2026  23 13  -20.1157 25486.4 -05025.6 -11.1550 25977.2,1,4,2026,23,13,-201.157,25486.4,-05025.6,-111.550,25977.2
01 04 2026  23 14  -20.1158 25486.5 -05025.8 -11.1553 25977.3,1,4,2026,23,14,-201.158,25486.5,-05025.8,-111.553,25977.3
01 04 2026  23 15  -20.1160 25486.8 -05026.1 -11.1557 25977.7,1,4,2026,23,15,-201.160,25486.8,-05026.1,-111.557,25977.7
01 04 2026  23 16  -20.1160 25487.0 -05026.2 -11.1558 25977.8,1,4,2026,23,16,-201.160,25487.0,-05026.2,-111.558,25977.8
01 04 2026  23 17  -20.1160 25487.1 -05026.4 -11.1562 25978.0,1,4,2026,23,17,-201.160,25487.1,-05026.4,-111.562,25978.0
01 04 2026  23 18  -20.1160 25487.4 -05026.4 -11.1563 25978.3,1,4,2026,23,18,-201.160,25487.4,-05026.4,-111.563,25978.3
01 04 2026  23 19  -20.1159 25487.4 -05026.5 -11.1563 25978.3,1,4,2026,23,19,-201.159,25487.4,-05026.5,-111.563,25978.3
01 04 2026  23 20  -20.1159 25487.1 -05026.3 -11.1561 25977.9,1,4,2026,23,20,-201.159,25487.1,-05026.3,-111.561,25977.9
01 04 2026  23 21  -20.1160 25486.5 -05025.9 -11.1556 25977.3,1,4,2026,23,21,-201.160,25486.5,-05025.9,-111.556,25977.3
01 04 2026  23 22  -20.1160 25485.5 -05025.4 -11.1548 25976.3,1,4,2026,23,22,-201.160,25485.5,-05025.4,-111.548,25976.3
01 04 2026  23 23  -20.1161 25484.7 -05024.9 -11.1541 25975.4,1,4,2026,23,23,-201.161,25484.7,-05024.9,-111.541,25975.4
01 04 2026  23 24  -20.1163 25484.3 -05024.4 -11.1533 25974.8,1,4,2026,23,24,-201.163,25484.3,-05024.4,-111.533,25974.8
01 04 2026  23 25  -20.1164 25484.0 -05024.2 -11.1529 25974.5,1,4,2026,23,25,-201.164,25484.0,-05024.2,-111.529,25974.5
01 04 2026  23 26  -20.1166 25483.6 -05024.3 -11.1534 25974.2,1,4,2026,23,26,-201.166,25483.6,-05024.3,-111.534,25974.2
01 04 2026  23 27  -20.1169 25483.4 -05024.3 -11.1533 25973.9,1,4,2026,23,27,-201.169,25483.4,-05024.3,-111.533,25973.9
01 04 2026  23 28  -20.1172 25483.2 -05024.3 -11.1535 25973.8,1,4,2026,23,28,-201.172,25483.2,-05024.3,-111.535,25973.8
01 04 2026  23 29  -20.1173 25482.6 -05024.1 -11.1532 25973.2,1,4,2026,23,29,-201.173,25482.6,-05024.1,-111.532,25973.2
01 04 2026  23 30  -20.1175 25482.2 -05023.9 -11.1529 25972.7,1,4,2026,23,30,-201.175,25482.2,-05023.9,-111.529,25972.7
01 04 2026  23 31  -20.1175 25481.9 -05023.8 -11.1529 25972.4,1,4,2026,23,31,-201.175,25481.9,-05023.8,-111.529,25972.4
01 04 2026  23 32  -20.1176 25481.9 -05023.9 -11.1530 25972.4,1,4,2026,23,32,-201.176,25481.9,-05023.9,-111.530,25972.4
01 04 2026  23 33  -20.1176 25482.2 -05024.1 -11.1534 25972.8,1,4,2026,23,33,-201.176,25482.2,-05024.1,-111.534,25972.8
01 04 2026  23 34  -20.1176 25482.7 -05024.5 -11.1542 25973.3,1,4,2026,23,34,-201.176,25482.7,-05024.5,-111.542,25973.3
01 04 2026  23 35  -20.1176 25483.3 -05025.0 -11.1549 25974.0,1,4,2026,23,35,-201.176,25483.3,-05025.0,-111.549,25974.0
01 04 2026  23 36  -20.1176 25483.6 -05025.3 -11.1554 25974.4,1,4,2026,23,36,-201.176,25483.6,-05025.3,-111.554,25974.4
01 04 2026  23 37  -20.1175 25484.3 -05025.7 -11.1561 25975.1,1,4,2026,23,37,-201.175,25484.3,-05025.7,-111.561,25975.1
01 04 2026  23 38  -20.1178 25484.0 -05025.7 -11.1561 25974.8,1,4,2026,23,38,-201.178,25484.0,-05025.7,-111.561,25974.8
01 04 2026  23 39  -20.1179 25483.9 -05025.6 -11.1560 25974.8,1,4,2026,23,39,-201.179,25483.9,-05025.6,-111.560,25974.8
01 04 2026  23 40  -20.1180 25484.0 -05025.6 -11.1560 25974.8,1,4,2026,23,40,-201.180,25484.0,-05025.6,-111.560,25974.8
01 04 2026  23 41  -20.1182 25483.8 -05025.4 -11.1557 25974.6,1,4,2026,23,41,-201.182,25483.8,-05025.4,-111.557,25974.6
01 04 2026  23 42  -20.1184 25482.9 -05024.9 -11.1550 25973.6,1,4,2026,23,42,-201.184,25482.9,-05024.9,-111.550,25973.6
01 04 2026  23 43  -20.1186 25482.3 -05024.6 -11.1544 25972.9,1,4,2026,23,43,-201.186,25482.3,-05024.6,-111.544,25972.9
01 04 2026  23 44  -20.1187 25481.4 -05024.0 -11.1536 25972.0,1,4,2026,23,44,-201.187,25481.4,-05024.0,-111.536,25972.0
01 04 2026  23 45  -20.1188 25480.6 -05023.5 -11.1529 25971.0,1,4,2026,23,45,-201.188,25480.6,-05023.5,-111.529,25971.0
01 04 2026  23 46  -20.1188 25479.9 -05023.3 -11.1526 25970.3,1,4,2026,23,46,-201.188,25479.9,-05023.3,-111.526,25970.3
01 04 2026  23 47  -20.1190 25479.1 -05022.9 -11.1521 25969.5,1,4,2026,23,47,-201.190,25479.1,-05022.9,-111.521,25969.5
01 04 2026  23 48  -20.1193 25477.7 -05022.2 -11.1513 25968.0,1,4,2026,23,48,-201.193,25477.7,-05022.2,-111.513,25968.0
01 04 2026  23 49  -20.1193 25476.0 -05021.3 -11.1501 25966.2,1,4,2026,23,49,-201.193,25476.0,-05021.3,-111.501,25966.2
01 04 2026  23 50  -20.1193 25475.0 -05020.8 -11.1494 25965.1,1,4,2026,23,50,-201.193,25475.0,-05020.8,-111.494,25965.1
01 04 2026  23 51  -20.1195 25474.8 -05020.9 -11.1497 25964.9,1,4,2026,23,51,-201.195,25474.8,-05020.9,-111.497,25964.9
01 04 2026  23 52  -20.1197 25475.0 -05021.3 -11.1505 25965.1,1,4,2026,23,52,-201.197,25475.0,-05021.3,-111.505,25965.1
01 04 2026  23 53  -20.1201 25475.0 -05021.6 -11.1512 25965.3,1,4,2026,23,53,-201.201,25475.0,-05021.6,-111.512,25965.3
01 04 2026  23 54  -20.1202 25475.1 -05021.7 -11.1513 25965.3,1,4,2026,23,54,-201.202,25475.1,-05021.7,-111.513,25965.3
01 04 2026  23 55  -20.1204 25473.9 -05021.6 -11.1515 25964.2,1,4,2026,23,55,-201.204,25473.9,-05021.6,-111.515,25964.2
01 04 2026  23 56  -20.1203 25472.4 -05020.8 -11.1504 25962.5,1,4,2026,23,56,-201.203,25472.4,-05020.8,-111.504,25962.5
01 04 2026  23 57  -20.1201 25471.9 -05020.5 -11.1500 25961.9,1,4,2026,23,57,-201.201,25471.9,-05020.5,-111.500,25961.9
01 04 2026  23 58  -20.1204 25471.7 -05020.6 -11.1503 25961.8,1,4,2026,23,58,-201.204,25471.7,-05020.6,-111.503,25961.8
01 04 2026  23 59  -20.1207 25472.0 -05020.9 -11.1509 25962.1,1,4,2026,23,59,-201.207,25472.0,-05020.9,-111.509,25962.1
01 02 2026  00 00  -20.1320 25466.0 -04996.1 -11.0996 25951.5,1,2,2026,0,0,-201.320,25466.0,-04996.1,-110.996,25951.5
01 02 2026  00 01  -20.1321 25466.0 -04996.1 -11.0996 25951.5,1,2,2026,0,1,-201.321,25466.0,-04996.1,-110.996,25951.5
01 02 2026  00 02  -20.1321 25466.0 -04996.1 -11.0997 25951.5,1,2,2026,0,2,-201.321,25466.0,-04996.1,-110.997,25951.5
01 02 2026  00 03  -20.1320 25466.1 -04996.1 -11.0998 25951.5,1,2,2026,0,3,-201.320,25466.1,-04996.1,-110.998,25951.5
01 02 2026  00 04  -20.1319 25466.1 -04996.2 -11.0998 25951.6,1,2,2026,0,4,-201.319,25466.1,-04996.2,-110.998,25951.6
01 02 2026  00 05  -20.1320 25466.2 -04996.3 -11.1000 25951.7,1,2,2026,0,5,-201.320,25466.2,-04996.3,-111.000,25951.7
01 02 2026  00 06  -20.1320 25466.3 -04996.3 -11.1001 25951.8,1,2,2026,0,6,-201.320,25466.3,-04996.3,-111.001,25951.8
01 02 2026  00 07  -20.1319 25466.3 -04996.3 -11.1001 25951.8,1,2,2026,0,7,-201.319,25466.3,-04996.3,-111.001,25951.8
01 02 2026  00 08  -20.1318 25466.4 -04996.5 -11.1004 25951.9,1,2,2026,0,8,-201.318,25466.4,-04996.5,-111.004,25951.9
01 02 2026  00 09  -20.1317 25466.4 -04996.6 -11.1006 25952.0,1,2,2026,0,9,-201.317,25466.4,-04996.6,-111.006,25952.0
01 02 2026  00 10  -20.1317 25466.5 -04996.6 -11.1007 25952.0,1,2,2026,0,10,-201.317,25466.5,-04996.6,-111.007,25952.0
01 02 2026  00 11  -20.1316 25466.4 -04996.6 -11.1006 25952.0,1,2,2026,0,11,-201.316,25466.4,-04996.6,-111.006,25952.0
01 02 2026  00 12  -20.1315 25466.4 -04996.6 -11.1007 25951.9,1,2,2026,0,12,-201.315,25466.4,-04996.6,-111.007,25951.9
01 02 2026  00 13  -20.1314 25466.4 -04996.6 -11.1006 25951.9,1,2,2026,0,13,-201.314,25466.4,-04996.6,-111.006,25951.9
01 02 2026  00 14  -20.1313 25466.5 -04996.5 -11.1003 25952.0,1,2,2026,0,14,-201.313,25466.5,-04996.5,-111.003,25952.0
01 02 2026  00 15  -20.1313 25466.5 -04996.7 -11.1007 25952.0,1,2,2026,0,15,-201.313,25466.5,-04996.7,-111.007,25952.0
01 02 2026  00 16  -20.1313 25466.5 -04996.5 -11.1004 25952.0,1,2,2026,0,16,-201.313,25466.5,-04996.5,-111.004,25952.0
01 02 2026  00 17  -20.1313 25466.4 -04996.7 -11.1008 25952.0,1,2,2026,0,17,-201.313,25466.4,-04996.7,-111.008,25952.0
01 02 2026  00 18  -20.1314 25466.4 -04996.7 -11.1008 25952.0,1,2,2026,0,18,-201.314,25466.4,-04996.7,-111.008,25952.0
01 02 2026  00 19  -20.1313 25466.5 -04996.7 -11.1009 25952.0,1,2,2026,0,19,-201.313,25466.5,-04996.7,-111.009,25952.0
01 02 2026  00 20  -20.1311 25466.6 -04996.8 -11.1009 25952.2,1,2,2026,0,20,-201.311,25466.6,-04996.8,-111.009,25952.2
01 02 2026  00 21  -20.1311 25466.6 -04996.9 -11.1011 25952.2,1,2,2026,0,21,-201.311,25466.6,-04996.9,-111.011,25952.2
01 02 2026  00 22  -20.1311 25466.7 -04996.9 -11.1011 25952.3,1,2,2026,0,22,-201.311,25466.7,-04996.9,-111.011,25952.3
01 02 2026  00 23  -20.1311 25466.6 -04996.9 -11.1011 25952.2,1,2,2026,0,23,-201.311,25466.6,-04996.9,-111.011,25952.2
01 02 2026  00 24  -20.1311 25466.7 -04997.0 -11.1013 25952.3,1,2,2026,0,24,-201.311,25466.7,-04997.0,-111.013,25952.3
01 02 2026  00 25  -20.1311 25466.7 -04996.9 -11.1012 25952.3,1,2,2026,0,25,-201.311,25466.7,-04996.9,-111.012,25952.3
01 02 2026  00 26  -20.1311 25466.7 -04996.9 -11.1012 25952.3,1,2,2026,0,26,-201.311,25466.7,-04996.9,-111.012,25952.3
01 02 2026  00 27  -20.1312 25466.7 -04996.9 -11.1012 25952.3,1,2,2026,0,27,-201.312,25466.7,-04996.9,-111.012,25952.3
01 02 2026  00 28  -20.1312 25466.7 -04996.9 -11.1012 25952.3,1,2,2026,0,28,-201.312,25466.7,-04996.9,-111.012,25952.3
01 02 2026  00 29  -20.1312 25466.7 -04996.8 -11.1010 25952.3,1,2,2026,0,29,-201.312,25466.7,-04996.8,-111.010,25952.3
01 02 2026  00 30  -20.1312 25466.7 -04996.8 -11.1008 25952.3,1,2,2026,0,30,-201.312,25466.7,-04996.8,-111.008,25952.3
01 02 2026  00 31  -20.1313 25466.8 -04997.0 -11.1012 25952.4,1,2,2026,0,31,-201.313,25466.8,-04997.0,-111.012,25952.4
01 02 2026  00 32  -20.1314 25466.9 -04996.8 -11.1008 25952.4,1,2,2026,0,32,-201.314,25466.9,-04996.8,-111.008,25952.4
01 02 2026  00 33  -20.1315 25466.9 -04997.0 -11.1013 25952.5,1,2,2026,0,33,-201.315,25466.9,-04997.0,-111.013,25952.5
01 02 2026  00 34  -20.1316 25467.0 -04997.0 -11.1013 25952.6,1,2,2026,0,34,-201.316,25467.0,-04997.0,-111.013,25952.6
01 02 2026  00 35  -20.1317 25467.1 -04997.1 -11.1014 25952.7,1,2,2026,0,35,-201.317,25467.1,-04997.1,-111.014,25952.7
01 02 2026  00 36  -20.1319 25467.2 -04997.1 -11.1015 25952.8,1,2,2026,0,36,-201.319,25467.2,-04997.1,-111.015,25952.8
01 02 2026  00 37  -20.1318 25467.3 -04997.2 -11.1014 25953.0,1,2,2026,0,37,-201.318,25467.3,-04997.2,-111.014,25953.0
01 02 2026  00 38  -20.1318 25467.4 -04997.2 -11.1014 25953.0,1,2,2026,0,38,-201.318,25467.4,-04997.2,-111.014,25953.0
01 02 2026  00 39  -20.1318 25467.4 -04997.0 -11.1012 25953.0,1,2,2026,0,39,-201.318,25467.4,-04997.0,-111.012,25953.0
01 02 2026  00 40  -20.1317 25467.4 -04997.0 -11.1010 25953.0,1,2,2026,0,40,-201.317,25467.4,-04997.0,-111.010,25953.0
01 02 2026  00 41  -20.1316 25467.4 -04996.9 -11.1009 25953.0,1,2,2026,0,41,-201.316,25467.4,-04996.9,-111.009,25953.0
01 02 2026  00 42  -20.1315 25467.4 -04996.9 -11.1008 25953.0,1,2,2026,0,42,-201.315,25467.4,-04996.9,-111.008,25953.0
01 02 2026  00 43  -20.1314 25467.3 -04996.8 -11.1007 25952.9,1,2,2026,0,43,-201.314,25467.3,-04996.8,-111.007,25952.9
01 02 2026  00 44  -20.1313 25467.3 -04996.8 -11.1007 25952.8,1,2,2026,0,44,-201.313,25467.3,-04996.8,-111.007,25952.8
01 02 2026  00 45  -20.1313 25467.3 -04996.7 -11.1006 25952.8,1,2,2026,0,45,-201.313,25467.3,-04996.7,-111.006,25952.8
01 02 2026  00 46  -20.1314 25467.2 -04996.8 -11.1006 25952.8,1,2,2026,0,46,-201.314,25467.2,-04996.8,-111.006,25952.8
01 02 2026  00 47  -20.1314 25467.2 -04996.7 -11.1005 25952.7,1,2,2026,0,47,-201.314,25467.2,-04996.7,-111.005,25952.7
01 02 2026  00 48  -20.1315 25467.0 -04996.6 -11.1004 25952.6,1,2,2026,0,48,-201.315,25467.0,-04996.6,-111.004,25952.6
01 02 2026  00 49  -20.1315 25467.0 -04996.5 -11.1002 25952.5,1,2,2026,0,49,-201.315,25467.0,-04996.5,-111.002,25952.5
01 02 2026  00 50  -20.1316 25466.9 -04996.5 -11.1002 25952.4,1,2,2026,0,50,-201.316,25466.9,-04996.5,-111.002,25952.4
01 02 2026  00 51  -20.1316 25466.8 -04996.4 -11.1000 25952.3,1,2,2026,0,51,-201.316,25466.8,-04996.4,-111.000,25952.3
01 02 2026  00 52  -20.1317 25466.7 -04996.3 -11.0998 25952.2,1,2,2026,0,52,-201.317,25466.7,-04996.3,-110.998,25952.2
01 02 2026  00 53  -20.1317 25466.7 -04996.3 -11.0998 25952.2,1,2,2026,0,53,-201.317,25466.7,-04996.3,-110.998,25952.2
01 02 2026  00 54  -20.1318 25466.7 -04996.3 -11.0997 25952.2,1,2,2026,0,54,-201.318,25466.7,-04996.3,-110.997,25952.2
01 02 2026  00 55  -20.1318 25466.8 -04996.3 -11.0998 25952.3,1,2,2026,0,55,-201.318,25466.8,-04996.3,-110.998,25952.3
01 02 2026  00 56  -20.1319 25466.9 -04996.4 -11.1000 25952.4,1,2,2026,0,56,-201.319,25466.9,-04996.4,-111.000,25952.4
01 02 2026  00 57  -20.1320 25466.9 -04996.4 -11.0999 25952.4,1,2,2026,0,57,-201.320,25466.9,-04996.4,-110.999,25952.4
01 02 2026  00 58  -20.1321 25466.9 -04996.4 -11.0999 25952.4,1,2,2026,0,58,-201.321,25466.9,-04996.4,-110.999,25952.4
01 02 2026  00 59  -20.1321 25466.9 -04996.3 -11.0998 25952.3,1,2,2026,0,59,-201.321,25466.9,-04996.3,-110.998,25952.3
01 02 2026  01 00  -20.1322 25466.8 -04996.3 -11.0998 25952.3,1,2,2026,1,0,-201.322,25466.8,-04996.3,-110.998,25952.3
01 02 2026  01 01  -20.1323 25466.8 -04996.3 -11.0998 25952.3,1,2,2026,1,1,-201.323,25466.8,-04996.3,-110.998,25952.3
01 02 2026  01 02  -20.1323 25466.8 -04996.3 -11.0997 25952.3,1,2,2026,1,2,-201.323,25466.8,-04996.3,-110.997,25952.3
01 02 2026  01 03  -20.1323 25466.8 -04996.3 -11.0997 25952.3,1,2,2026,1,3,-201.323,25466.8,-04996.3,-110.997,25952.3
01 02 2026  01 04  -20.1324 25466.7 -04996.2 -11.0996 25952.1,1,2,2026,1,4,-201.324,25466.7,-04996.2,-110.996,25952.1
01 02 2026  01 05  -20.1324 25466.6 -04996.1 -11.0995 25952.1,1,2,2026,1,5,-201.324,25466.6,-04996.1,-110.995,25952.1
01 02 2026  01 06  -20.1324 25466.6 -04996.2 -11.0996 25952.1,1,2,2026,1,6,-201.324,25466.6,-04996.2,-110.996,25952.1
01 02 2026  01 07  -20.1324 25466.5 -04996.1 -11.0994 25952.0,1,2,2026,1,7,-201.324,25466.5,-04996.1,-110.994,25952.0
01 02 2026  01 08  -20.1324 25466.6 -04996.1 -11.0994 25952.0,1,2,2026,1,8,-201.324,25466.6,-04996.1,-110.994,25952.0
01 02 2026  01 09  -20.1324 25466.6 -04996.1 -11.0995 25952.0,1,2,2026,1,9,-201.324,25466.6,-04996.1,-110.995,25952.0
01 02 2026  01 10  -20.1324 25466.6 -04996.1 -11.0995 25952.0,1,2,2026,1,10,-201.324,25466.6,-04996.1,-110.995,25952.0
01 02 2026  01 11  -20.1324 25466.6 -04996.2 -11.0996 25952.0,1,2,2026,1,11,-201.324,25466.6,-04996.2,-110.996,25952.0
01 02 2026  01 12  -20.1324 25466.7 -04996.3 -11.0997 25952.2,1,2,2026,1,12,-201.324,25466.7,-04996.3,-110.997,25952.2
01 02 2026  01 13  -20.1324 25466.7 -04996.3 -11.0998 25952.1,1,2,2026,1,13,-201.324,25466.7,-04996.3,-110.998,25952.1
01 02 2026  01 14  -20.1324 25466.6 -04996.2 -11.0997 25952.1,1,2,2026,1,14,-201.324,25466.6,-04996.2,-110.997,25952.1
01 02 2026  01 15  -20.1325 25466.7 -04996.2 -11.0996 25952.1,1,2,2026,1,15,-201.325,25466.7,-04996.2,-110.996,25952.1
01 02 2026  01 16  -20.1324 25466.7 -04996.2 -11.0997 25952.2,1,2,2026,1,16,-201.324,25466.7,-04996.2,-110.997,25952.2
01 02 2026  01 17  -20.1323 25466.8 -04996.3 -11.0997 25952.2,1,2,2026,1,17,-201.323,25466.8,-04996.3,-110.997,25952.2
01 02 2026  01 18  -20.1323 25466.8 -04996.3 -11.0999 25952.3,1,2,2026,1,18,-201.323,25466.8,-04996.3,-110.999,25952.3
01 02 2026  01 19  -20.1323 25466.7 -04996.2 -11.0997 25952.2,1,2,2026,1,19,-201.323,25466.7,-04996.2,-110.997,25952.2
01 02 2026  01 20  -20.1323 25466.7 -04996.3 -11.0997 25952.2,1,2,2026,1,20,-201.323,25466.7,-04996.3,-110.997,25952.2
01 02 2026  01 21  -20.1323 25466.8 -04996.3 -11.0999 25952.3,1,2,2026,1,21,-201.323,25466.8,-04996.3,-110.999,25952.3
01 02 2026  01 22  -20.1324 25466.9 -04996.4 -11.1000 25952.4,1,2,2026,1,22,-201.324,25466.9,-04996.4,-111.000,25952.4
01 02 2026  01 23  -20.1324 25466.9 -04996.4 -11.0999 25952.4,1,2,2026,1,23,-201.324,25466.9,-04996.4,-110.999,25952.4
01 02 2026  01 24  -20.1324 25467.0 -04996.4 -11.0999 25952.5,1,2,2026,1,24,-201.324,25467.0,-04996.4,-110.999,25952.5
01 02 2026  01 25  -20.1324 25467.0 -04996.4 -11.0999 25952.5,1,2,2026,1,25,-201.324,25467.0,-04996.4,-110.999,25952.5
01 02 2026  01 26  -20.1324 25467.0 -04996.5 -11.1000 25952.5,1,2,2026,1,26,-201.324,25467.0,-04996.5,-111.000,25952.5
01 02 2026  01 27  -20.1324 25467.0 -04996.4 -11.0999 25952.5,1,2,2026,1,27,-201.324,25467.0,-04996.4,-110.999,25952.5
01 02 2026  01 28  -20.1324 25467.0 -04996.5 -11.1001 25952.5,1,2,2026,1,28,-201.324,25467.0,-04996.5,-111.001,25952.5
01 02 2026  01 29  -20.1324 25467.0 -04996.5 -11.1001 25952.5,1,2,2026,1,29,-201.324,25467.0,-04996.5,-111.001,25952.5
01 02 2026  01 30  -20.1323 25467.0 -04996.4 -11.1000 25952.5,1,2,2026,1,30,-201.323,25467.0,-04996.4,-111.000,25952.5
01 02 2026  01 31  -20.1324 25466.9 -04996.4 -11.1000 25952.4,1,2,2026,1,31,-201.324,25466.9,-04996.4,-111.000,25952.4
01 02 2026  01 32  -20.1323 25466.8 -04996.4 -11.1001 25952.3,1,2,2026,1,32,-201.323,25466.8,-04996.4,-111.001,25952.3
01 02 2026  01 33  -20.1324 25466.6 -04996.3 -11.0999 25952.1,1,2,2026,1,33,-201.324,25466.6,-04996.3,-110.999,25952.1
01 02 2026  01 34  -20.1323 25466.5 -04996.2 -11.0997 25952.0,1,2,2026,1,34,-201.323,25466.5,-04996.2,-110.997,25952.0
01 02 2026  01 35  -20.1323 25466.4 -04996.2 -11.0997 25951.9,1,2,2026,1,35,-201.323,25466.4,-04996.2,-110.997,25951.9
01 02 2026  01 36  -20.1323 25466.5 -04996.3 -11.0999 25951.9,1,2,2026,1,36,-201.323,25466.5,-04996.3,-110.999,25951.9
01 02 2026  01 37  -20.1324 25466.4 -04996.3 -11.0999 25951.9,1,2,2026,1,37,-201.324,25466.4,-04996.3,-110.999,25951.9
01 02 2026  01 38  -20.1324 25466.5 -04996.4 -11.1001 25952.0,1,2,2026,1,38,-201.324,25466.5,-04996.4,-111.001,25952.0
01 02 2026  01 39  -20.1325 25466.5 -04996.4 -11.1002 25952.0,1,2,2026,1,39,-201.325,25466.5,-04996.4,-111.002,25952.0
01 02 2026  01 40  -20.1325 25466.5 -04996.4 -11.1002 25952.0,1,2,2026,1,40,-201.325,25466.5,-04996.4,-111.002,25952.0
01 02 2026  01 41  -20.1325 25466.5 -04996.5 -11.1002 25952.0,1,2,2026,1,41,-201.325,25466.5,-04996.5,-111.002,25952.0
01 02 2026  01 42  -20.1325 25466.5 -04996.5 -11.1003 25952.0,1,2,2026,1,42,-201.325,25466.5,-04996.5,-111.003,25952.0
01 02 2026  01 43  -20.1325 25466.6 -04996.6 -11.1004 25952.1,1,2,2026,1,43,-201.325,25466.6,-04996.6,-111.004,25952.1
01 02 2026  01 44  -20.1324 25466.6 -04996.6 -11.1004 25952.2,1,2,2026,1,44,-201.324,25466.6,-04996.6,-111.004,25952.2
01 02 2026  01 45  -20.1324 25466.7 -04996.7 -11.1006 25952.3,1,2,2026,1,45,-201.324,25466.7,-04996.7,-111.006,25952.3
01 02 2026  01 46  -20.1324 25466.9 -04996.7 -11.1006 25952.4,1,2,2026,1,46,-201.324,25466.9,-04996.7,-111.006,25952.4
01 02 2026  01 47  -20.1324 25466.9 -04996.8 -11.1008 25952.5,1,2,2026,1,47,-201.324,25466.9,-04996.8,-111.008,25952.5
01 02 2026  01 48  -20.1324 25467.0 -04996.9 -11.1009 25952.6,1,2,2026,1,48,-201.324,25467.0,-04996.9,-111.009,25952.6
01 02 2026  01 49  -20.1324 25467.1 -04996.9 -11.1009 25952.7,1,2,2026,1,49,-201.324,25467.1,-04996.9,-111.009,25952.7
01 02 2026  01 50  -20.1324 25467.2 -04996.9 -11.1010 25952.8,1,2,2026,1,50,-201.324,25467.2,-04996.9,-111.010,25952.8
01 02 2026  01 51  -20.1323 25467.3 -04997.0 -11.1011 25952.9,1,2,2026,1,51,-201.323,25467.3,-04997.0,-111.011,25952.9
01 02 2026  01 52  -20.1323 25467.3 -04996.9 -11.1010 25952.9,1,2,2026,1,52,-201.323,25467.3,-04996.9,-111.010,25952.9
01 02 2026  01 53  -20.1322 25467.4 -04997.0 -11.1011 25953.0,1,2,2026,1,53,-201.322,25467.4,-04997.0,-111.011,25953.0
01 02 2026  01 54  -20.1322 25467.4 -04997.0 -11.1011 25953.0,1,2,2026,1,54,-201.322,25467.4,-04997.0,-111.011,25953.0
01 02 2026  01 55  -20.1321 25467.4 -04997.0 -11.1010 25953.0,1,2,2026,1,55,-201.321,25467.4,-04997.0,-111.010,25953.0
01 02 2026  01 56  -20.1322 25467.4 -04997.0 -11.1010 25953.0,1,2,2026,1,56,-201.322,25467.4,-04997.0,-111.010,25953.0
01 02 2026  01 57  -20.1322 25467.5 -04997.0 -11.1010 25953.1,1,2,2026,1,57,-201.322,25467.5,-04997.0,-111.010,25953.1
01 02 2026  01 58  -20.1321 25467.5 -04997.0 -11.1009 25953.1,1,2,2026,1,58,-201.321,25467.5,-04997.0,-111.009,25953.1
01 02 2026  01 59  -20.1321 25467.5 -04996.8 -11.1006 25953.1,1,2,2026,1,59,-201.321,25467.5,-04996.8,-111.006,25953.1
01 02 2026  02 00  -20.1321 25467.6 -04996.9 -11.1007 25953.2,1,2,2026,2,0,-201.321,25467.6,-04996.9,-111.007,25953.2
01 02 2026  02 01  -20.1321 25467.6 -04996.8 -11.1006 25953.1,1,2,2026,2,1,-201.321,25467.6,-04996.8,-111.006,25953.1
01 02 2026  02 02  -20.1322 25467.6 -04996.9 -11.1007 25953.2,1,2,2026,2,2,-201.322,25467.6,-04996.9,-111.007,25953.2
01 02 2026  02 03  -20.1323 25467.6 -04997.0 -11.1010 25953.2,1,2,2026,2,3,-201.323,25467.6,-04997.0,-111.010,25953.2
01 02 2026  02 04  -20.1323 25467.6 -04997.0 -11.1010 25953.2,1,2,2026,2,4,-201.323,25467.6,-04997.0,-111.010,25953.2
01 02 2026  02 05  -20.1323 25467.6 -04997.1 -11.1011 25953.2,1,2,2026,2,5,-201.323,25467.6,-04997.1,-111.011,25953.2
01 02 2026  02 06  -20.1324 25467.6 -04997.0 -11.1009 25953.1,1,2,2026,2,6,-201.324,25467.6,-04997.0,-111.009,25953.1
01 02 2026  02 07  -20.1323 25467.6 -04997.0 -11.1009 25953.2,1,2,2026,2,7,-201.323,25467.6,-04997.0,-111.009,25953.2
01 02 2026  02 08  -20.1324 25467.6 -04997.0 -11.1010 25953.2,1,2,2026,2,8,-201.324,25467.6,-04997.0,-111.010,25953.2
01 02 2026  02 09  -20.1324 25467.6 -04997.1 -11.1012 25953.2,1,2,2026,2,9,-201.324,25467.6,-04997.1,-111.012,25953.2
01 02 2026  02 10  -20.1324 25467.6 -04997.1 -11.1012 25953.2,1,2,2026,2,10,-201.324,25467.6,-04997.1,-111.012,25953.2
01 02 2026  02 11  -20.1324 25467.6 -04997.0 -11.1011 25953.2,1,2,2026,2,11,-201.324,25467.6,-04997.0,-111.011,25953.2
01 02 2026  02 12  -20.1325 25467.6 -04997.1 -11.1011 25953.2,1,2,2026,2,12,-201.325,25467.6,-04997.1,-111.011,25953.2
01 02 2026  02 13  -20.1325 25467.6 -04997.1 -11.1012 25953.2,1,2,2026,2,13,-201.325,25467.6,-04997.1,-111.012,25953.2
01 02 2026  02 14  -20.1325 25467.6 -04997.2 -11.1013 25953.2,1,2,2026,2,14,-201.325,25467.6,-04997.2,-111.013,25953.2
01 02 2026  02 15  -20.1325 25467.6 -04997.2 -11.1013 25953.2,1,2,2026,2,15,-201.325,25467.6,-04997.2,-111.013,25953.2
01 02 2026  02 16  -20.1326 25467.5 -04997.2 -11.1013 25953.2,1,2,2026,2,16,-201.326,25467.5,-04997.2,-111.013,25953.2
01 02 2026  02 17  -20.1326 25467.5 -04997.1 -11.1013 25953.1,1,2,2026,2,17,-201.326,25467.5,-04997.1,-111.013,25953.1
01 02 2026  02 18  -20.1327 25467.5 -04997.2 -11.1014 25953.1,1,2,2026,2,18,-201.327,25467.5,-04997.2,-111.014,25953.1
01 02 2026  02 19  -20.1327 25467.4 -04997.2 -11.1014 25953.1,1,2,2026,2,19,-201.327,25467.4,-04997.2,-111.014,25953.1
01 02 2026  02 20  -20.1327 25467.5 -04997.2 -11.1015 25953.1,1,2,2026,2,20,-201.327,25467.5,-04997.2,-111.015,25953.1
01 02 2026  02 21  -20.1328 25467.4 -04997.3 -11.1017 25953.1,1,2,2026,2,21,-201.328,25467.4,-04997.3,-111.017,25953.1
01 02 2026  02 22  -20.1329 25467.4 -04997.4 -11.1018 25953.1,1,2,2026,2,22,-201.329,25467.4,-04997.4,-111.018,25953.1
01 02 2026  02 23  -20.1329 25467.5 -04997.4 -11.1020 25953.1,1,2,2026,2,23,-201.329,25467.5,-04997.4,-111.020,25953.1
01 02 2026  02 24  -20.1330 25467.5 -04997.5 -11.1020 25953.2,1,2,2026,2,24,-201.330,25467.5,-04997.5,-111.020,25953.2
01 02 2026  02 25  -20.1330 25467.5 -04997.5 -11.1021 25953.2,1,2,2026,2,25,-201.330,25467.5,-04997.5,-111.021,25953.2
01 02 2026  02 26  -20.1331 25467.6 -04997.6 -11.1022 25953.3,1,2,2026,2,26,-201.331,25467.6,-04997.6,-111.022,25953.3
01 02 2026  02 27  -20.1332 25467.7 -04997.6 -11.1023 25953.4,1,2,2026,2,27,-201.332,25467.7,-04997.6,-111.023,25953.4
01 02 2026  02 28  -20.1333 25467.7 -04997.7 -11.1025 25953.5,1,2,2026,2,28,-201.333,25467.7,-04997.7,-111.025,25953.5
01 02 2026  02 29  -20.1333 25467.7 -04997.8 -11.1026 25953.4,1,2,2026,2,29,-201.333,25467.7,-04997.8,-111.026,25953.4
01 02 2026  02 30  -20.1334 25467.7 -04997.8 -11.1026 25953.4,1,2,2026,2,30,-201.334,25467.7,-04997.8,-111.026,25953.4
01 02 2026  02 31  -20.1335 25467.8 -04997.9 -11.1027 25953.6,1,2,2026,2,31,-201.335,25467.8,-04997.9,-111.027,25953.6
01 02 2026  02 32  -20.1334 25467.8 -04997.9 -11.1028 25953.6,1,2,2026,2,32,-201.334,25467.8,-04997.9,-111.028,25953.6
01 02 2026  02 33  -20.1335 25467.8 -04997.9 -11.1028 25953.6,1,2,2026,2,33,-201.335,25467.8,-04997.9,-111.028,25953.6
01 02 2026  02 34  -20.1335 25467.7 -04998.0 -11.1030 25953.5,1,2,2026,2,34,-201.335,25467.7,-04998.0,-111.030,25953.5
01 02 2026  02 35  -20.1336 25467.7 -04997.8 -11.1028 25953.4,1,2,2026,2,35,-201.336,25467.7,-04997.8,-111.028,25953.4
01 02 2026  02 36  -20.1336 25467.6 -04997.9 -11.1029 25953.3,1,2,2026,2,36,-201.336,25467.6,-04997.9,-111.029,25953.3
01 02 2026  02 37  -20.1337 25467.5 -04997.8 -11.1028 25953.3,1,2,2026,2,37,-201.337,25467.5,-04997.8,-111.028,25953.3
01 02 2026  02 38  -20.1337 25467.5 -04997.9 -11.1029 25953.2,1,2,2026,2,38,-201.337,25467.5,-04997.9,-111.029,25953.2
01 02 2026  02 39  -20.1338 25467.4 -04997.9 -11.1030 25953.2,1,2,2026,2,39,-201.338,25467.4,-04997.9,-111.030,25953.2
01 02 2026  02 40  -20.1338 25467.3 -04997.8 -11.1029 25953.1,1,2,2026,2,40,-201.338,25467.3,-04997.8,-111.029,25953.1
01 02 2026  02 41  -20.1338 25467.3 -04997.9 -11.1029 25953.1,1,2,2026,2,41,-201.338,25467.3,-04997.9,-111.029,25953.1
01 02 2026  02 42  -20.1339 25467.3 -04997.9 -11.1031 25953.0,1,2,2026,2,42,-201.339,25467.3,-04997.9,-111.031,25953.0
01 02 2026  02 43  -20.1339 25467.2 -04998.0 -11.1032 25953.0,1,2,2026,2,43,-201.339,25467.2,-04998.0,-111.032,25953.0
01 02 2026  02 44  -20.1339 25467.3 -04998.0 -11.1033 25953.1,1,2,2026,2,44,-201.339,25467.3,-04998.0,-111.033,25953.1
01 02 2026  02 45  -20.1340 25467.4 -04998.2 -11.1036 25953.2,1,2,2026,2,45,-201.340,25467.4,-04998.2,-111.036,25953.2
01 02 2026  02 46  -20.1340 25467.4 -04998.2 -11.1037 25953.3,1,2,2026,2,46,-201.340,25467.4,-04998.2,-111.037,25953.3
01 02 2026  02 47  -20.1340 25467.4 -04998.2 -11.1037 25953.3,1,2,2026,2,47,-201.340,25467.4,-04998.2,-111.037,25953.3
01 02 2026  02 48  -20.1340 25467.4 -04998.2 -11.1037 25953.3,1,2,2026,2,48,-201.340,25467.4,-04998.2,-111.037,25953.3
01 02 2026  02 49  -20.1340 25467.4 -04998.3 -11.1038 25953.3,1,2,2026,2,49,-201.340,25467.4,-04998.3,-111.038,25953.3
01 02 2026  02 50  -20.1339 25467.4 -04998.4 -11.1040 25953.3,1,2,2026,2,50,-201.339,25467.4,-04998.4,-111.040,25953.3
01 02 2026  02 51  -20.1340 25467.4 -04998.3 -11.1039 25953.3,1,2,2026,2,51,-201.340,25467.4,-04998.3,-111.039,25953.3
01 02 2026  02 52  -20.1340 25467.4 -04998.3 -11.1040 25953.2,1,2,2026,2,52,-201.340,25467.4,-04998.3,-111.040,25953.2
01 02 2026  02 53  -20.1340 25467.4 -04998.3 -11.1039 25953.3,1,2,2026,2,53,-201.340,25467.4,-04998.3,-111.039,25953.3
01 02 2026  02 54  -20.1340 25467.4 -04998.3 -11.1039 25953.3,1,2,2026,2,54,-201.340,25467.4,-04998.3,-111.039,25953.3
01 02 2026  02 55  -20.1341 25467.5 -04998.4 -11.1041 25953.4,1,2,2026,2,55,-201.341,25467.5,-04998.4,-111.041,25953.4
01 02 2026  02 56  -20.1340 25467.5 -04998.4 -11.1041 25953.4,1,2,2026,2,56,-201.340,25467.5,-04998.4,-111.041,25953.4
01 02 2026  02 57  -20.1340 25467.4 -04998.3 -11.1039 25953.3,1,2,2026,2,57,-201.340,25467.4,-04998.3,-111.039,25953.3
01 02 2026  02 58  -20.1341 25467.5 -04998.4 -11.1040 25953.3,1,2,2026,2,58,-201.341,25467.5,-04998.4,-111.040,25953.3
01 02 2026  02 59  -20.1341 25467.5 -04998.4 -11.1041 25953.4,1,2,2026,2,59,-201.341,25467.5,-04998.4,-111.041,25953.4
01 02 2026  03 00  -20.1341 25467.6 -04998.5 -11.1041 25953.5,1,2,2026,3,0,-201.341,25467.6,-04998.5,-111.041,25953.5
01 02 2026  03 01  -20.1340 25467.5 -04998.4 -11.1041 25953.4,1,2,2026,3,1,-201.340,25467.5,-04998.4,-111.041,25953.4
01 02 2026  03 02  -20.1341 25467.5 -04998.4 -11.1041 25953.4,1,2,2026,3,2,-201.341,25467.5,-04998.4,-111.041,25953.4
01 02 2026  03 03  -20.1341 25467.5 -04998.5 -11.1042 25953.4,1,2,2026,3,3,-201.341,25467.5,-04998.5,-111.042,25953.4
01 02 2026  03 04  -20.1341 25467.5 -04998.5 -11.1042 25953.4,1,2,2026,3,4,-201.341,25467.5,-04998.5,-111.042,25953.4
01 02 2026  03 05  -20.1342 25467.6 -04998.5 -11.1043 25953.4,1,2,2026,3,5,-201.342,25467.6,-04998.5,-111.043,25953.4
01 02 2026  03 06  -20.1343 25467.6 -04998.5 -11.1043 25953.5,1,2,2026,3,6,-201.343,25467.6,-04998.5,-111.043,25953.5
01 02 2026  03 07  -20.1343 25467.6 -04998.6 -11.1043 25953.5,1,2,2026,3,7,-201.343,25467.6,-04998.6,-111.043,25953.5
01 02 2026  03 08  -20.1344 25467.7 -04998.6 -11.1043 25953.6,1,2,2026,3,8,-201.344,25467.7,-04998.6,-111.043,25953.6
01 02 2026  03 09  -20.1344 25467.7 -04998.6 -11.1044 25953.6,1,2,2026,3,9,-201.344,25467.7,-04998.6,-111.044,25953.6
01 02 2026  03 10  -20.1346 25467.7 -04998.6 -11.1044 25953.6,1,2,2026,3,10,-201.346,25467.7,-04998.6,-111.044,25953.6
01 02 2026  03 11  -20.1346 25467.8 -04998.7 -11.1046 25953.7,1,2,2026,3,11,-201.346,25467.8,-04998.7,-111.046,25953.7
01 02 2026  03 12  -20.1347 25467.9 -04998.7 -11.1046 25953.9,1,2,2026,3,12,-201.347,25467.9,-04998.7,-111.046,25953.9
01 02 2026  03 13  -20.1348 25468.0 -04998.8 -11.1046 25953.9,1,2,2026,3,13,-201.348,25468.0,-04998.8,-111.046,25953.9
01 02 2026  03 14  -20.1349 25468.1 -04998.8 -11.1047 25954.0,1,2,2026,3,14,-201.349,25468.1,-04998.8,-111.047,25954.0
01 02 2026  03 15  -20.1349 25468.2 -04998.8 -11.1047 25954.1,1,2,2026,3,15,-201.349,25468.2,-04998.8,-111.047,25954.1
01 02 2026  03 16  -20.1350 25468.2 -04998.9 -11.1047 25954.1,1,2,2026,3,16,-201.350,25468.2,-04998.9,-111.047,25954.1
01 02 2026  03 17  -20.1350 25468.3 -04998.9 -11.1047 25954.2,1,2,2026,3,17,-201.350,25468.3,-04998.9,-111.047,25954.2
01 02 2026  03 18  -20.1351 25468.4 -04998.9 -11.1047 25954.3,1,2,2026,3,18,-201.351,25468.4,-04998.9,-111.047,25954.3
01 02 2026  03 19  -20.1351 25468.5 -04998.9 -11.1048 25954.4,1,2,2026,3,19,-201.351,25468.5,-04998.9,-111.048,25954.4
01 02 2026  03 20  -20.1351 25468.6 -04998.9 -11.1046 25954.5,1,2,2026,3,20,-201.351,25468.6,-04998.9,-111.046,25954.5
01 02 2026  03 21  -20.1351 25468.6 -04998.8 -11.1045 25954.5,1,2,2026,3,21,-201.351,25468.6,-04998.8,-111.045,25954.5
01 02 2026  03 22  -20.1352 25468.7 -04998.9 -11.1047 25954.7,1,2,2026,3,22,-201.352,25468.7,-04998.9,-111.047,25954.7
01 02 2026  03 23  -20.1352 25468.8 -04998.9 -11.1047 25954.7,1,2,2026,3,23,-201.352,25468.8,-04998.9,-111.047,25954.7
01 02 2026  03 24  -20.1352 25468.9 -04999.0 -11.1047 25954.8,1,2,2026,3,24,-201.352,25468.9,-04999.0,-111.047,25954.8
01 02 2026  03 25  -20.1352 25469.0 -04999.0 -11.1047 25954.9,1,2,2026,3,25,-201.352,25469.0,-04999.0,-111.047,25954.9
01 02 2026  03 26  -20.1353 25469.1 -04999.1 -11.1048 25955.0,1,2,2026,3,26,-201.353,25469.1,-04999.1,-111.048,25955.0
01 02 2026  03 27  -20.1352 25469.2 -04999.0 -11.1047 25955.1,1,2,2026,3,27,-201.352,25469.2,-04999.0,-111.047,25955.1
01 02 2026  03 28  -20.1352 25469.3 -04999.1 -11.1048 25955.2,1,2,2026,3,28,-201.352,25469.3,-04999.1,-111.048,25955.2
01 02 2026  03 29  -20.1352 25469.3 -04999.0 -11.1047 25955.3,1,2,2026,3,29,-201.352,25469.3,-04999.0,-111.047,25955.3
01 02 2026  03 30  -20.1351 25469.4 -04999.0 -11.1045 25955.4,1,2,2026,3,30,-201.351,25469.4,-04999.0,-111.045,25955.4
01 02 2026  03 31  -20.1351 25469.5 -04999.0 -11.1045 25955.4,1,2,2026,3,31,-201.351,25469.5,-04999.0,-111.045,25955.4
01 02 2026  03 32  -20.1350 25469.6 -04999.0 -11.1045 25955.5,1,2,2026,3,32,-201.350,25469.6,-04999.0,-111.045,25955.5
01 02 2026  03 33  -20.1350 25469.6 -04999.0 -11.1043 25955.5,1,2,2026,3,33,-201.350,25469.6,-04999.0,-111.043,25955.5
01 02 2026  03 34  -20.1349 25469.6 -04998.9 -11.1043 25955.6,1,2,2026,3,34,-201.349,25469.6,-04998.9,-111.043,25955.6
01 02 2026  03 35  -20.1348 25469.7 -04998.9 -11.1042 25955.6,1,2,2026,3,35,-201.348,25469.7,-04998.9,-111.042,25955.6
01 02 2026  03 36  -20.1348 25469.7 -04998.9 -11.1041 25955.7,1,2,2026,3,36,-201.348,25469.7,-04998.9,-111.041,25955.7
01 02 2026  03 37  -20.1347 25469.8 -04998.9 -11.1042 25955.7,1,2,2026,3,37,-201.347,25469.8,-04998.9,-111.042,25955.7
01 02 2026  03 38  -20.1347 25469.8 -04998.9 -11.1042 25955.8,1,2,2026,3,38,-201.347,25469.8,-04998.9,-111.042,25955.8
01 02 2026  03 39  -20.1347 25469.9 -04998.9 -11.1040 25955.8,1,2,2026,3,39,-201.347,25469.9,-04998.9,-111.040,25955.8
01 02 2026  03 40  -20.1347 25470.0 -04998.9 -11.1041 25955.9,1,2,2026,3,40,-201.347,25470.0,-04998.9,-111.041,25955.9
01 02 2026  03 41  -20.1348 25470.1 -04998.9 -11.1041 25956.0,1,2,2026,3,41,-201.348,25470.1,-04998.9,-111.041,25956.0
01 02 2026  03 42  -20.1347 25470.1 -04998.9 -11.1040 25956.0,1,2,2026,3,42,-201.347,25470.1,-04998.9,-111.040,25956.0
01 02 2026  03 43  -20.1347 25470.2 -04998.9 -11.1040 25956.1,1,2,2026,3,43,-201.347,25470.2,-04998.9,-111.040,25956.1
01 02 2026  03 44  -20.1346 25470.3 -04998.9 -11.1040 25956.2,1,2,2026,3,44,-201.346,25470.3,-04998.9,-111.040,25956.2
01 02 2026  03 45  -20.1346 25470.4 -04999.0 -11.1040 25956.3,1,2,2026,3,45,-201.346,25470.4,-04999.0,-111.040,25956.3
01 02 2026  03 46  -20.1345 25470.5 -04999.0 -11.1042 25956.5,1,2,2026,3,46,-201.345,25470.5,-04999.0,-111.042,25956.5
01 02 2026  03 47  -20.1344 25470.6 -04998.9 -11.1038 25956.5,1,2,2026,3,47,-201.344,25470.6,-04998.9,-111.038,25956.5
01 02 2026  03 48  -20.1342 25470.7 -04999.0 -11.1040 25956.6,1,2,2026,3,48,-201.342,25470.7,-04999.0,-111.040,25956.6
01 02 2026  03 49  -20.1341 25470.8 -04999.1 -11.1041 25956.8,1,2,2026,3,49,-201.341,25470.8,-04999.1,-111.041,25956.8
01 02 2026  03 50  -20.1340 25471.0 -04999.1 -11.1040 25956.9,1,2,2026,3,50,-201.340,25471.0,-04999.1,-111.040,25956.9
01 02 2026  03 51  -20.1339 25471.2 -04999.2 -11.1041 25957.2,1,2,2026,3,51,-201.339,25471.2,-04999.2,-111.041,25957.2
01 02 2026  03 52  -20.1339 25471.3 -04999.2 -11.1043 25957.2,1,2,2026,3,52,-201.339,25471.3,-04999.2,-111.043,25957.2
01 02 2026  03 53  -20.1338 25471.3 -04999.2 -11.1042 25957.2,1,2,2026,3,53,-201.338,25471.3,-04999.2,-111.042,25957.2
01 02 2026  03 54  -20.1336 25471.3 -04999.2 -11.1042 25957.3,1,2,2026,3,54,-201.336,25471.3,-04999.2,-111.042,25957.3
01 02 2026  03 55  -20.1334 25471.3 -04999.2 -11.1041 25957.3,1,2,2026,3,55,-201.334,25471.3,-04999.2,-111.041,25957.3
01 02 2026  03 56  -20.1332 25471.2 -04999.2 -11.1041 25957.2,1,2,2026,3,56,-201.332,25471.2,-04999.2,-111.041,25957.2
01 02 2026  03 57  -20.1331 25471.1 -04999.1 -11.1040 25957.1,1,2,2026,3,57,-201.331,25471.1,-04999.1,-111.040,25957.1
01 02 2026  03 58  -20.1330 25471.0 -04999.0 -11.1040 25956.9,1,2,2026,3,58,-201.330,25471.0,-04999.0,-111.040,25956.9
01 02 2026  03 59  -20.1329 25470.9 -04999.0 -11.1040 25956.8,1,2,2026,3,59,-201.329,25470.9,-04999.0,-111.040,25956.8
01 02 2026  04 00  -20.1328 25470.8 -04999.0 -11.1039 25956.7,1,2,2026,4,0,-201.328,25470.8,-04999.0,-111.039,25956.7
01 02 2026  04 01  -20.1327 25470.7 -04998.9 -11.1039 25956.6,1,2,2026,4,1,-201.327,25470.7,-04998.9,-111.039,25956.6
01 02 2026  04 02  -20.1328 25470.6 -04998.9 -11.1039 25956.5,1,2,2026,4,2,-201.328,25470.6,-04998.9,-111.039,25956.5
01 02 2026  04 03  -20.1329 25470.5 -04998.8 -11.1036 25956.4,1,2,2026,4,3,-201.329,25470.5,-04998.8,-111.036,25956.4
01 02 2026  04 04  -20.1328 25470.4 -04998.8 -11.1038 25956.3,1,2,2026,4,4,-201.328,25470.4,-04998.8,-111.038,25956.3
01 02 2026  04 05  -20.1329 25470.3 -04999.0 -11.1041 25956.3,1,2,2026,4,5,-201.329,25470.3,-04999.0,-111.041,25956.3
01 02 2026  04 06  -20.1329 25470.3 -04999.0 -11.1042 25956.3,1,2,2026,4,6,-201.329,25470.3,-04999.0,-111.042,25956.3
01 02 2026  04 07  -20.1328 25470.3 -04999.1 -11.1043 25956.3,1,2,2026,4,7,-201.328,25470.3,-04999.1,-111.043,25956.3
01 02 2026  04 08  -20.1328 25470.3 -04999.1 -11.1044 25956.2,1,2,2026,4,8,-201.328,25470.3,-04999.1,-111.044,25956.2
01 02 2026  04 09  -20.1328 25470.2 -04999.0 -11.1042 25956.2,1,2,2026,4,9,-201.328,25470.2,-04999.0,-111.042,25956.2
01 02 2026  04 10  -20.1327 25470.2 -04999.0 -11.1043 25956.1,1,2,2026,4,10,-201.327,25470.2,-04999.0,-111.043,25956.1
01 02 2026  04 11  -20.1326 25470.1 -04999.1 -11.1044 25956.1,1,2,2026,4,11,-201.326,25470.1,-04999.1,-111.044,25956.1
01 02 2026  04 12  -20.1325 25470.1 -04999.0 -11.1043 25956.0,1,2,2026,4,12,-201.325,25470.1,-04999.0,-111.043,25956.0
01 02 2026  04 13  -20.1323 25470.0 -04999.0 -11.1043 25955.9,1,2,2026,4,13,-201.323,25470.0,-04999.0,-111.043,25955.9
01 02 2026  04 14  -20.1322 25470.0 -04999.0 -11.1043 25955.9,1,2,2026,4,14,-201.322,25470.0,-04999.0,-111.043,25955.9
01 02 2026  04 15  -20.1320 25469.9 -04998.9 -11.1042 25955.8,1,2,2026,4,15,-201.320,25469.9,-04998.9,-111.042,25955.8
01 02 2026  04 16  -20.1319 25469.8 -04998.8 -11.1039 25955.7,1,2,2026,4,16,-201.319,25469.8,-04998.8,-111.039,25955.7
01 02 2026  04 17  -20.1317 25469.8 -04999.0 -11.1043 25955.7,1,2,2026,4,17,-201.317,25469.8,-04999.0,-111.043,25955.7
01 02 2026  04 18  -20.1316 25469.7 -04999.0 -11.1044 25955.6,1,2,2026,4,18,-201.316,25469.7,-04999.0,-111.044,25955.6
01 02 2026  04 19  -20.1315 25469.6 -04998.9 -11.1043 25955.5,1,2,2026,4,19,-201.315,25469.6,-04998.9,-111.043,25955.5
01 02 2026  04 20  -20.1315 25469.5 -04998.9 -11.1043 25955.4,1,2,2026,4,20,-201.315,25469.5,-04998.9,-111.043,25955.4
01 02 2026  04 21  -20.1314 25469.5 -04999.0 -11.1045 25955.4,1,2,2026,4,21,-201.314,25469.5,-04999.0,-111.045,25955.4
01 02 2026  04 22  -20.1314 25469.4 -04998.9 -11.1044 25955.3,1,2,2026,4,22,-201.314,25469.4,-04998.9,-111.044,25955.3
01 02 2026  04 23  -20.1313 25469.2 -04998.8 -11.1043 25955.1,1,2,2026,4,23,-201.313,25469.2,-04998.8,-111.043,25955.1
01 02 2026  04 24  -20.1313 25469.2 -04998.9 -11.1045 25955.1,1,2,2026,4,24,-201.313,25469.2,-04998.9,-111.045,25955.1
01 02 2026  04 25  -20.1313 25469.2 -04999.1 -11.1048 25955.2,1,2,2026,4,25,-201.313,25469.2,-04999.1,-111.048,25955.2
01 02 2026  04 26  -20.1313 25469.1 -04999.1 -11.1049 25955.1,1,2,2026,4,26,-201.313,25469.1,-04999.1,-111.049,25955.1
01 02 2026  04 27  -20.1313 25469.1 -04999.1 -11.1048 25955.1,1,2,2026,4,27,-201.313,25469.1,-04999.1,-111.048,25955.1
01 02 2026  04 28  -20.1314 25469.1 -04999.2 -11.1050 25955.1,1,2,2026,4,28,-201.314,25469.1,-04999.2,-111.050,25955.1
01 02 2026  04 29  -20.1315 25469.0 -04999.2 -11.1051 25955.0,1,2,2026,4,29,-201.315,25469.0,-04999.2,-111.051,25955.0
01 02 2026  04 30  -20.1315 25469.0 -04999.1 -11.1049 25954.9,1,2,2026,4,30,-201.315,25469.0,-04999.1,-111.049,25954.9
01 02 2026  04 31  -20.1316 25468.9 -04999.1 -11.1050 25954.9,1,2,2026,4,31,-201.316,25468.9,-04999.1,-111.050,25954.9
01 02 2026  04 32  -20.1316 25468.9 -04999.0 -11.1048 25954.9,1,2,2026,4,32,-201.316,25468.9,-04999.0,-111.048,25954.9
01 02 2026  04 33  -20.1316 25468.9 -04999.1 -11.1050 25954.9,1,2,2026,4,33,-201.316,25468.9,-04999.1,-111.050,25954.9
01 02 2026  04 34  -20.1316 25468.8 -04999.2 -11.1051 25954.8,1,2,2026,4,34,-201.316,25468.8,-04999.2,-111.051,25954.8
01 02 2026  04 35  -20.1316 25468.7 -04999.2 -11.1052 25954.7,1,2,2026,4,35,-201.316,25468.7,-04999.2,-111.052,25954.7
01 02 2026  04 36  -20.1317 25468.7 -04999.2 -11.1052 25954.7,1,2,2026,4,36,-201.317,25468.7,-04999.2,-111.052,25954.7
01 02 2026  04 37  -20.1317 25468.7 -04999.2 -11.1053 25954.7,1,2,2026,4,37,-201.317,25468.7,-04999.2,-111.053,25954.7
01 02 2026  04 38  -20.1318 25468.7 -04999.3 -11.1054 25954.7,1,2,2026,4,38,-201.318,25468.7,-04999.3,-111.054,25954.7
01 02 2026  04 39  -20.1319 25468.7 -04999.4 -11.1057 25954.8,1,2,2026,4,39,-201.319,25468.7,-04999.4,-111.057,25954.8
01 02 2026  04 40  -20.1320 25468.7 -04999.4 -11.1057 25954.8,1,2,2026,4,40,-201.320,25468.7,-04999.4,-111.057,25954.8
01 02 2026  04 41  -20.1320 25468.8 -04999.4 -11.1057 25954.8,1,2,2026,4,41,-201.320,25468.8,-04999.4,-111.057,25954.8
01 02 2026  04 42  -20.1320 25468.8 -04999.6 -11.1060 25954.9,1,2,2026,4,42,-201.320,25468.8,-04999.6,-111.060,25954.9
01 02 2026  04 43  -20.1321 25468.8 -04999.6 -11.1060 25954.9,1,2,2026,4,43,-201.321,25468.8,-04999.6,-111.060,25954.9
01 02 2026  04 44  -20.1323 25468.8 -04999.7 -11.1062 25954.9,1,2,2026,4,44,-201.323,25468.8,-04999.7,-111.062,25954.9
01 02 2026  04 45  -20.1325 25468.8 -04999.7 -11.1062 25954.9,1,2,2026,4,45,-201.325,25468.8,-04999.7,-111.062,25954.9
01 02 2026  04 46  -20.1326 25468.7 -04999.6 -11.1062 25954.8,1,2,2026,4,46,-201.326,25468.7,-04999.6,-111.062,25954.8
01 02 2026  04 47  -20.1325 25468.6 -04999.7 -11.1063 25954.7,1,2,2026,4,47,-201.325,25468.6,-04999.7,-111.063,25954.7
01 02 2026  04 48  -20.1325 25468.5 -04999.5 -11.1061 25954.6,1,2,2026,4,48,-201.325,25468.5,-04999.5,-111.061,25954.6
01 02 2026  04 49  -20.1326 25468.4 -04999.5 -11.1060 25954.5,1,2,2026,4,49,-201.326,25468.4,-04999.5,-111.060,25954.5
01 02 2026  04 50  -20.1326 25468.4 -04999.5 -11.1060 25954.5,1,2,2026,4,50,-201.326,25468.4,-04999.5,-111.060,25954.5
01 02 2026  04 51  -20.1326 25468.3 -04999.5 -11.1061 25954.4,1,2,2026,4,51,-201.326,25468.3,-04999.5,-111.061,25954.4
01 02 2026  04 52  -20.1327 25468.4 -04999.6 -11.1062 25954.5,1,2,2026,4,52,-201.327,25468.4,-04999.6,-111.062,25954.5
01 02 2026  04 53  -20.1325 25468.9 -04999.9 -11.1067 25955.0,1,2,2026,4,53,-201.325,25468.9,-04999.9,-111.067,25955.0
01 02 2026  04 54  -20.1328 25468.3 -04999.7 -11.1066 25954.4,1,2,2026,4,54,-201.328,25468.3,-04999.7,-111.066,25954.4
01 02 2026  04 55  -20.1326 25468.6 -04999.8 -11.1066 25954.7,1,2,2026,4,55,-201.326,25468.6,-04999.8,-111.066,25954.7
01 02 2026  04 56  -20.1328 25468.6 -05000.0 -11.1070 25954.8,1,2,2026,4,56,-201.328,25468.6,-05000.0,-111.070,25954.8
01 02 2026  04 57  -20.1328 25468.5 -04999.9 -11.1068 25954.7,1,2,2026,4,57,-201.328,25468.5,-04999.9,-111.068,25954.7
01 02 2026  04 58  -20.1329 25468.5 -04999.8 -11.1066 25954.6,1,2,2026,4,58,-201.329,25468.5,-04999.8,-111.066,25954.6
01 02 2026  04 59  -20.1330 25468.3 -04999.7 -11.1065 25954.4,1,2,2026,4,59,-201.330,25468.3,-04999.7,-111.065,25954.4
01 02 2026  05 00  -20.1331 25468.3 -04999.8 -11.1067 25954.4,1,2,2026,5,0,-201.331,25468.3,-04999.8,-111.067,25954.4
01 02 2026  05 01  -20.1330 25468.0 -04999.6 -11.1065 25954.1,1,2,2026,5,1,-201.330,25468.0,-04999.6,-111.065,25954.1
01 02 2026  05 02  -20.1329 25467.8 -04999.5 -11.1063 25953.9,1,2,2026,5,2,-201.329,25467.8,-04999.5,-111.063,25953.9
01 02 2026  05 03  -20.1329 25467.7 -04999.5 -11.1064 25953.8,1,2,2026,5,3,-201.329,25467.7,-04999.5,-111.064,25953.8
01 02 2026  05 04  -20.1330 25467.6 -04999.5 -11.1064 25953.7,1,2,2026,5,4,-201.330,25467.6,-04999.5,-111.064,25953.7
01 02 2026  05 05  -20.1330 25467.5 -04999.4 -11.1063 25953.6,1,2,2026,5,5,-201.330,25467.5,-04999.4,-111.063,25953.6
01 02 2026  05 06  -20.1330 25467.5 -04999.5 -11.1064 25953.5,1,2,2026,5,6,-201.330,25467.5,-04999.5,-111.064,25953.5
01 02 2026  05 07  -20.1330 25467.4 -04999.5 -11.1064 25953.5,1,2,2026,5,7,-201.330,25467.4,-04999.5,-111.064,25953.5
01 02 2026  05 08  -20.1331 25467.4 -04999.6 -11.1066 25953.5,1,2,2026,5,8,-201.331,25467.4,-04999.6,-111.066,25953.5
01 02 2026  05 09  -20.1331 25467.4 -04999.6 -11.1067 25953.5,1,2,2026,5,9,-201.331,25467.4,-04999.6,-111.067,25953.5
01 02 2026  05 10  -20.1332 25467.4 -04999.7 -11.1068 25953.5,1,2,2026,5,10,-201.332,25467.4,-04999.7,-111.068,25953.5
01 02 2026  05 11  -20.1333 25467.4 -04999.7 -11.1069 25953.5,1,2,2026,5,11,-201.333,25467.4,-04999.7,-111.069,25953.5
01 02 2026  05 12  -20.1334 25467.4 -04999.7 -11.1070 25953.5,1,2,2026,5,12,-201.334,25467.4,-04999.7,-111.070,25953.5
01 02 2026  05 13  -20.1334 25467.4 -04999.7 -11.1070 25953.5,1,2,2026,5,13,-201.334,25467.4,-04999.7,-111.070,25953.5
01 02 2026  05 14  -20.1335 25467.2 -04999.7 -11.1069 25953.4,1,2,2026,5,14,-201.335,25467.2,-04999.7,-111.069,25953.4
01 02 2026  05 15  -20.1336 25467.2 -04999.7 -11.1070 25953.3,1,2,2026,5,15,-201.336,25467.2,-04999.7,-111.070,25953.3
01 02 2026  05 16  -20.1336 25467.1 -04999.7 -11.1070 25953.3,1,2,2026,5,16,-201.336,25467.1,-04999.7,-111.070,25953.3
01 02 2026  05 17  -20.1335 25467.1 -04999.7 -11.1070 25953.2,1,2,2026,5,17,-201.335,25467.1,-04999.7,-111.070,25953.2
01 02 2026  05 18  -20.1336 25467.1 -04999.7 -11.1070 25953.2,1,2,2026,5,18,-201.336,25467.1,-04999.7,-111.070,25953.2
01 02 2026  05 19  -20.1337 25467.1 -04999.8 -11.1072 25953.2,1,2,2026,5,19,-201.337,25467.1,-04999.8,-111.072,25953.2
01 02 2026  05 20  -20.1338 25467.0 -04999.7 -11.1071 25953.1,1,2,2026,5,20,-201.338,25467.0,-04999.7,-111.071,25953.1
01 02 2026  05 21  -20.1339 25466.8 -04999.5 -11.1066 25952.9,1,2,2026,5,21,-201.339,25466.8,-04999.5,-111.066,25952.9
01 02 2026  05 22  -20.1339 25466.8 -04999.6 -11.1069 25952.9,1,2,2026,5,22,-201.339,25466.8,-04999.6,-111.069,25952.9
01 02 2026  05 23  -20.1340 25466.6 -04999.6 -11.1071 25952.7,1,2,2026,5,23,-201.340,25466.6,-04999.6,-111.071,25952.7
01 02 2026  05 24  -20.1342 25466.5 -04999.6 -11.1070 25952.6,1,2,2026,5,24,-201.342,25466.5,-04999.6,-111.070,25952.6
01 02 2026  05 25  -20.1344 25466.4 -04999.6 -11.1071 25952.5,1,2,2026,5,25,-201.344,25466.4,-04999.6,-111.071,25952.5
01 02 2026  05 26  -20.1345 25466.3 -04999.5 -11.1070 25952.4,1,2,2026,5,26,-201.345,25466.3,-04999.5,-111.070,25952.4
01 02 2026  05 27  -20.1346 25466.2 -04999.5 -11.1069 25952.3,1,2,2026,5,27,-201.346,25466.2,-04999.5,-111.069,25952.3
01 02 2026  05 28  -20.1347 25466.1 -04999.4 -11.1069 25952.2,1,2,2026,5,28,-201.347,25466.1,-04999.4,-111.069,25952.2
01 02 2026  05 29  -20.1348 25466.0 -04999.5 -11.1071 25952.1,1,2,2026,5,29,-201.348,25466.0,-04999.5,-111.071,25952.1
01 02 2026  05 30  -20.1350 25465.9 -04999.4 -11.1070 25952.0,1,2,2026,5,30,-201.350,25465.9,-04999.4,-111.070,25952.0
01 02 2026  05 31  -20.1351 25465.9 -04999.4 -11.1070 25952.0,1,2,2026,5,31,-201.351,25465.9,-04999.4,-111.070,25952.0
01 02 2026  05 32  -20.1353 25465.8 -04999.5 -11.1071 25951.9,1,2,2026,5,32,-201.353,25465.8,-04999.5,-111.071,25951.9
01 02 2026  05 33  -20.1355 25465.8 -04999.5 -11.1072 25952.0,1,2,2026,5,33,-201.355,25465.8,-04999.5,-111.072,25952.0
01 02 2026  05 34  -20.1357 25466.0 -04999.6 -11.1073 25952.1,1,2,2026,5,34,-201.357,25466.0,-04999.6,-111.073,25952.1
01 02 2026  05 35  -20.1358 25466.0 -04999.6 -11.1074 25952.2,1,2,2026,5,35,-201.358,25466.0,-04999.6,-111.074,25952.2
01 02 2026  05 36  -20.1359 25466.0 -04999.7 -11.1075 25952.2,1,2,2026,5,36,-201.359,25466.0,-04999.7,-111.075,25952.2
01 02 2026  05 37  -20.1361 25466.1 -04999.8 -11.1076 25952.3,1,2,2026,5,37,-201.361,25466.1,-04999.8,-111.076,25952.3
01 02 2026  05 38  -20.1363 25466.2 -04999.8 -11.1076 25952.3,1,2,2026,5,38,-201.363,25466.2,-04999.8,-111.076,25952.3
01 02 2026  05 39  -20.1366 25466.4 -05000.0 -11.1079 25952.6,1,2,2026,5,39,-201.366,25466.4,-05000.0,-111.079,25952.6
01 02 2026  05 40  -20.1367 25466.4 -05000.0 -11.1079 25952.6,1,2,2026,5,40,-201.367,25466.4,-05000.0,-111.079,25952.6
01 02 2026  05 41  -20.1367 25466.4 -04999.9 -11.1078 25952.6,1,2,2026,5,41,-201.367,25466.4,-04999.9,-111.078,25952.6
01 02 2026  05 42  -20.1368 25466.4 -04999.9 -11.1077 25952.6,1,2,2026,5,42,-201.368,25466.4,-04999.9,-111.077,25952.6
01 02 2026  05 43  -20.1367 25466.5 -04999.9 -11.1077 25952.7,1,2,2026,5,43,-201.367,25466.5,-04999.9,-111.077,25952.7
01 02 2026  05 44  -20.1371 25466.5 -05000.0 -11.1079 25952.7,1,2,2026,5,44,-201.371,25466.5,-05000.0,-111.079,25952.7
01 02 2026  05 45  -20.1371 25466.9 -05000.1 -11.1081 25953.1,1,2,2026,5,45,-201.371,25466.9,-05000.1,-111.081,25953.1
01 02 2026  05 46  -20.1373 25466.4 -04999.9 -11.1078 25952.6,1,2,2026,5,46,-201.373,25466.4,-04999.9,-111.078,25952.6
01 02 2026  05 47  -20.1373 25466.6 -05000.0 -11.1078 25952.8,1,2,2026,5,47,-201.373,25466.6,-05000.0,-111.078,25952.8
01 02 2026  05 48  -20.1374 25466.7 -05000.1 -11.1080 25952.9,1,2,2026,5,48,-201.374,25466.7,-05000.1,-111.080,25952.9
01 02 2026  05 49  -20.1375 25466.5 -05000.0 -11.1078 25952.7,1,2,2026,5,49,-201.375,25466.5,-05000.0,-111.078,25952.7
01 02 2026  05 50  -20.1373 25466.6 -05000.0 -11.1078 25952.8,1,2,2026,5,50,-201.373,25466.6,-05000.0,-111.078,25952.8
01 02 2026  05 51  -20.1372 25466.6 -04999.9 -11.1077 25952.8,1,2,2026,5,51,-201.372,25466.6,-04999.9,-111.077,25952.8
01 02 2026  05 52  -20.1372 25466.6 -04999.9 -11.1078 25952.8,1,2,2026,5,52,-201.372,25466.6,-04999.9,-111.078,25952.8
01 02 2026  05 53  -20.1373 25466.8 -05000.1 -11.1080 25953.0,1,2,2026,5,53,-201.373,25466.8,-05000.1,-111.080,25953.0
01 02 2026  05 54  -20.1374 25466.8 -05000.1 -11.1080 25953.0,1,2,2026,5,54,-201.374,25466.8,-05000.1,-111.080,25953.0
01 02 2026  05 55  -20.1375 25466.6 -05000.0 -11.1078 25952.8,1,2,2026,5,55,-201.375,25466.6,-05000.0,-111.078,25952.8
01 02 2026  05 56  -20.1372 25466.7 -04999.9 -11.1077 25952.9,1,2,2026,5,56,-201.372,25466.7,-04999.9,-111.077,25952.9
01 02 2026  05 57  -20.1373 25466.5 -04999.9 -11.1076 25952.7,1,2,2026,5,57,-201.373,25466.5,-04999.9,-111.076,25952.7
01 02 2026  05 58  -20.1373 25466.4 -04999.8 -11.1074 25952.6,1,2,2026,5,58,-201.373,25466.4,-04999.8,-111.074,25952.6
01 02 2026  05 59  -20.1372 25466.4 -04999.8 -11.1075 25952.6,1,2,2026,5,59,-201.372,25466.4,-04999.8,-111.075,25952.6
01 02 2026  06 00  -20.1372 25466.2 -04999.6 -11.1073 25952.3,1,2,2026,6,0,-201.372,25466.2,-04999.6,-111.073,25952.3
01 02 2026  06 01  -20.1369 25465.9 -04999.4 -11.1068 25952.0,1,2,2026,6,1,-201.369,25465.9,-04999.4,-111.068,25952.0
01 02 2026  06 02  -20.1367 25465.6 -04999.2 -11.1065 25951.6,1,2,2026,6,2,-201.367,25465.6,-04999.2,-111.065,25951.6
01 02 2026  06 03  -20.1366 25465.2 -04999.0 -11.1062 25951.2,1,2,2026,6,3,-201.366,25465.2,-04999.0,-111.062,25951.2
01 02 2026  06 04  -20.1365 25464.8 -04998.8 -11.1061 25950.8,1,2,2026,6,4,-201.365,25464.8,-04998.8,-111.061,25950.8
01 02 2026  06 05  -20.1366 25464.4 -04998.6 -11.1058 25950.3,1,2,2026,6,5,-201.366,25464.4,-04998.6,-111.058,25950.3
01 02 2026  06 06  -20.1364 25464.0 -04998.3 -11.1054 25949.9,1,2,2026,6,6,-201.364,25464.0,-04998.3,-111.054,25949.9
01 02 2026  06 07  -20.1364 25463.8 -04998.3 -11.1054 25949.7,1,2,2026,6,7,-201.364,25463.8,-04998.3,-111.054,25949.7
01 02 2026  06 08  -20.1366 25463.5 -04998.3 -11.1054 25949.5,1,2,2026,6,8,-201.366,25463.5,-04998.3,-111.054,25949.5
01 02 2026  06 09  -20.1365 25463.5 -04998.2 -11.1053 25949.4,1,2,2026,6,9,-201.365,25463.5,-04998.2,-111.053,25949.4
01 02 2026  06 10  -20.1364 25463.4 -04998.2 -11.1054 25949.3,1,2,2026,6,10,-201.364,25463.4,-04998.2,-111.054,25949.3
01 02 2026  06 11  -20.1362 25463.2 -04998.1 -11.1053 25949.1,1,2,2026,6,11,-201.362,25463.2,-04998.1,-111.053,25949.1
01 02 2026  06 12  -20.1358 25463.0 -04998.0 -11.1051 25948.9,1,2,2026,6,12,-201.358,25463.0,-04998.0,-111.051,25948.9
01 02 2026  06 13  -20.1358 25462.9 -04998.1 -11.1053 25948.8,1,2,2026,6,13,-201.358,25462.9,-04998.1,-111.053,25948.8
01 02 2026  06 14  -20.1358 25462.9 -04998.1 -11.1054 25948.8,1,2,2026,6,14,-201.358,25462.9,-04998.1,-111.054,25948.8
01 02 2026  06 15  -20.1355 25462.8 -04998.1 -11.1053 25948.7,1,2,2026,6,15,-201.355,25462.8,-04998.1,-111.053,25948.7
01 02 2026  06 16  -20.1353 25462.6 -04998.0 -11.1053 25948.5,1,2,2026,6,16,-201.353,25462.6,-04998.0,-111.053,25948.5
01 02 2026  06 17  -20.1348 25462.7 -04998.0 -11.1053 25948.5,1,2,2026,6,17,-201.348,25462.7,-04998.0,-111.053,25948.5
01 02 2026  06 18  -20.1346 25462.4 -04998.0 -11.1054 25948.3,1,2,2026,6,18,-201.346,25462.4,-04998.0,-111.054,25948.3
01 02 2026  06 19  -20.1347 25462.8 -04998.3 -11.1059 25948.7,1,2,2026,6,19,-201.347,25462.8,-04998.3,-111.059,25948.7
01 02 2026  06 20  -20.1350 25462.9 -04998.5 -11.1063 25948.9,1,2,2026,6,20,-201.350,25462.9,-04998.5,-111.063,25948.9
01 02 2026  06 21  -20.1354 25463.0 -04998.7 -11.1065 25949.1,1,2,2026,6,21,-201.354,25463.0,-04998.7,-111.065,25949.1
01 02 2026  06 22  -20.1357 25463.3 -04998.9 -11.1069 25949.4,1,2,2026,6,22,-201.357,25463.3,-04998.9,-111.069,25949.4
01 02 2026  06 23  -20.1361 25463.6 -04999.0 -11.1070 25949.6,1,2,2026,6,23,-201.361,25463.6,-04999.0,-111.070,25949.6
01 02 2026  06 24  -20.1365 25463.6 -04999.0 -11.1070 25949.7,1,2,2026,6,24,-201.365,25463.6,-04999.0,-111.070,25949.7
01 02 2026  06 25  -20.1367 25463.8 -04999.1 -11.1070 25949.8,1,2,2026,6,25,-201.367,25463.8,-04999.1,-111.070,25949.8
01 02 2026  06 26  -20.1370 25464.0 -04999.2 -11.1072 25950.1,1,2,2026,6,26,-201.370,25464.0,-04999.2,-111.072,25950.1
01 02 2026  06 27  -20.1376 25464.3 -04999.3 -11.1073 25950.4,1,2,2026,6,27,-201.376,25464.3,-04999.3,-111.073,25950.4
01 02 2026  06 28  -20.1379 25464.3 -04999.2 -11.1071 25950.4,1,2,2026,6,28,-201.379,25464.3,-04999.2,-111.071,25950.4
01 02 2026  06 29  -20.1380 25464.3 -04999.1 -11.1068 25950.4,1,2,2026,6,29,-201.380,25464.3,-04999.1,-111.068,25950.4
01 02 2026  06 30  -20.1382 25464.6 -04999.2 -11.1070 25950.7,1,2,2026,6,30,-201.382,25464.6,-04999.2,-111.070,25950.7
01 02 2026  06 31  -20.1383 25464.6 -04999.1 -11.1067 25950.6,1,2,2026,6,31,-201.383,25464.6,-04999.1,-111.067,25950.6
01 02 2026  06 32  -20.1383 25464.5 -04998.9 -11.1064 25950.5,1,2,2026,6,32,-201.383,25464.5,-04998.9,-111.064,25950.5
01 02 2026  06 33  -20.1383 25464.7 -04999.0 -11.1064 25950.7,1,2,2026,6,33,-201.383,25464.7,-04999.0,-111.064,25950.7
01 02 2026  06 34  -20.1382 25464.7 -04998.8 -11.1062 25950.7,1,2,2026,6,34,-201.382,25464.7,-04998.8,-111.062,25950.7
01 02 2026  06 35  -20.1379 25464.7 -04998.7 -11.1059 25950.7,1,2,2026,6,35,-201.379,25464.7,-04998.7,-111.059,25950.7
01 02 2026  06 36  -20.1376 25464.7 -04998.7 -11.1058 25950.7,1,2,2026,6,36,-201.376,25464.7,-04998.7,-111.058,25950.7
01 02 2026  06 37  -20.1374 25464.9 -04998.7 -11.1059 25950.9,1,2,2026,6,37,-201.374,25464.9,-04998.7,-111.059,25950.9
01 02 2026  06 38  -20.1375 25465.1 -04998.9 -11.1061 25951.1,1,2,2026,6,38,-201.375,25465.1,-04998.9,-111.061,25951.1
01 02 2026  06 39  -20.1373 25465.3 -04999.0 -11.1064 25951.3,1,2,2026,6,39,-201.373,25465.3,-04999.0,-111.064,25951.3
01 02 2026  06 40  -20.1375 25465.4 -04999.1 -11.1064 25951.4,1,2,2026,6,40,-201.375,25465.4,-04999.1,-111.064,25951.4
01 02 2026  06 41  -20.1377 25465.4 -04999.2 -11.1066 25951.5,1,2,2026,6,41,-201.377,25465.4,-04999.2,-111.066,25951.5
01 02 2026  06 42  -20.1377 25465.5 -04999.2 -11.1066 25951.6,1,2,2026,6,42,-201.377,25465.5,-04999.2,-111.066,25951.6
01 02 2026  06 43  -20.1378 25465.7 -04999.3 -11.1068 25951.7,1,2,2026,6,43,-201.378,25465.7,-04999.3,-111.068,25951.7
01 02 2026  06 44  -20.1379 25465.8 -04999.3 -11.1068 25951.8,1,2,2026,6,44,-201.379,25465.8,-04999.3,-111.068,25951.8
01 02 2026  06 45  -20.1379 25465.9 -04999.4 -11.1069 25952.0,1,2,2026,6,45,-201.379,25465.9,-04999.4,-111.069,25952.0
01 02 2026  06 46  -20.1380 25466.2 -04999.4 -11.1068 25952.3,1,2,2026,6,46,-201.380,25466.2,-04999.4,-111.068,25952.3
01 02 2026  06 47  -20.1380 25466.2 -04999.4 -11.1068 25952.3,1,2,2026,6,47,-201.380,25466.2,-04999.4,-111.068,25952.3
01 02 2026  06 48  -20.1379 25466.2 -04999.4 -11.1068 25952.3,1,2,2026,6,48,-201.379,25466.2,-04999.4,-111.068,25952.3
01 02 2026  06 49  -20.1378 25466.3 -04999.4 -11.1067 25952.4,1,2,2026,6,49,-201.378,25466.3,-04999.4,-111.067,25952.4
01 02 2026  06 50  -20.1378 25466.4 -04999.5 -11.1069 25952.5,1,2,2026,6,50,-201.378,25466.4,-04999.5,-111.069,25952.5
01 02 2026  06 51  -20.1376 25466.4 -04999.4 -11.1066 25952.5,1,2,2026,6,51,-201.376,25466.4,-04999.4,-111.066,25952.5
01 02 2026  06 52  -20.1374 25466.3 -04999.3 -11.1065 25952.4,1,2,2026,6,52,-201.374,25466.3,-04999.3,-111.065,25952.4
01 02 2026  06 53  -20.1371 25466.3 -04999.3 -11.1064 25952.3,1,2,2026,6,53,-201.371,25466.3,-04999.3,-111.064,25952.3
01 02 2026  06 54  -20.1369 25466.2 -04999.2 -11.1063 25952.3,1,2,2026,6,54,-201.369,25466.2,-04999.2,-111.063,25952.3
01 02 2026  06 55  -20.1366 25466.1 -04999.1 -11.1062 25952.2,1,2,2026,6,55,-201.366,25466.1,-04999.1,-111.062,25952.2
01 02 2026  06 56  -20.1366 25466.1 -04999.1 -11.1062 25952.1,1,2,2026,6,56,-201.366,25466.1,-04999.1,-111.062,25952.1
01 02 2026  06 57  -20.1366 25466.1 -04999.2 -11.1063 25952.2,1,2,2026,6,57,-201.366,25466.1,-04999.2,-111.063,25952.2
01 02 2026  06 58  -20.1365 25466.2 -04999.2 -11.1064 25952.3,1,2,2026,6,58,-201.365,25466.2,-04999.2,-111.064,25952.3
01 02 2026  06 59  -20.1364 25466.3 -04999.3 -11.1065 25952.3,1,2,2026,6,59,-201.364,25466.3,-04999.3,-111.065,25952.3
01 02 2026  07 00  -20.1363 25466.3 -04999.3 -11.1065 25952.3,1,2,2026,7,0,-201.363,25466.3,-04999.3,-111.065,25952.3
01 02 2026  07 01  -20.1361 25466.2 -04999.2 -11.1064 25952.2,1,2,2026,7,1,-201.361,25466.2,-04999.2,-111.064,25952.2
01 02 2026  07 02  -20.1359 25466.0 -04999.2 -11.1064 25952.1,1,2,2026,7,2,-201.359,25466.0,-04999.2,-111.064,25952.1
01 02 2026  07 03  -20.1357 25466.0 -04999.1 -11.1063 25952.0,1,2,2026,7,3,-201.357,25466.0,-04999.1,-111.063,25952.0
01 02 2026  07 04  -20.1356 25466.1 -04999.3 -11.1065 25952.2,1,2,2026,7,4,-201.356,25466.1,-04999.3,-111.065,25952.2
01 02 2026  07 05  -20.1357 25466.2 -04999.4 -11.1068 25952.3,1,2,2026,7,5,-201.357,25466.2,-04999.4,-111.068,25952.3
01 02 2026  07 06  -20.1357 25466.3 -04999.5 -11.1070 25952.4,1,2,2026,7,6,-201.357,25466.3,-04999.5,-111.070,25952.4
01 02 2026  07 07  -20.1355 25466.3 -04999.5 -11.1069 25952.4,1,2,2026,7,7,-201.355,25466.3,-04999.5,-111.069,25952.4
01 02 2026  07 08  -20.1354 25466.3 -04999.5 -11.1069 25952.4,1,2,2026,7,8,-201.354,25466.3,-04999.5,-111.069,25952.4
01 02 2026  07 09  -20.1352 25466.3 -04999.5 -11.1070 25952.5,1,2,2026,7,9,-201.352,25466.3,-04999.5,-111.070,25952.5
01 02 2026  07 10  -20.1351 25466.4 -04999.6 -11.1070 25952.5,1,2,2026,7,10,-201.351,25466.4,-04999.6,-111.070,25952.5
01 02 2026  07 11  -20.1351 25466.4 -04999.6 -11.1071 25952.5,1,2,2026,7,11,-201.351,25466.4,-04999.6,-111.071,25952.5
01 02 2026  07 12  -20.1352 25466.4 -04999.6 -11.1071 25952.5,1,2,2026,7,12,-201.352,25466.4,-04999.6,-111.071,25952.5
01 02 2026  07 13  -20.1352 25466.4 -04999.6 -11.1072 25952.5,1,2,2026,7,13,-201.352,25466.4,-04999.6,-111.072,25952.5
01 02 2026  07 14  -20.1353 25466.4 -04999.7 -11.1072 25952.5,1,2,2026,7,14,-201.353,25466.4,-04999.7,-111.072,25952.5
01 02 2026  07 15  -20.1356 25466.5 -04999.7 -11.1074 25952.6,1,2,2026,7,15,-201.356,25466.5,-04999.7,-111.074,25952.6
01 02 2026  07 16  -20.1358 25466.5 -04999.8 -11.1075 25952.6,1,2,2026,7,16,-201.358,25466.5,-04999.8,-111.075,25952.6
01 02 2026  07 17  -20.1360 25466.5 -04999.8 -11.1075 25952.6,1,2,2026,7,17,-201.360,25466.5,-04999.8,-111.075,25952.6
01 02 2026  07 18  -20.1363 25466.5 -04999.8 -11.1074 25952.7,1,2,2026,7,18,-201.363,25466.5,-04999.8,-111.074,25952.7
01 02 2026  07 19  -20.1365 25466.5 -04999.8 -11.1074 25952.6,1,2,2026,7,19,-201.365,25466.5,-04999.8,-111.074,25952.6
01 02 2026  07 20  -20.1365 25466.5 -04999.6 -11.1072 25952.6,1,2,2026,7,20,-201.365,25466.5,-04999.6,-111.072,25952.6
01 02 2026  07 21  -20.1366 25466.5 -04999.6 -11.1070 25952.6,1,2,2026,7,21,-201.366,25466.5,-04999.6,-111.070,25952.6
01 02 2026  07 22  -20.1367 25466.4 -04999.6 -11.1070 25952.5,1,2,2026,7,22,-201.367,25466.4,-04999.6,-111.070,25952.5
01 02 2026  07 23  -20.1368 25466.4 -04999.5 -11.1069 25952.5,1,2,2026,7,23,-201.368,25466.4,-04999.5,-111.069,25952.5
01 02 2026  07 24  -20.1370 25466.5 -04999.5 -11.1069 25952.6,1,2,2026,7,24,-201.370,25466.5,-04999.5,-111.069,25952.6
01 02 2026  07 25  -20.1370 25466.5 -04999.4 -11.1067 25952.6,1,2,2026,7,25,-201.370,25466.5,-04999.4,-111.067,25952.6
01 02 2026  07 26  -20.1371 25466.4 -04999.4 -11.1066 25952.5,1,2,2026,7,26,-201.371,25466.4,-04999.4,-111.066,25952.5
01 02 2026  07 27  -20.1370 25466.4 -04999.4 -11.1066 25952.5,1,2,2026,7,27,-201.370,25466.4,-04999.4,-111.066,25952.5
01 02 2026  07 28  -20.1370 25466.4 -04999.3 -11.1065 25952.5,1,2,2026,7,28,-201.370,25466.4,-04999.3,-111.065,25952.5
01 02 2026  07 29  -20.1369 25466.3 -04999.2 -11.1063 25952.4,1,2,2026,7,29,-201.369,25466.3,-04999.2,-111.063,25952.4
01 02 2026  07 30  -20.1369 25466.3 -04999.2 -11.1063 25952.4,1,2,2026,7,30,-201.369,25466.3,-04999.2,-111.063,25952.4
01 02 2026  07 31  -20.1370 25466.4 -04999.2 -11.1063 25952.4,1,2,2026,7,31,-201.370,25466.4,-04999.2,-111.063,25952.4
01 02 2026  07 32  -20.1371 25466.4 -04999.3 -11.1064 25952.5,1,2,2026,7,32,-201.371,25466.4,-04999.3,-111.064,25952.5
01 02 2026  07 33  -20.1372 25466.5 -04999.4 -11.1066 25952.6,1,2,2026,7,33,-201.372,25466.5,-04999.4,-111.066,25952.6
01 02 2026  07 34  -20.1373 25466.5 -04999.4 -11.1066 25952.6,1,2,2026,7,34,-201.373,25466.5,-04999.4,-111.066,25952.6
01 02 2026  07 35  -20.1374 25466.6 -04999.4 -11.1066 25952.7,1,2,2026,7,35,-201.374,25466.6,-04999.4,-111.066,25952.7
01 02 2026  07 36  -20.1375 25466.6 -04999.4 -11.1065 25952.7,1,2,2026,7,36,-201.375,25466.6,-04999.4,-111.065,25952.7
01 02 2026  07 37  -20.1377 25466.6 -04999.4 -11.1066 25952.7,1,2,2026,7,37,-201.377,25466.6,-04999.4,-111.066,25952.7
01 02 2026  07 38  -20.1378 25466.7 -04999.4 -11.1066 25952.8,1,2,2026,7,38,-201.378,25466.7,-04999.4,-111.066,25952.8
01 02 2026  07 39  -20.1379 25466.7 -04999.3 -11.1064 25952.8,1,2,2026,7,39,-201.379,25466.7,-04999.3,-111.064,25952.8
01 02 2026  07 40  -20.1380 25466.7 -04999.3 -11.1064 25952.7,1,2,2026,7,40,-201.380,25466.7,-04999.3,-111.064,25952.7
01 02 2026  07 41  -20.1380 25466.7 -04999.3 -11.1063 25952.8,1,2,2026,7,41,-201.380,25466.7,-04999.3,-111.063,25952.8
01 02 2026  07 42  -20.1381 25466.7 -04999.3 -11.1063 25952.8,1,2,2026,7,42,-201.381,25466.7,-04999.3,-111.063,25952.8
01 02 2026  07 43  -20.1381 25466.7 -04999.2 -11.1062 25952.7,1,2,2026,7,43,-201.381,25466.7,-04999.2,-111.062,25952.7
01 02 2026  07 44  -20.1381 25466.7 -04999.3 -11.1062 25952.8,1,2,2026,7,44,-201.381,25466.7,-04999.3,-111.062,25952.8
01 02 2026  07 45  -20.1382 25466.8 -04999.2 -11.1062 25952.9,1,2,2026,7,45,-201.382,25466.8,-04999.2,-111.062,25952.9
01 02 2026  07 46  -20.1383 25466.8 -04999.2 -11.1061 25952.9,1,2,2026,7,46,-201.383,25466.8,-04999.2,-111.061,25952.9
01 02 2026  07 47  -20.1384 25466.9 -04999.2 -11.1061 25952.9,1,2,2026,7,47,-201.384,25466.9,-04999.2,-111.061,25952.9
01 02 2026  07 48  -20.1384 25466.9 -04999.2 -11.1061 25952.9,1,2,2026,7,48,-201.384,25466.9,-04999.2,-111.061,25952.9
01 02 2026  07 49  -20.1384 25466.8 -04999.2 -11.1060 25952.9,1,2,2026,7,49,-201.384,25466.8,-04999.2,-111.060,25952.9
01 02 2026  07 50  -20.1385 25466.8 -04999.2 -11.1060 25952.9,1,2,2026,7,50,-201.385,25466.8,-04999.2,-111.060,25952.9
01 02 2026  07 51  -20.1384 25466.8 -04999.1 -11.1059 25952.9,1,2,2026,7,51,-201.384,25466.8,-04999.1,-111.059,25952.9
01 02 2026  07 52  -20.1384 25466.8 -04999.1 -11.1059 25952.9,1,2,2026,7,52,-201.384,25466.8,-04999.1,-111.059,25952.9
01 02 2026  07 53  -20.1383 25466.7 -04999.1 -11.1059 25952.8,1,2,2026,7,53,-201.383,25466.7,-04999.1,-111.059,25952.8
01 02 2026  07 54  -20.1382 25466.8 -04999.0 -11.1057 25952.8,1,2,2026,7,54,-201.382,25466.8,-04999.0,-111.057,25952.8
01 02 2026  07 55  -20.1382 25466.8 -04999.1 -11.1058 25952.8,1,2,2026,7,55,-201.382,25466.8,-04999.1,-111.058,25952.8
01 02 2026  07 56  -20.1382 25466.8 -04999.1 -11.1058 25952.8,1,2,2026,7,56,-201.382,25466.8,-04999.1,-111.058,25952.8
01 02 2026  07 57  -20.1383 25466.9 -04999.1 -11.1059 25952.9,1,2,2026,7,57,-201.383,25466.9,-04999.1,-111.059,25952.9
01 02 2026  07 58  -20.1383 25466.9 -04999.2 -11.1060 25952.9,1,2,2026,7,58,-201.383,25466.9,-04999.2,-111.060,25952.9
01 02 2026  07 59  -20.1383 25466.9 -04999.2 -11.1060 25952.9,1,2,2026,7,59,-201.383,25466.9,-04999.2,-111.060,25952.9
01 02 2026  08 00  -20.1383 25466.9 -04999.2 -11.1061 25953.0,1,2,2026,8,0,-201.383,25466.9,-04999.2,-111.061,25953.0
01 02 2026  08 01  -20.1383 25466.9 -04999.2 -11.1060 25953.0,1,2,2026,8,1,-201.383,25466.9,-04999.2,-111.060,25953.0
01 02 2026  08 02  -20.1383 25466.9 -04999.2 -11.1060 25953.0,1,2,2026,8,2,-201.383,25466.9,-04999.2,-111.060,25953.0
01 02 2026  08 03  -20.1383 25466.9 -04999.2 -11.1060 25953.0,1,2,2026,8,3,-201.383,25466.9,-04999.2,-111.060,25953.0
01 02 2026  08 04  -20.1384 25467.0 -04999.1 -11.1059 25953.0,1,2,2026,8,4,-201.384,25467.0,-04999.1,-111.059,25953.0
01 02 2026  08 05  -20.1384 25467.0 -04999.1 -11.1057 25953.0,1,2,2026,8,5,-201.384,25467.0,-04999.1,-111.057,25953.0
01 02 2026  08 06  -20.1385 25467.0 -04999.1 -11.1057 25953.1,1,2,2026,8,6,-201.385,25467.0,-04999.1,-111.057,25953.1
01 02 2026  08 07  -20.1385 25467.0 -04999.1 -11.1059 25953.1,1,2,2026,8,7,-201.385,25467.0,-04999.1,-111.059,25953.1
01 02 2026  08 08  -20.1385 25467.0 -04999.2 -11.1059 25953.0,1,2,2026,8,8,-201.385,25467.0,-04999.2,-111.059,25953.0
01 02 2026  08 09  -20.1384 25467.0 -04999.1 -11.1058 25953.0,1,2,2026,8,9,-201.384,25467.0,-04999.1,-111.058,25953.0
01 02 2026  08 10  -20.1385 25467.0 -04999.1 -11.1058 25953.0,1,2,2026,8,10,-201.385,25467.0,-04999.1,-111.058,25953.0
01 02 2026  08 11  -20.1386 25467.0 -04999.1 -11.1058 25953.0,1,2,2026,8,11,-201.386,25467.0,-04999.1,-111.058,25953.0
01 02 2026  08 12  -20.1385 25467.0 -04999.1 -11.1058 25953.1,1,2,2026,8,12,-201.385,25467.0,-04999.1,-111.058,25953.1
01 02 2026  08 13  -20.1386 25467.0 -04999.1 -11.1059 25953.0,1,2,2026,8,13,-201.386,25467.0,-04999.1,-111.059,25953.0
01 02 2026  08 14  -20.1386 25467.0 -04999.1 -11.1058 25953.0,1,2,2026,8,14,-201.386,25467.0,-04999.1,-111.058,25953.0
01 02 2026  08 15  -20.1386 25467.0 -04999.1 -11.1058 25953.0,1,2,2026,8,15,-201.386,25467.0,-04999.1,-111.058,25953.0
01 02 2026  08 16  -20.1386 25467.0 -04999.1 -11.1058 25953.0,1,2,2026,8,16,-201.386,25467.0,-04999.1,-111.058,25953.0
01 02 2026  08 17  -20.1386 25467.0 -04999.0 -11.1056 25953.0,1,2,2026,8,17,-201.386,25467.0,-04999.0,-111.056,25953.0
01 02 2026  08 18  -20.1387 25467.0 -04999.0 -11.1056 25953.0,1,2,2026,8,18,-201.387,25467.0,-04999.0,-111.056,25953.0
01 02 2026  08 19  -20.1386 25467.1 -04999.0 -11.1054 25953.0,1,2,2026,8,19,-201.386,25467.1,-04999.0,-111.054,25953.0
01 02 2026  08 20  -20.1386 25467.1 -04999.0 -11.1056 25953.1,1,2,2026,8,20,-201.386,25467.1,-04999.0,-111.056,25953.1
01 02 2026  08 21  -20.1385 25467.1 -04999.0 -11.1055 25953.1,1,2,2026,8,21,-201.385,25467.1,-04999.0,-111.055,25953.1
01 02 2026  08 22  -20.1385 25467.1 -04999.0 -11.1055 25953.1,1,2,2026,8,22,-201.385,25467.1,-04999.0,-111.055,25953.1
01 02 2026  08 23  -20.1385 25467.1 -04999.0 -11.1055 25953.1,1,2,2026,8,23,-201.385,25467.1,-04999.0,-111.055,25953.1
01 02 2026  08 24  -20.1383 25467.2 -04999.1 -11.1056 25953.2,1,2,2026,8,24,-201.383,25467.2,-04999.1,-111.056,25953.2
01 02 2026  08 25  -20.1384 25467.2 -04998.8 -11.1051 25953.1,1,2,2026,8,25,-201.384,25467.2,-04998.8,-111.051,25953.1
01 02 2026  08 26  -20.1383 25467.3 -04999.1 -11.1056 25953.3,1,2,2026,8,26,-201.383,25467.3,-04999.1,-111.056,25953.3
01 02 2026  08 27  -20.1383 25467.3 -04999.1 -11.1056 25953.3,1,2,2026,8,27,-201.383,25467.3,-04999.1,-111.056,25953.3
01 02 2026  08 28  -20.1383 25467.4 -04999.2 -11.1057 25953.4,1,2,2026,8,28,-201.383,25467.4,-04999.2,-111.057,25953.4
01 02 2026  08 29  -20.1383 25467.4 -04999.1 -11.1057 25953.4,1,2,2026,8,29,-201.383,25467.4,-04999.1,-111.057,25953.4
01 02 2026  08 30  -20.1383 25467.5 -04999.1 -11.1056 25953.5,1,2,2026,8,30,-201.383,25467.5,-04999.1,-111.056,25953.5
01 02 2026  08 31  -20.1384 25467.4 -04999.1 -11.1056 25953.4,1,2,2026,8,31,-201.384,25467.4,-04999.1,-111.056,25953.4
01 02 2026  08 32  -20.1384 25467.4 -04999.1 -11.1055 25953.4,1,2,2026,8,32,-201.384,25467.4,-04999.1,-111.055,25953.4
01 02 2026  08 33  -20.1384 25467.4 -04999.0 -11.1054 25953.4,1,2,2026,8,33,-201.384,25467.4,-04999.0,-111.054,25953.4
01 02 2026  08 34  -20.1384 25467.5 -04999.0 -11.1054 25953.5,1,2,2026,8,34,-201.384,25467.5,-04999.0,-111.054,25953.5
01 02 2026  08 35  -20.1383 25467.5 -04999.0 -11.1053 25953.5,1,2,2026,8,35,-201.383,25467.5,-04999.0,-111.053,25953.5
01 02 2026  08 36  -20.1383 25467.5 -04999.0 -11.1052 25953.5,1,2,2026,8,36,-201.383,25467.5,-04999.0,-111.052,25953.5
01 02 2026  08 37  -20.1383 25467.4 -04998.8 -11.1050 25953.4,1,2,2026,8,37,-201.383,25467.4,-04998.8,-111.050,25953.4
01 02 2026  08 38  -20.1382 25467.4 -04998.7 -11.1047 25953.4,1,2,2026,8,38,-201.382,25467.4,-04998.7,-111.047,25953.4
01 02 2026  08 39  -20.1382 25467.3 -04998.7 -11.1048 25953.2,1,2,2026,8,39,-201.382,25467.3,-04998.7,-111.048,25953.2
01 02 2026  08 40  -20.1381 25467.3 -04998.6 -11.1045 25953.2,1,2,2026,8,40,-201.381,25467.3,-04998.6,-111.045,25953.2
01 02 2026  08 41  -20.1381 25467.3 -04998.5 -11.1044 25953.2,1,2,2026,8,41,-201.381,25467.3,-04998.5,-111.044,25953.2
01 02 2026  08 42  -20.1380 25467.3 -04998.2 -11.1038 25953.1,1,2,2026,8,42,-201.380,25467.3,-04998.2,-111.038,25953.1
01 02 2026  08 43  -20.1379 25467.2 -04998.3 -11.1040 25953.1,1,2,2026,8,43,-201.379,25467.2,-04998.3,-111.040,25953.1
01 02 2026  08 44  -20.1377 25467.1 -04998.2 -11.1038 25953.0,1,2,2026,8,44,-201.377,25467.1,-04998.2,-111.038,25953.0
01 02 2026  08 45  -20.1375 25467.1 -04998.1 -11.1035 25952.9,1,2,2026,8,45,-201.375,25467.1,-04998.1,-111.035,25952.9
01 02 2026  08 46  -20.1374 25467.0 -04998.0 -11.1033 25952.8,1,2,2026,8,46,-201.374,25467.0,-04998.0,-111.033,25952.8
01 02 2026  08 47  -20.1373 25466.9 -04997.8 -11.1030 25952.7,1,2,2026,8,47,-201.373,25466.9,-04997.8,-111.030,25952.7
01 02 2026  08 48  -20.1371 25466.9 -04997.7 -11.1028 25952.6,1,2,2026,8,48,-201.371,25466.9,-04997.7,-111.028,25952.6
01 02 2026  08 49  -20.1371 25466.9 -04997.7 -11.1027 25952.6,1,2,2026,8,49,-201.371,25466.9,-04997.7,-111.027,25952.6
01 02 2026  08 50  -20.1369 25466.8 -04997.6 -11.1026 25952.6,1,2,2026,8,50,-201.369,25466.8,-04997.6,-111.026,25952.6
01 02 2026  08 51  -20.1367 25466.8 -04997.6 -11.1026 25952.5,1,2,2026,8,51,-201.367,25466.8,-04997.6,-111.026,25952.5
01 02 2026  08 52  -20.1365 25466.7 -04997.4 -11.1023 25952.4,1,2,2026,8,52,-201.365,25466.7,-04997.4,-111.023,25952.4
01 02 2026  08 53  -20.1363 25466.7 -04997.4 -11.1022 25952.4,1,2,2026,8,53,-201.363,25466.7,-04997.4,-111.022,25952.4
01 02 2026  08 54  -20.1360 25466.6 -04997.3 -11.1021 25952.3,1,2,2026,8,54,-201.360,25466.6,-04997.3,-111.021,25952.3
01 02 2026  08 55  -20.1359 25466.6 -04997.3 -11.1021 25952.3,1,2,2026,8,55,-201.359,25466.6,-04997.3,-111.021,25952.3
01 02 2026  08 56  -20.1357 25466.5 -04997.3 -11.1020 25952.2,1,2,2026,8,56,-201.357,25466.5,-04997.3,-111.020,25952.2
01 02 2026  08 57  -20.1354 25466.5 -04997.2 -11.1019 25952.2,1,2,2026,8,57,-201.354,25466.5,-04997.2,-111.019,25952.2
01 02 2026  08 58  -20.1351 25466.4 -04997.0 -11.1014 25952.1,1,2,2026,8,58,-201.351,25466.4,-04997.0,-111.014,25952.1
01 02 2026  08 59  -20.1348 25466.4 -04997.2 -11.1019 25952.1,1,2,2026,8,59,-201.348,25466.4,-04997.2,-111.019,25952.1
01 02 2026  09 00  -20.1343 25466.4 -04997.2 -11.1020 25952.1,1,2,2026,9,0,-201.343,25466.4,-04997.2,-111.020,25952.1
01 02 2026  09 01  -20.1339 25466.4 -04997.3 -11.1021 25952.0,1,2,2026,9,1,-201.339,25466.4,-04997.3,-111.021,25952.0
01 02 2026  09 02  -20.1336 25466.4 -04997.4 -11.1023 25952.1,1,2,2026,9,2,-201.336,25466.4,-04997.4,-111.023,25952.1
01 02 2026  09 03  -20.1333 25466.4 -04997.5 -11.1026 25952.1,1,2,2026,9,3,-201.333,25466.4,-04997.5,-111.026,25952.1
01 02 2026  09 04  -20.1330 25466.5 -04997.7 -11.1029 25952.2,1,2,2026,9,4,-201.330,25466.5,-04997.7,-111.029,25952.2
01 02 2026  09 05  -20.1328 25466.5 -04997.7 -11.1030 25952.3,1,2,2026,9,5,-201.328,25466.5,-04997.7,-111.030,25952.3
01 02 2026  09 06  -20.1326 25466.6 -04997.9 -11.1033 25952.4,1,2,2026,9,6,-201.326,25466.6,-04997.9,-111.033,25952.4
01 02 2026  09 07  -20.1324 25466.7 -04998.1 -11.1038 25952.5,1,2,2026,9,7,-201.324,25466.7,-04998.1,-111.038,25952.5
01 02 2026  09 08  -20.1321 25466.9 -04998.3 -11.1041 25952.8,1,2,2026,9,8,-201.321,25466.9,-04998.3,-111.041,25952.8
01 02 2026  09 09  -20.1320 25467.2 -04998.7 -11.1048 25953.1,1,2,2026,9,9,-201.320,25467.2,-04998.7,-111.048,25953.1
01 02 2026  09 10  -20.1320 25467.3 -04998.9 -11.1052 25953.3,1,2,2026,9,10,-201.320,25467.3,-04998.9,-111.052,25953.3
01 02 2026  09 11  -20.1317 25467.5 -04999.2 -11.1057 25953.5,1,2,2026,9,11,-201.317,25467.5,-04999.2,-111.057,25953.5
01 02 2026  09 12  -20.1315 25467.7 -04999.3 -11.1060 25953.7,1,2,2026,9,12,-201.315,25467.7,-04999.3,-111.060,25953.7
01 02 2026  09 13  -20.1313 25467.8 -04999.6 -11.1065 25953.9,1,2,2026,9,13,-201.313,25467.8,-04999.6,-111.065,25953.9
01 02 2026  09 14  -20.1311 25468.0 -04999.8 -11.1069 25954.1,1,2,2026,9,14,-201.311,25468.0,-04999.8,-111.069,25954.1
01 02 2026  09 15  -20.1312 25468.2 -05000.1 -11.1075 25954.4,1,2,2026,9,15,-201.312,25468.2,-05000.1,-111.075,25954.4
01 02 2026  09 16  -20.1312 25468.3 -05000.4 -11.1080 25954.5,1,2,2026,9,16,-201.312,25468.3,-05000.4,-111.080,25954.5
01 02 2026  09 17  -20.1311 25468.4 -05000.6 -11.1084 25954.7,1,2,2026,9,17,-201.311,25468.4,-05000.6,-111.084,25954.7
01 02 2026  09 18  -20.1312 25468.5 -05000.8 -11.1088 25954.8,1,2,2026,9,18,-201.312,25468.5,-05000.8,-111.088,25954.8
01 02 2026  09 19  -20.1312 25468.7 -05001.0 -11.1092 25955.0,1,2,2026,9,19,-201.312,25468.7,-05001.0,-111.092,25955.0
01 02 2026  09 20  -20.1313 25468.8 -05001.2 -11.1095 25955.2,1,2,2026,9,20,-201.313,25468.8,-05001.2,-111.095,25955.2
01 02 2026  09 21  -20.1314 25468.8 -05001.4 -11.1100 25955.3,1,2,2026,9,21,-201.314,25468.8,-05001.4,-111.100,25955.3
01 02 2026  09 22  -20.1316 25468.8 -05001.5 -11.1101 25955.3,1,2,2026,9,22,-201.316,25468.8,-05001.5,-111.101,25955.3
01 02 2026  09 23  -20.1318 25468.8 -05001.6 -11.1105 25955.3,1,2,2026,9,23,-201.318,25468.8,-05001.6,-111.105,25955.3
01 02 2026  09 24  -20.1320 25468.9 -05001.8 -11.1107 25955.4,1,2,2026,9,24,-201.320,25468.9,-05001.8,-111.107,25955.4
01 02 2026  09 25  -20.1322 25468.9 -05001.9 -11.1110 25955.5,1,2,2026,9,25,-201.322,25468.9,-05001.9,-111.110,25955.5
01 02 2026  09 26  -20.1322 25469.0 -05002.0 -11.1113 25955.5,1,2,2026,9,26,-201.322,25469.0,-05002.0,-111.113,25955.5
01 02 2026  09 27  -20.1323 25469.0 -05002.1 -11.1115 25955.6,1,2,2026,9,27,-201.323,25469.0,-05002.1,-111.115,25955.6
01 02 2026  09 28  -20.1323 25469.0 -05002.1 -11.1115 25955.6,1,2,2026,9,28,-201.323,25469.0,-05002.1,-111.115,25955.6
01 02 2026  09 29  -20.1322 25469.0 -05002.2 -11.1117 25955.5,1,2,2026,9,29,-201.322,25469.0,-05002.2,-111.117,25955.5
01 02 2026  09 30  -20.1319 25468.9 -05002.2 -11.1116 25955.5,1,2,2026,9,30,-201.319,25468.9,-05002.2,-111.116,25955.5
01 02 2026  09 31  -20.1317 25468.9 -05002.3 -11.1118 25955.5,1,2,2026,9,31,-201.317,25468.9,-05002.3,-111.118,25955.5
01 02 2026  09 32  -20.1313 25468.8 -05002.2 -11.1118 25955.4,1,2,2026,9,32,-201.313,25468.8,-05002.2,-111.118,25955.4
01 02 2026  09 33  -20.1311 25468.7 -05002.3 -11.1120 25955.4,1,2,2026,9,33,-201.311,25468.7,-05002.3,-111.120,25955.4
01 02 2026  09 34  -20.1309 25468.8 -05002.7 -11.1128 25955.5,1,2,2026,9,34,-201.309,25468.8,-05002.7,-111.128,25955.5
01 02 2026  09 35  -20.1308 25468.9 -05002.8 -11.1131 25955.6,1,2,2026,9,35,-201.308,25468.9,-05002.8,-111.131,25955.6
01 02 2026  09 36  -20.1308 25469.0 -05003.0 -11.1134 25955.8,1,2,2026,9,36,-201.308,25469.0,-05003.0,-111.134,25955.8
01 02 2026  09 37  -20.1308 25469.2 -05003.3 -11.1139 25956.0,1,2,2026,9,37,-201.308,25469.2,-05003.3,-111.139,25956.0
01 02 2026  09 38  -20.1307 25469.3 -05003.4 -11.1142 25956.2,1,2,2026,9,38,-201.307,25469.3,-05003.4,-111.142,25956.2
01 02 2026  09 39  -20.1308 25469.5 -05003.6 -11.1144 25956.3,1,2,2026,9,39,-201.308,25469.5,-05003.6,-111.144,25956.3
01 02 2026  09 40  -20.1309 25469.7 -05003.8 -11.1147 25956.6,1,2,2026,9,40,-201.309,25469.7,-05003.8,-111.147,25956.6
01 02 2026  09 41  -20.1308 25469.8 -05003.9 -11.1151 25956.7,1,2,2026,9,41,-201.308,25469.8,-05003.9,-111.151,25956.7
01 02 2026  09 42  -20.1309 25469.9 -05004.1 -11.1153 25956.8,1,2,2026,9,42,-201.309,25469.9,-05004.1,-111.153,25956.8
01 02 2026  09 43  -20.1309 25469.9 -05004.2 -11.1155 25956.9,1,2,2026,9,43,-201.309,25469.9,-05004.2,-111.155,25956.9
01 02 2026  09 44  -20.1310 25470.0 -05004.3 -11.1157 25957.0,1,2,2026,9,44,-201.310,25470.0,-05004.3,-111.157,25957.0
01 02 2026  09 45  -20.1311 25470.1 -05004.3 -11.1157 25957.1,1,2,2026,9,45,-201.311,25470.1,-05004.3,-111.157,25957.1
01 02 2026  09 46  -20.1314 25470.4 -05004.5 -11.1160 25957.3,1,2,2026,9,46,-201.314,25470.4,-05004.5,-111.160,25957.3
01 02 2026  09 47  -20.1316 25470.5 -05004.6 -11.1162 25957.5,1,2,2026,9,47,-201.316,25470.5,-05004.6,-111.162,25957.5
01 02 2026  09 48  -20.1318 25470.6 -05004.7 -11.1163 25957.7,1,2,2026,9,48,-201.318,25470.6,-05004.7,-111.163,25957.7
01 02 2026  09 49  -20.1319 25470.8 -05004.7 -11.1164 25957.8,1,2,2026,9,49,-201.319,25470.8,-05004.7,-111.164,25957.8
01 02 2026  09 50  -20.1320 25470.9 -05004.8 -11.1165 25958.0,1,2,2026,9,50,-201.320,25470.9,-05004.8,-111.165,25958.0
01 02 2026  09 51  -20.1321 25471.1 -05005.0 -11.1167 25958.2,1,2,2026,9,51,-201.321,25471.1,-05005.0,-111.167,25958.2
01 02 2026  09 52  -20.1323 25471.3 -05005.0 -11.1168 25958.4,1,2,2026,9,52,-201.323,25471.3,-05005.0,-111.168,25958.4
01 02 2026  09 53  -20.1325 25471.5 -05005.1 -11.1169 25958.6,1,2,2026,9,53,-201.325,25471.5,-05005.1,-111.169,25958.6
01 02 2026  09 54  -20.1326 25471.7 -05005.1 -11.1168 25958.8,1,2,2026,9,54,-201.326,25471.7,-05005.1,-111.168,25958.8
01 02 2026  09 55  -20.1327 25471.8 -05005.1 -11.1168 25958.9,1,2,2026,9,55,-201.327,25471.8,-05005.1,-111.168,25958.9
01 02 2026  09 56  -20.1328 25472.1 -05005.3 -11.1170 25959.2,1,2,2026,9,56,-201.328,25472.1,-05005.3,-111.170,25959.2
01 02 2026  09 57  -20.1331 25472.3 -05005.5 -11.1174 25959.5,1,2,2026,9,57,-201.331,25472.3,-05005.5,-111.174,25959.5
01 02 2026  09 58  -20.1333 25472.5 -05005.5 -11.1172 25959.7,1,2,2026,9,58,-201.333,25472.5,-05005.5,-111.172,25959.7
01 02 2026  09 59  -20.1334 25472.6 -05005.6 -11.1174 25959.8,1,2,2026,9,59,-201.334,25472.6,-05005.6,-111.174,25959.8
01 02 2026  10 00  -20.1335 25472.8 -05005.6 -11.1173 25960.0,1,2,2026,10,0,-201.335,25472.8,-05005.6,-111.173,25960.0
01 02 2026  10 01  -20.1333 25472.8 -05005.7 -11.1176 25960.0,1,2,2026,10,1,-201.333,25472.8,-05005.7,-111.176,25960.0
01 02 2026  10 02  -20.1333 25473.0 -05005.9 -11.1180 25960.2,1,2,2026,10,2,-201.333,25473.0,-05005.9,-111.180,25960.2
01 02 2026  10 03  -20.1338 25473.3 -05006.5 -11.1191 25960.6,1,2,2026,10,3,-201.338,25473.3,-05006.5,-111.191,25960.6
01 02 2026  10 04  -20.1344 25473.7 -05006.8 -11.1197 25961.1,1,2,2026,10,4,-201.344,25473.7,-05006.8,-111.197,25961.1
01 02 2026  10 05  -20.1348 25474.0 -05007.1 -11.1201 25961.4,1,2,2026,10,5,-201.348,25474.0,-05007.1,-111.201,25961.4
01 02 2026  10 06  -20.1350 25474.1 -05007.0 -11.1199 25961.6,1,2,2026,10,6,-201.350,25474.1,-05007.0,-111.199,25961.6
01 02 2026  10 07  -20.1351 25474.4 -05007.0 -11.1197 25961.8,1,2,2026,10,7,-201.351,25474.4,-05007.0,-111.197,25961.8
01 02 2026  10 08  -20.1353 25474.7 -05007.1 -11.1197 25962.1,1,2,2026,10,8,-201.353,25474.7,-05007.1,-111.197,25962.1
01 02 2026  10 09  -20.1355 25474.8 -05007.0 -11.1195 25962.2,1,2,2026,10,9,-201.355,25474.8,-05007.0,-111.195,25962.2
01 02 2026  10 10  -20.1356 25475.0 -05006.8 -11.1190 25962.3,1,2,2026,10,10,-201.356,25475.0,-05006.8,-111.190,25962.3
01 02 2026  10 11  -20.1355 25475.1 -05006.7 -11.1189 25962.5,1,2,2026,10,11,-201.355,25475.1,-05006.7,-111.189,25962.5
01 02 2026  10 12  -20.1354 25475.3 -05006.7 -11.1187 25962.6,1,2,2026,10,12,-201.354,25475.3,-05006.7,-111.187,25962.6
01 02 2026  10 13  -20.1356 25475.7 -05006.9 -11.1189 25963.0,1,2,2026,10,13,-201.356,25475.7,-05006.9,-111.189,25963.0
01 02 2026  10 14  -20.1361 25476.1 -05007.0 -11.1190 25963.5,1,2,2026,10,14,-201.361,25476.1,-05007.0,-111.190,25963.5
01 02 2026  10 15  -20.1365 25476.4 -05007.1 -11.1192 25963.8,1,2,2026,10,15,-201.365,25476.4,-05007.1,-111.192,25963.8
01 02 2026  10 16  -20.1368 25476.7 -05007.3 -11.1193 25964.2,1,2,2026,10,16,-201.368,25476.7,-05007.3,-111.193,25964.2
01 02 2026  10 17  -20.1372 25477.0 -05007.3 -11.1192 25964.4,1,2,2026,10,17,-201.372,25477.0,-05007.3,-111.192,25964.4
01 02 2026  10 18  -20.1375 25477.4 -05007.3 -11.1190 25964.8,1,2,2026,10,18,-201.375,25477.4,-05007.3,-111.190,25964.8
01 02 2026  10 19  -20.1378 25477.6 -05007.2 -11.1188 25965.0,1,2,2026,10,19,-201.378,25477.6,-05007.2,-111.188,25965.0
01 02 2026  10 20  -20.1381 25477.8 -05007.2 -11.1187 25965.2,1,2,2026,10,20,-201.381,25477.8,-05007.2,-111.187,25965.2
01 02 2026  10 21  -20.1381 25477.9 -05007.0 -11.1183 25965.3,1,2,2026,10,21,-201.381,25477.9,-05007.0,-111.183,25965.3
01 02 2026  10 22  -20.1382 25478.0 -05007.0 -11.1181 25965.3,1,2,2026,10,22,-201.382,25478.0,-05007.0,-111.181,25965.3
01 02 2026  10 23  -20.1384 25478.1 -05006.9 -11.1179 25965.4,1,2,2026,10,23,-201.384,25478.1,-05006.9,-111.179,25965.4
01 02 2026  10 24  -20.1386 25478.3 -05006.8 -11.1177 25965.6,1,2,2026,10,24,-201.386,25478.3,-05006.8,-111.177,25965.6
01 02 2026  10 25  -20.1387 25478.5 -05006.8 -11.1175 25965.8,1,2,2026,10,25,-201.387,25478.5,-05006.8,-111.175,25965.8
01 02 2026  10 26  -20.1390 25478.7 -05006.7 -11.1172 25966.0,1,2,2026,10,26,-201.390,25478.7,-05006.7,-111.172,25966.0
01 02 2026  10 27  -20.1389 25478.9 -05006.7 -11.1171 25966.1,1,2,2026,10,27,-201.389,25478.9,-05006.7,-111.171,25966.1
01 02 2026  10 28  -20.1388 25478.9 -05006.6 -11.1169 25966.2,1,2,2026,10,28,-201.388,25478.9,-05006.6,-111.169,25966.2
01 02 2026  10 29  -20.1390 25479.1 -05006.5 -11.1167 25966.3,1,2,2026,10,29,-201.390,25479.1,-05006.5,-111.167,25966.3
01 02 2026  10 30  -20.1390 25479.3 -05006.5 -11.1166 25966.5,1,2,2026,10,30,-201.390,25479.3,-05006.5,-111.166,25966.5
01 02 2026  10 31  -20.1392 25479.5 -05006.6 -11.1166 25966.7,1,2,2026,10,31,-201.392,25479.5,-05006.6,-111.166,25966.7
01 02 2026  10 32  -20.1393 25479.8 -05006.6 -11.1167 25967.0,1,2,2026,10,32,-201.393,25479.8,-05006.6,-111.167,25967.0
01 02 2026  10 33  -20.1395 25480.0 -05006.8 -11.1168 25967.3,1,2,2026,10,33,-201.395,25480.0,-05006.8,-111.168,25967.3
01 02 2026  10 34  -20.1397 25480.3 -05006.8 -11.1167 25967.5,1,2,2026,10,34,-201.397,25480.3,-05006.8,-111.167,25967.5
01 02 2026  10 35  -20.1398 25480.5 -05006.9 -11.1169 25967.8,1,2,2026,10,35,-201.398,25480.5,-05006.9,-111.169,25967.8
01 02 2026  10 36  -20.1399 25480.9 -05006.9 -11.1167 25968.1,1,2,2026,10,36,-201.399,25480.9,-05006.9,-111.167,25968.1
01 02 2026  10 37  -20.1405 25481.3 -05007.1 -11.1170 25968.6,1,2,2026,10,37,-201.405,25481.3,-05007.1,-111.170,25968.6
01 02 2026  10 38  -20.1408 25481.8 -05007.2 -11.1171 25969.1,1,2,2026,10,38,-201.408,25481.8,-05007.2,-111.171,25969.1
01 02 2026  10 39  -20.1410 25482.2 -05007.3 -11.1171 25969.5,1,2,2026,10,39,-201.410,25482.2,-05007.3,-111.171,25969.5
01 02 2026  10 40  -20.1412 25482.6 -05007.4 -11.1171 25969.9,1,2,2026,10,40,-201.412,25482.6,-05007.4,-111.171,25969.9
01 02 2026  10 41  -20.1414 25482.8 -05007.3 -11.1169 25970.1,1,2,2026,10,41,-201.414,25482.8,-05007.3,-111.169,25970.1
01 02 2026  10 42  -20.1413 25482.8 -05007.2 -11.1166 25970.1,1,2,2026,10,42,-201.413,25482.8,-05007.2,-111.166,25970.1
01 02 2026  10 43  -20.1409 25482.9 -05007.0 -11.1161 25970.1,1,2,2026,10,43,-201.409,25482.9,-05007.0,-111.161,25970.1
01 02 2026  10 44  -20.1409 25483.0 -05007.0 -11.1161 25970.2,1,2,2026,10,44,-201.409,25483.0,-05007.0,-111.161,25970.2
01 02 2026  10 45  -20.1408 25483.2 -05007.0 -11.1160 25970.4,1,2,2026,10,45,-201.408,25483.2,-05007.0,-111.160,25970.4
01 02 2026  10 46  -20.1407 25483.4 -05007.0 -11.1158 25970.6,1,2,2026,10,46,-201.407,25483.4,-05007.0,-111.158,25970.6
01 02 2026  10 47  -20.1409 25483.8 -05007.1 -11.1159 25971.0,1,2,2026,10,47,-201.409,25483.8,-05007.1,-111.159,25971.0
01 02 2026  10 48  -20.1410 25484.2 -05007.2 -11.1160 25971.4,1,2,2026,10,48,-201.410,25484.2,-05007.2,-111.160,25971.4
01 02 2026  10 49  -20.1412 25484.5 -05007.4 -11.1163 25971.8,1,2,2026,10,49,-201.412,25484.5,-05007.4,-111.163,25971.8
01 02 2026  10 50  -20.1413 25484.7 -05007.3 -11.1160 25972.0,1,2,2026,10,50,-201.413,25484.7,-05007.3,-111.160,25972.0
01 02 2026  10 51  -20.1413 25484.9 -05007.2 -11.1157 25972.1,1,2,2026,10,51,-201.413,25484.9,-05007.2,-111.157,25972.1
01 02 2026  10 52  -20.1410 25485.0 -05007.1 -11.1154 25972.2,1,2,2026,10,52,-201.410,25485.0,-05007.1,-111.154,25972.2
01 02 2026  10 53  -20.1408 25485.2 -05007.1 -11.1153 25972.4,1,2,2026,10,53,-201.408,25485.2,-05007.1,-111.153,25972.4
01 02 2026  10 54  -20.1406 25485.4 -05007.2 -11.1154 25972.6,1,2,2026,10,54,-201.406,25485.4,-05007.2,-111.154,25972.6
01 02 2026  10 55  -20.1405 25485.6 -05007.2 -11.1154 25972.8,1,2,2026,10,55,-201.405,25485.6,-05007.2,-111.154,25972.8
01 02 2026  10 56  -20.1405 25485.8 -05007.2 -11.1153 25973.0,1,2,2026,10,56,-201.405,25485.8,-05007.2,-111.153,25973.0
01 02 2026  10 57  -20.1402 25485.8 -05007.0 -11.1150 25973.0,1,2,2026,10,57,-201.402,25485.8,-05007.0,-111.150,25973.0
01 02 2026  10 58  -20.1401 25485.9 -05007.0 -11.1149 25973.1,1,2,2026,10,58,-201.401,25485.9,-05007.0,-111.149,25973.1
01 02 2026  10 59  -20.1402 25485.9 -05007.1 -11.1150 25973.1,1,2,2026,10,59,-201.402,25485.9,-05007.1,-111.150,25973.1
01 02 2026  11 00  -20.1407 25486.1 -05007.1 -11.1150 25973.3,1,2,2026,11,0,-201.407,25486.1,-05007.1,-111.150,25973.3
01 02 2026  11 01  -20.1413 25486.6 -05007.4 -11.1154 25973.9,1,2,2026,11,1,-201.413,25486.6,-05007.4,-111.154,25973.9
01 02 2026  11 02  -20.1416 25487.2 -05007.7 -11.1157 25974.5,1,2,2026,11,2,-201.416,25487.2,-05007.7,-111.157,25974.5
01 02 2026  11 03  -20.1416 25487.5 -05007.7 -11.1158 25974.8,1,2,2026,11,3,-201.416,25487.5,-05007.7,-111.158,25974.8
01 02 2026  11 04  -20.1413 25487.6 -05007.7 -11.1156 25974.9,1,2,2026,11,4,-201.413,25487.6,-05007.7,-111.156,25974.9
01 02 2026  11 05  -20.1411 25487.7 -05007.7 -11.1156 25975.0,1,2,2026,11,5,-201.411,25487.7,-05007.7,-111.156,25975.0
01 02 2026  11 06  -20.1411 25488.0 -05007.8 -11.1157 25975.3,1,2,2026,11,6,-201.411,25488.0,-05007.8,-111.157,25975.3
01 02 2026  11 07  -20.1408 25488.1 -05007.9 -11.1158 25975.4,1,2,2026,11,7,-201.408,25488.1,-05007.9,-111.158,25975.4
01 02 2026  11 08  -20.1403 25488.2 -05007.9 -11.1158 25975.6,1,2,2026,11,8,-201.403,25488.2,-05007.9,-111.158,25975.6
01 02 2026  11 09  -20.1400 25488.4 -05008.0 -11.1159 25975.7,1,2,2026,11,9,-201.400,25488.4,-05008.0,-111.159,25975.7
01 02 2026  11 10  -20.1398 25488.6 -05008.1 -11.1161 25976.0,1,2,2026,11,10,-201.398,25488.6,-05008.1,-111.161,25976.0
01 02 2026  11 11  -20.1396 25488.9 -05008.3 -11.1163 25976.3,1,2,2026,11,11,-201.396,25488.9,-05008.3,-111.163,25976.3
01 02 2026  11 12  -20.1394 25489.1 -05008.4 -11.1165 25976.5,1,2,2026,11,12,-201.394,25489.1,-05008.4,-111.165,25976.5
01 02 2026  11 13  -20.1391 25489.4 -05008.6 -11.1169 25976.8,1,2,2026,11,13,-201.391,25489.4,-05008.6,-111.169,25976.8
01 02 2026  11 14  -20.1388 25489.6 -05008.7 -11.1170 25977.0,1,2,2026,11,14,-201.388,25489.6,-05008.7,-111.170,25977.0
01 02 2026  11 15  -20.1387 25489.8 -05008.9 -11.1173 25977.3,1,2,2026,11,15,-201.387,25489.8,-05008.9,-111.173,25977.3
01 02 2026  11 16  -20.1385 25490.1 -05009.1 -11.1175 25977.6,1,2,2026,11,16,-201.385,25490.1,-05009.1,-111.175,25977.6
01 02 2026  11 17  -20.1382 25490.3 -05009.1 -11.1176 25977.9,1,2,2026,11,17,-201.382,25490.3,-05009.1,-111.176,25977.9
01 02 2026  11 18  -20.1378 25490.6 -05009.3 -11.1178 25978.2,1,2,2026,11,18,-201.378,25490.6,-05009.3,-111.178,25978.2
01 02 2026  11 19  -20.1377 25490.8 -05009.4 -11.1180 25978.4,1,2,2026,11,19,-201.377,25490.8,-05009.4,-111.180,25978.4
01 02 2026  11 20  -20.1377 25491.4 -05009.7 -11.1184 25979.0,1,2,2026,11,20,-201.377,25491.4,-05009.7,-111.184,25979.0
01 02 2026  11 21  -20.1373 25491.2 -05009.6 -11.1183 25978.7,1,2,2026,11,21,-201.373,25491.2,-05009.6,-111.183,25978.7
01 02 2026  11 22  -20.1367 25491.4 -05009.8 -11.1186 25979.0,1,2,2026,11,22,-201.367,25491.4,-05009.8,-111.186,25979.0
01 02 2026  11 23  -20.1364 25491.3 -05009.9 -11.1188 25979.0,1,2,2026,11,23,-201.364,25491.3,-05009.9,-111.188,25979.0
01 02 2026  11 24  -20.1360 25491.6 -05010.0 -11.1190 25979.2,1,2,2026,11,24,-201.360,25491.6,-05010.0,-111.190,25979.2
01 02 2026  11 25  -20.1357 25491.5 -05010.2 -11.1193 25979.2,1,2,2026,11,25,-201.357,25491.5,-05010.2,-111.193,25979.2
01 02 2026  11 26  -20.1358 25491.7 -05010.3 -11.1196 25979.4,1,2,2026,11,26,-201.358,25491.7,-05010.3,-111.196,25979.4
01 02 2026  11 27  -20.1355 25492.1 -05010.6 -11.1201 25979.8,1,2,2026,11,27,-201.355,25492.1,-05010.6,-111.201,25979.8
01 02 2026  11 28  -20.1354 25492.1 -05010.9 -11.1206 25979.9,1,2,2026,11,28,-201.354,25492.1,-05010.9,-111.206,25979.9
01 02 2026  11 29  -20.1352 25492.2 -05011.0 -11.1209 25980.1,1,2,2026,11,29,-201.352,25492.2,-05011.0,-111.209,25980.1
01 02 2026  11 30  -20.1345 25492.4 -05011.3 -11.1213 25980.3,1,2,2026,11,30,-201.345,25492.4,-05011.3,-111.213,25980.3
01 02 2026  11 31  -20.1341 25492.3 -05011.2 -11.1213 25980.1,1,2,2026,11,31,-201.341,25492.3,-05011.2,-111.213,25980.1
01 02 2026  11 32  -20.1335 25492.6 -05011.5 -11.1217 25980.5,1,2,2026,11,32,-201.335,25492.6,-05011.5,-111.217,25980.5
01 02 2026  11 33  -20.1335 25492.5 -05011.6 -11.1220 25980.4,1,2,2026,11,33,-201.335,25492.5,-05011.6,-111.220,25980.4
01 02 2026  11 34  -20.1333 25493.0 -05012.0 -11.1226 25981.0,1,2,2026,11,34,-201.333,25493.0,-05012.0,-111.226,25981.0
01 02 2026  11 35  -20.1328 25493.3 -05012.2 -11.1229 25981.4,1,2,2026,11,35,-201.328,25493.3,-05012.2,-111.229,25981.4
01 02 2026  11 36  -20.1324 25493.6 -05012.4 -11.1232 25981.7,1,2,2026,11,36,-201.324,25493.6,-05012.4,-111.232,25981.7
01 02 2026  11 37  -20.1321 25494.0 -05012.7 -11.1238 25982.2,1,2,2026,11,37,-201.321,25494.0,-05012.7,-111.238,25982.2
01 02 2026  11 38  -20.1319 25494.2 -05012.9 -11.1241 25982.4,1,2,2026,11,38,-201.319,25494.2,-05012.9,-111.241,25982.4
01 02 2026  11 39  -20.1315 25494.4 -05013.0 -11.1242 25982.6,1,2,2026,11,39,-201.315,25494.4,-05013.0,-111.242,25982.6
01 02 2026  11 40  -20.1312 25494.9 -05013.2 -11.1245 25983.1,1,2,2026,11,40,-201.312,25494.9,-05013.2,-111.245,25983.1
01 02 2026  11 41  -20.1309 25495.2 -05013.5 -11.1250 25983.5,1,2,2026,11,41,-201.309,25495.2,-05013.5,-111.250,25983.5
01 02 2026  11 42  -20.1310 25495.4 -05013.7 -11.1253 25983.7,1,2,2026,11,42,-201.310,25495.4,-05013.7,-111.253,25983.7
01 02 2026  11 43  -20.1308 25495.9 -05013.9 -11.1255 25984.3,1,2,2026,11,43,-201.308,25495.9,-05013.9,-111.255,25984.3
01 02 2026  11 44  -20.1306 25496.4 -05014.2 -11.1259 25984.7,1,2,2026,11,44,-201.306,25496.4,-05014.2,-111.259,25984.7
01 02 2026  11 45  -20.1304 25496.9 -05014.3 -11.1260 25985.3,1,2,2026,11,45,-201.304,25496.9,-05014.3,-111.260,25985.3
01 02 2026  11 46  -20.1301 25497.2 -05014.3 -11.1258 25985.5,1,2,2026,11,46,-201.301,25497.2,-05014.3,-111.258,25985.5
01 02 2026  11 47  -20.1300 25497.6 -05014.5 -11.1261 25986.0,1,2,2026,11,47,-201.300,25497.6,-05014.5,-111.261,25986.0
01 02 2026  11 48  -20.1296 25497.4 -05014.4 -11.1259 25985.8,1,2,2026,11,48,-201.296,25497.4,-05014.4,-111.259,25985.8
01 02 2026  11 49  -20.1296 25497.7 -05014.4 -11.1259 25986.1,1,2,2026,11,49,-201.296,25497.7,-05014.4,-111.259,25986.1
01 02 2026  11 50  -20.1294 25498.0 -05014.5 -11.1260 25986.4,1,2,2026,11,50,-201.294,25498.0,-05014.5,-111.260,25986.4
01 02 2026  11 51  -20.1291 25498.2 -05014.6 -11.1260 25986.7,1,2,2026,11,51,-201.291,25498.2,-05014.6,-111.260,25986.7
01 02 2026  11 52  -20.1285 25498.4 -05014.7 -11.1261 25986.8,1,2,2026,11,52,-201.285,25498.4,-05014.7,-111.261,25986.8
01 02 2026  11 53  -20.1279 25498.3 -05014.5 -11.1257 25986.7,1,2,2026,11,53,-201.279,25498.3,-05014.5,-111.257,25986.7
01 02 2026  11 54  -20.1275 25498.3 -05014.5 -11.1258 25986.7,1,2,2026,11,54,-201.275,25498.3,-05014.5,-111.258,25986.7
01 02 2026  11 55  -20.1273 25498.1 -05014.3 -11.1256 25986.5,1,2,2026,11,55,-201.273,25498.1,-05014.3,-111.256,25986.5
01 02 2026  11 56  -20.1267 25498.2 -05014.6 -11.1260 25986.6,1,2,2026,11,56,-201.267,25498.2,-05014.6,-111.260,25986.6
01 02 2026  11 57  -20.1267 25498.2 -05014.5 -11.1259 25986.6,1,2,2026,11,57,-201.267,25498.2,-05014.5,-111.259,25986.6
01 02 2026  11 58  -20.1269 25498.7 -05014.8 -11.1263 25987.1,1,2,2026,11,58,-201.269,25498.7,-05014.8,-111.263,25987.1
01 02 2026  11 59  -20.1274 25499.3 -05015.2 -11.1270 25987.8,1,2,2026,11,59,-201.274,25499.3,-05015.2,-111.270,25987.8
01 02 2026  12 00  -20.1278 25499.9 -05015.6 -11.1274 25988.4,1,2,2026,12,0,-201.278,25499.9,-05015.6,-111.274,25988.4
01 02 2026  12 01  -20.1276 25500.0 -05015.6 -11.1275 25988.5,1,2,2026,12,1,-201.276,25500.0,-05015.6,-111.275,25988.5
01 02 2026  12 02  -20.1278 25500.1 -05015.8 -11.1278 25988.7,1,2,2026,12,2,-201.278,25500.1,-05015.8,-111.278,25988.7
01 02 2026  12 03  -20.1278 25500.1 -05015.7 -11.1277 25988.7,1,2,2026,12,3,-201.278,25500.1,-05015.7,-111.277,25988.7
01 02 2026  12 04  -20.1275 25500.3 -05015.8 -11.1277 25988.9,1,2,2026,12,4,-201.275,25500.3,-05015.8,-111.277,25988.9
01 02 2026  12 05  -20.1273 25500.1 -05015.6 -11.1274 25988.7,1,2,2026,12,5,-201.273,25500.1,-05015.6,-111.274,25988.7
01 02 2026  12 06  -20.1271 25500.4 -05015.6 -11.1274 25989.0,1,2,2026,12,6,-201.271,25500.4,-05015.6,-111.274,25989.0
01 02 2026  12 07  -20.1270 25500.8 -05015.8 -11.1276 25989.4,1,2,2026,12,7,-201.270,25500.8,-05015.8,-111.276,25989.4
01 02 2026  12 08  -20.1273 25500.9 -05015.9 -11.1278 25989.6,1,2,2026,12,8,-201.273,25500.9,-05015.9,-111.278,25989.6
01 02 2026  12 09  -20.1269 25501.3 -05016.1 -11.1280 25990.0,1,2,2026,12,9,-201.269,25501.3,-05016.1,-111.280,25990.0
01 02 2026  12 10  -20.1270 25501.4 -05016.2 -11.1282 25990.1,1,2,2026,12,10,-201.270,25501.4,-05016.2,-111.282,25990.1
01 02 2026  12 11  -20.1274 25501.7 -05016.5 -11.1287 25990.4,1,2,2026,12,11,-201.274,25501.7,-05016.5,-111.287,25990.4
01 02 2026  12 12  -20.1281 25502.0 -05016.9 -11.1293 25990.8,1,2,2026,12,12,-201.281,25502.0,-05016.9,-111.293,25990.8
01 02 2026  12 13  -20.1284 25502.3 -05017.0 -11.1296 25991.1,1,2,2026,12,13,-201.284,25502.3,-05017.0,-111.296,25991.1
01 02 2026  12 14  -20.1284 25502.7 -05017.1 -11.1297 25991.5,1,2,2026,12,14,-201.284,25502.7,-05017.1,-111.297,25991.5
01 02 2026  12 15  -20.1281 25502.9 -05017.1 -11.1295 25991.7,1,2,2026,12,15,-201.281,25502.9,-05017.1,-111.295,25991.7
01 02 2026  12 16  -20.1277 25503.0 -05017.0 -11.1292 25991.8,1,2,2026,12,16,-201.277,25503.0,-05017.0,-111.292,25991.8
01 02 2026  12 17  -20.1270 25503.0 -05016.9 -11.1290 25991.8,1,2,2026,12,17,-201.270,25503.0,-05016.9,-111.290,25991.8
01 02 2026  12 18  -20.1266 25502.8 -05016.5 -11.1282 25991.5,1,2,2026,12,18,-201.266,25502.8,-05016.5,-111.282,25991.5
01 02 2026  12 19  -20.1264 25502.7 -05016.5 -11.1283 25991.4,1,2,2026,12,19,-201.264,25502.7,-05016.5,-111.283,25991.4
01 02 2026  12 20  -20.1261 25502.6 -05016.4 -11.1281 25991.3,1,2,2026,12,20,-201.261,25502.6,-05016.4,-111.281,25991.3
01 02 2026  12 21  -20.1255 25502.6 -05016.3 -11.1278 25991.3,1,2,2026,12,21,-201.255,25502.6,-05016.3,-111.278,25991.3
01 02 2026  12 22  -20.1251 25502.7 -05016.3 -11.1278 25991.4,1,2,2026,12,22,-201.251,25502.7,-05016.3,-111.278,25991.4
01 02 2026  12 23  -20.1253 25502.4 -05016.2 -11.1278 25991.1,1,2,2026,12,23,-201.253,25502.4,-05016.2,-111.278,25991.1
01 02 2026  12 24  -20.1254 25502.3 -05016.0 -11.1274 25990.9,1,2,2026,12,24,-201.254,25502.3,-05016.0,-111.274,25990.9
01 02 2026  12 25  -20.1249 25502.5 -05016.2 -11.1277 25991.1,1,2,2026,12,25,-201.249,25502.5,-05016.2,-111.277,25991.1
01 02 2026  12 26  -20.1247 25502.7 -05016.5 -11.1282 25991.4,1,2,2026,12,26,-201.247,25502.7,-05016.5,-111.282,25991.4
01 02 2026  12 27  -20.1254 25503.2 -05017.2 -11.1295 25992.0,1,2,2026,12,27,-201.254,25503.2,-05017.2,-111.295,25992.0
01 02 2026  12 28  -20.1257 25503.4 -05017.6 -11.1302 25992.3,1,2,2026,12,28,-201.257,25503.4,-05017.6,-111.302,25992.3
01 02 2026  12 29  -20.1260 25503.5 -05017.8 -11.1308 25992.5,1,2,2026,12,29,-201.260,25503.5,-05017.8,-111.308,25992.5
01 02 2026  12 30  -20.1264 25503.4 -05017.8 -11.1307 25992.4,1,2,2026,12,30,-201.264,25503.4,-05017.8,-111.307,25992.4
01 02 2026  12 31  -20.1268 25503.4 -05017.8 -11.1308 25992.4,1,2,2026,12,31,-201.268,25503.4,-05017.8,-111.308,25992.4
01 02 2026  12 32  -20.1269 25503.9 -05018.0 -11.1309 25992.9,1,2,2026,12,32,-201.269,25503.9,-05018.0,-111.309,25992.9
01 02 2026  12 33  -20.1275 25504.5 -05018.4 -11.1315 25993.5,1,2,2026,12,33,-201.275,25504.5,-05018.4,-111.315,25993.5
01 02 2026  12 34  -20.1284 25505.0 -05018.6 -11.1318 25994.1,1,2,2026,12,34,-201.284,25505.0,-05018.6,-111.318,25994.1
01 02 2026  12 35  -20.1295 25505.5 -05018.7 -11.1319 25994.6,1,2,2026,12,35,-201.295,25505.5,-05018.7,-111.319,25994.6
01 02 2026  12 36  -20.1289 25505.4 -05018.7 -11.1319 25994.5,1,2,2026,12,36,-201.289,25505.4,-05018.7,-111.319,25994.5
01 02 2026  12 37  -20.1280 25504.9 -05018.1 -11.1307 25993.9,1,2,2026,12,37,-201.280,25504.9,-05018.1,-111.307,25993.9
01 02 2026  12 38  -20.1278 25504.7 -05017.6 -11.1297 25993.5,1,2,2026,12,38,-201.278,25504.7,-05017.6,-111.297,25993.5
01 02 2026  12 39  -20.1274 25504.5 -05017.2 -11.1290 25993.3,1,2,2026,12,39,-201.274,25504.5,-05017.2,-111.290,25993.3
01 02 2026  12 40  -20.1269 25504.2 -05016.8 -11.1283 25993.0,1,2,2026,12,40,-201.269,25504.2,-05016.8,-111.283,25993.0
01 02 2026  12 41  -20.1268 25504.0 -05016.4 -11.1275 25992.6,1,2,2026,12,41,-201.268,25504.0,-05016.4,-111.275,25992.6
01 02 2026  12 42  -20.1264 25503.8 -05016.3 -11.1272 25992.5,1,2,2026,12,42,-201.264,25503.8,-05016.3,-111.272,25992.5
01 02 2026  12 43  -20.1264 25504.0 -05016.2 -11.1271 25992.6,1,2,2026,12,43,-201.264,25504.0,-05016.2,-111.271,25992.6
01 02 2026  12 44  -20.1263 25504.3 -05016.1 -11.1268 25992.9,1,2,2026,12,44,-201.263,25504.3,-05016.1,-111.268,25992.9
01 02 2026  12 45  -20.1259 25504.3 -05015.9 -11.1264 25992.8,1,2,2026,12,45,-201.259,25504.3,-05015.9,-111.264,25992.8
01 02 2026  12 46  -20.1255 25504.4 -05015.9 -11.1263 25993.0,1,2,2026,12,46,-201.255,25504.4,-05015.9,-111.263,25993.0
01 02 2026  12 47  -20.1257 25505.0 -05016.2 -11.1265 25993.6,1,2,2026,12,47,-201.257,25505.0,-05016.2,-111.265,25993.6
01 02 2026  12 48  -20.1258 25505.2 -05016.4 -11.1269 25993.8,1,2,2026,12,48,-201.258,25505.2,-05016.4,-111.269,25993.8
01 02 2026  12 49  -20.1256 25505.6 -05016.6 -11.1271 25994.2,1,2,2026,12,49,-201.256,25505.6,-05016.6,-111.271,25994.2
01 02 2026  12 50  -20.1256 25505.6 -05016.6 -11.1273 25994.3,1,2,2026,12,50,-201.256,25505.6,-05016.6,-111.273,25994.3
01 02 2026  12 51  -20.1258 25505.9 -05016.7 -11.1274 25994.6,1,2,2026,12,51,-201.258,25505.9,-05016.7,-111.274,25994.6
01 02 2026  12 52  -20.1259 25506.4 -05016.9 -11.1276 25995.1,1,2,2026,12,52,-201.259,25506.4,-05016.9,-111.276,25995.1
01 02 2026  12 53  -20.1258 25506.7 -05016.9 -11.1275 25995.5,1,2,2026,12,53,-201.258,25506.7,-05016.9,-111.275,25995.5
01 02 2026  12 54  -20.1257 25507.0 -05016.6 -11.1267 25995.6,1,2,2026,12,54,-201.257,25507.0,-05016.6,-111.267,25995.6
01 02 2026  12 55  -20.1252 25507.5 -05016.8 -11.1269 25996.2,1,2,2026,12,55,-201.252,25507.5,-05016.8,-111.269,25996.2
01 02 2026  12 56  -20.1244 25508.0 -05016.8 -11.1267 25996.6,1,2,2026,12,56,-201.244,25508.0,-05016.8,-111.267,25996.6
01 02 2026  12 57  -20.1244 25508.2 -05016.8 -11.1265 25996.8,1,2,2026,12,57,-201.244,25508.2,-05016.8,-111.265,25996.8
01 02 2026  12 58  -20.1244 25508.4 -05016.6 -11.1260 25997.0,1,2,2026,12,58,-201.244,25508.4,-05016.6,-111.260,25997.0
01 02 2026  12 59  -20.1242 25509.0 -05016.5 -11.1256 25997.6,1,2,2026,12,59,-201.242,25509.0,-05016.5,-111.256,25997.6
01 02 2026  13 00  -20.1240 25509.3 -05016.6 -11.1257 25997.9,1,2,2026,13,0,-201.240,25509.3,-05016.6,-111.257,25997.9
01 02 2026  13 01  -20.1238 25509.4 -05016.4 -11.1252 25998.0,1,2,2026,13,1,-201.238,25509.4,-05016.4,-111.252,25998.0
01 02 2026  13 02  -20.1237 25509.3 -05016.0 -11.1244 25997.8,1,2,2026,13,2,-201.237,25509.3,-05016.0,-111.244,25997.8
01 02 2026  13 03  -20.1234 25509.2 -05015.6 -11.1236 25997.6,1,2,2026,13,3,-201.234,25509.2,-05015.6,-111.236,25997.6
01 02 2026  13 04  -20.1231 25509.1 -05015.4 -11.1230 25997.5,1,2,2026,13,4,-201.231,25509.1,-05015.4,-111.230,25997.5
01 02 2026  13 05  -20.1230 25508.9 -05014.9 -11.1222 25997.2,1,2,2026,13,5,-201.230,25508.9,-05014.9,-111.222,25997.2
01 02 2026  13 06  -20.1228 25508.9 -05014.8 -11.1219 25997.1,1,2,2026,13,6,-201.228,25508.9,-05014.8,-111.219,25997.1
01 02 2026  13 07  -20.1227 25509.1 -05014.7 -11.1217 25997.4,1,2,2026,13,7,-201.227,25509.1,-05014.7,-111.217,25997.4
01 02 2026  13 08  -20.1224 25509.4 -05014.6 -11.1213 25997.6,1,2,2026,13,8,-201.224,25509.4,-05014.6,-111.213,25997.6
01 02 2026  13 09  -20.1224 25509.8 -05014.7 -11.1213 25998.0,1,2,2026,13,9,-201.224,25509.8,-05014.7,-111.213,25998.0
01 02 2026  13 10  -20.1227 25510.0 -05014.8 -11.1215 25998.3,1,2,2026,13,10,-201.227,25510.0,-05014.8,-111.215,25998.3
01 02 2026  13 11  -20.1227 25510.2 -05014.8 -11.1213 25998.4,1,2,2026,13,11,-201.227,25510.2,-05014.8,-111.213,25998.4
01 02 2026  13 12  -20.1226 25510.3 -05014.7 -11.1210 25998.5,1,2,2026,13,12,-201.226,25510.3,-05014.7,-111.210,25998.5
01 02 2026  13 13  -20.1225 25510.7 -05014.7 -11.1209 25998.9,1,2,2026,13,13,-201.225,25510.7,-05014.7,-111.209,25998.9
01 02 2026  13 14  -20.1224 25510.9 -05014.5 -11.1206 25999.0,1,2,2026,13,14,-201.224,25510.9,-05014.5,-111.206,25999.0
01 02 2026  13 15  -20.1227 25511.0 -05014.7 -11.1207 25999.2,1,2,2026,13,15,-201.227,25511.0,-05014.7,-111.207,25999.2
01 02 2026  13 16  -20.1227 25511.3 -05014.8 -11.1208 25999.5,1,2,2026,13,16,-201.227,25511.3,-05014.8,-111.208,25999.5
01 02 2026  13 17  -20.1229 25511.8 -05014.8 -11.1207 26000.0,1,2,2026,13,17,-201.229,25511.8,-05014.8,-111.207,26000.0
01 02 2026  13 18  -20.1233 25512.3 -05015.0 -11.1209 26000.5,1,2,2026,13,18,-201.233,25512.3,-05015.0,-111.209,26000.5
01 02 2026  13 19  -20.1237 25512.3 -05014.8 -11.1205 26000.5,1,2,2026,13,19,-201.237,25512.3,-05014.8,-111.205,26000.5
01 02 2026  13 20  -20.1237 25512.1 -05014.5 -11.1199 26000.2,1,2,2026,13,20,-201.237,25512.1,-05014.5,-111.199,26000.2
01 02 2026  13 21  -20.1237 25512.0 -05014.4 -11.1197 26000.1,1,2,2026,13,21,-201.237,25512.0,-05014.4,-111.197,26000.1
01 02 2026  13 22  -20.1235 25512.1 -05014.2 -11.1193 26000.2,1,2,2026,13,22,-201.235,25512.1,-05014.2,-111.193,26000.2
01 02 2026  13 23  -20.1235 25512.4 -05014.1 -11.1190 26000.4,1,2,2026,13,23,-201.235,25512.4,-05014.1,-111.190,26000.4
01 02 2026  13 24  -20.1237 25512.6 -05014.4 -11.1195 26000.7,1,2,2026,13,24,-201.237,25512.6,-05014.4,-111.195,26000.7
01 02 2026  13 25  -20.1237 25512.8 -05014.4 -11.1194 26001.0,1,2,2026,13,25,-201.237,25512.8,-05014.4,-111.194,26001.0
01 02 2026  13 26  -20.1240 25513.2 -05014.5 -11.1194 26001.3,1,2,2026,13,26,-201.240,25513.2,-05014.5,-111.194,26001.3
01 02 2026  13 27  -20.1241 25513.4 -05014.4 -11.1192 26001.5,1,2,2026,13,27,-201.241,25513.4,-05014.4,-111.192,26001.5
01 02 2026  13 28  -20.1242 25513.6 -05014.3 -11.1189 26001.7,1,2,2026,13,28,-201.242,25513.6,-05014.3,-111.189,26001.7
01 02 2026  13 29  -20.1244 25513.8 -05014.2 -11.1185 26001.8,1,2,2026,13,29,-201.244,25513.8,-05014.2,-111.185,26001.8
01 02 2026  13 30  -20.1244 25513.7 -05014.0 -11.1181 26001.7,1,2,2026,13,30,-201.244,25513.7,-05014.0,-111.181,26001.7
01 02 2026  13 31  -20.1240 25513.7 -05013.8 -11.1177 26001.6,1,2,2026,13,31,-201.240,25513.7,-05013.8,-111.177,26001.6
01 02 2026  13 32  -20.1239 25513.4 -05013.5 -11.1172 26001.3,1,2,2026,13,32,-201.239,25513.4,-05013.5,-111.172,26001.3
01 02 2026  13 33  -20.1240 25513.5 -05013.4 -11.1169 26001.4,1,2,2026,13,33,-201.240,25513.5,-05013.4,-111.169,26001.4
01 02 2026  13 34  -20.1240 25513.5 -05013.2 -11.1165 26001.4,1,2,2026,13,34,-201.240,25513.5,-05013.2,-111.165,26001.4
01 02 2026  13 35  -20.1240 25513.5 -05012.9 -11.1160 26001.3,1,2,2026,13,35,-201.240,25513.5,-05012.9,-111.160,26001.3
01 02 2026  13 36  -20.1238 25513.7 -05012.9 -11.1157 26001.5,1,2,2026,13,36,-201.238,25513.7,-05012.9,-111.157,26001.5
01 02 2026  13 37  -20.1234 25513.7 -05012.7 -11.1154 26001.5,1,2,2026,13,37,-201.234,25513.7,-05012.7,-111.154,26001.5
01 02 2026  13 38  -20.1231 25513.8 -05012.2 -11.1142 26001.5,1,2,2026,13,38,-201.231,25513.8,-05012.2,-111.142,26001.5
01 02 2026  13 39  -20.1233 25514.1 -05012.5 -11.1148 26001.8,1,2,2026,13,39,-201.233,25514.1,-05012.5,-111.148,26001.8
01 02 2026  13 40  -20.1234 25514.3 -05012.5 -11.1147 26002.0,1,2,2026,13,40,-201.234,25514.3,-05012.5,-111.147,26002.0
01 02 2026  13 41  -20.1231 25514.3 -05012.2 -11.1141 26002.0,1,2,2026,13,41,-201.231,25514.3,-05012.2,-111.141,26002.0
01 02 2026  13 42  -20.1232 25514.5 -05012.4 -11.1144 26002.2,1,2,2026,13,42,-201.232,25514.5,-05012.4,-111.144,26002.2
01 02 2026  13 43  -20.1231 25514.6 -05012.3 -11.1142 26002.2,1,2,2026,13,43,-201.231,25514.6,-05012.3,-111.142,26002.2
01 02 2026  13 44  -20.1228 25514.6 -05012.2 -11.1140 26002.3,1,2,2026,13,44,-201.228,25514.6,-05012.2,-111.140,26002.3
01 02 2026  13 45  -20.1224 25514.5 -05012.1 -11.1137 26002.1,1,2,2026,13,45,-201.224,25514.5,-05012.1,-111.137,26002.1
01 02 2026  13 46  -20.1224 25514.3 -05011.8 -11.1131 26001.9,1,2,2026,13,46,-201.224,25514.3,-05011.8,-111.131,26001.9
01 02 2026  13 47  -20.1228 25514.6 -05011.7 -11.1127 26002.1,1,2,2026,13,47,-201.228,25514.6,-05011.7,-111.127,26002.1
01 02 2026  13 48  -20.1230 25514.7 -05011.9 -11.1132 26002.3,1,2,2026,13,48,-201.230,25514.7,-05011.9,-111.132,26002.3
01 02 2026  13 49  -20.1234 25515.0 -05011.9 -11.1131 26002.6,1,2,2026,13,49,-201.234,25515.0,-05011.9,-111.131,26002.6
01 02 2026  13 50  -20.1238 25515.0 -05011.9 -11.1131 26002.5,1,2,2026,13,50,-201.238,25515.0,-05011.9,-111.131,26002.5
01 02 2026  13 51  -20.1238 25514.9 -05011.7 -11.1126 26002.5,1,2,2026,13,51,-201.238,25514.9,-05011.7,-111.126,26002.5
01 02 2026  13 52  -20.1247 25515.4 -05012.0 -11.1130 26003.0,1,2,2026,13,52,-201.247,25515.4,-05012.0,-111.130,26003.0
01 02 2026  13 53  -20.1253 25515.9 -05012.1 -11.1131 26003.5,1,2,2026,13,53,-201.253,25515.9,-05012.1,-111.131,26003.5
01 02 2026  13 54  -20.1256 25516.1 -05012.2 -11.1132 26003.8,1,2,2026,13,54,-201.256,25516.1,-05012.2,-111.132,26003.8
01 02 2026  13 55  -20.1257 25516.5 -05012.4 -11.1135 26004.2,1,2,2026,13,55,-201.257,25516.5,-05012.4,-111.135,26004.2
01 02 2026  13 56  -20.1258 25516.8 -05012.4 -11.1135 26004.5,1,2,2026,13,56,-201.258,25516.8,-05012.4,-111.135,26004.5
01 02 2026  13 57  -20.1260 25517.0 -05012.4 -11.1133 26004.6,1,2,2026,13,57,-201.260,25517.0,-05012.4,-111.133,26004.6
01 02 2026  13 58  -20.1260 25517.0 -05012.3 -11.1130 26004.7,1,2,2026,13,58,-201.260,25517.0,-05012.3,-111.130,26004.7
01 02 2026  13 59  -20.1261 25517.1 -05012.2 -11.1128 26004.7,1,2,2026,13,59,-201.261,25517.1,-05012.2,-111.128,26004.7
01 02 2026  14 00  -20.1263 25517.2 -05012.1 -11.1127 26004.8,1,2,2026,14,0,-201.263,25517.2,-05012.1,-111.127,26004.8
01 02 2026  14 01  -20.1260 25517.2 -05011.9 -11.1122 26004.7,1,2,2026,14,1,-201.260,25517.2,-05011.9,-111.122,26004.7
01 02 2026  14 02  -20.1258 25517.1 -05011.7 -11.1118 26004.6,1,2,2026,14,2,-201.258,25517.1,-05011.7,-111.118,26004.6
01 02 2026  14 03  -20.1256 25517.1 -05011.4 -11.1110 26004.6,1,2,2026,14,3,-201.256,25517.1,-05011.4,-111.110,26004.6
01 02 2026  14 04  -20.1263 25517.6 -05011.7 -11.1115 26005.1,1,2,2026,14,4,-201.263,25517.6,-05011.7,-111.115,26005.1
01 02 2026  14 05  -20.1276 25518.1 -05011.8 -11.1116 26005.6,1,2,2026,14,5,-201.276,25518.1,-05011.8,-111.116,26005.6
01 02 2026  14 06  -20.1278 25518.1 -05011.4 -11.1108 26005.6,1,2,2026,14,6,-201.278,25518.1,-05011.4,-111.108,26005.6
01 02 2026  14 07  -20.1285 25518.4 -05011.8 -11.1113 26005.9,1,2,2026,14,7,-201.285,25518.4,-05011.8,-111.113,26005.9
01 02 2026  14 08  -20.1294 25518.7 -05011.7 -11.1111 26006.2,1,2,2026,14,8,-201.294,25518.7,-05011.7,-111.111,26006.2
01 02 2026  14 09  -20.1296 25518.7 -05011.6 -11.1108 26006.2,1,2,2026,14,9,-201.296,25518.7,-05011.6,-111.108,26006.2
01 02 2026  14 10  -20.1293 25518.6 -05011.2 -11.1102 26005.9,1,2,2026,14,10,-201.293,25518.6,-05011.2,-111.102,26005.9
01 02 2026  14 11  -20.1293 25518.4 -05011.0 -11.1097 26005.8,1,2,2026,14,11,-201.293,25518.4,-05011.0,-111.097,26005.8
01 02 2026  14 12  -20.1292 25518.4 -05010.8 -11.1092 26005.7,1,2,2026,14,12,-201.292,25518.4,-05010.8,-111.092,26005.7
01 02 2026  14 13  -20.1293 25518.8 -05010.8 -11.1091 26006.1,1,2,2026,14,13,-201.293,25518.8,-05010.8,-111.091,26006.1
01 02 2026  14 14  -20.1291 25518.7 -05010.6 -11.1087 26005.9,1,2,2026,14,14,-201.291,25518.7,-05010.6,-111.087,26005.9
01 02 2026  14 15  -20.1293 25518.8 -05010.5 -11.1084 26006.1,1,2,2026,14,15,-201.293,25518.8,-05010.5,-111.084,26006.1
01 02 2026  14 16  -20.1291 25518.7 -05010.2 -11.1078 26005.8,1,2,2026,14,16,-201.291,25518.7,-05010.2,-111.078,26005.8
01 02 2026  14 17  -20.1296 25518.6 -05010.1 -11.1075 26005.8,1,2,2026,14,17,-201.296,25518.6,-05010.1,-111.075,26005.8
01 02 2026  14 18  -20.1299 25518.6 -05009.9 -11.1072 26005.7,1,2,2026,14,18,-201.299,25518.6,-05009.9,-111.072,26005.7
01 02 2026  14 19  -20.1310 25519.0 -05009.9 -11.1071 26006.1,1,2,2026,14,19,-201.310,25519.0,-05009.9,-111.071,26006.1
01 02 2026  14 20  -20.1320 25519.4 -05010.0 -11.1071 26006.5,1,2,2026,14,20,-201.320,25519.4,-05010.0,-111.071,26006.5
01 02 2026  14 21  -20.1319 25519.1 -05009.6 -11.1063 26006.2,1,2,2026,14,21,-201.319,25519.1,-05009.6,-111.063,26006.2
01 02 2026  14 22  -20.1325 25519.1 -05009.5 -11.1060 26006.2,1,2,2026,14,22,-201.325,25519.1,-05009.5,-111.060,26006.2
01 02 2026  14 23  -20.1324 25519.0 -05009.1 -11.1054 26006.0,1,2,2026,14,23,-201.324,25519.0,-05009.1,-111.054,26006.0
01 02 2026  14 24  -20.1324 25518.9 -05008.8 -11.1048 26005.8,1,2,2026,14,24,-201.324,25518.9,-05008.8,-111.048,26005.8
01 02 2026  14 25  -20.1326 25518.8 -05008.6 -11.1043 26005.6,1,2,2026,14,25,-201.326,25518.8,-05008.6,-111.043,26005.6
01 02 2026  14 26  -20.1327 25518.7 -05008.5 -11.1041 26005.6,1,2,2026,14,26,-201.327,25518.7,-05008.5,-111.041,26005.6
01 02 2026  14 27  -20.1326 25518.5 -05008.1 -11.1033 26005.3,1,2,2026,14,27,-201.326,25518.5,-05008.1,-111.033,26005.3
01 02 2026  14 28  -20.1326 25518.3 -05007.6 -11.1024 26005.0,1,2,2026,14,28,-201.326,25518.3,-05007.6,-111.024,26005.0
01 02 2026  14 29  -20.1331 25518.3 -05007.5 -11.1021 26005.0,1,2,2026,14,29,-201.331,25518.3,-05007.5,-111.021,26005.0
01 02 2026  14 30  -20.1329 25518.0 -05007.1 -11.1014 26004.6,1,2,2026,14,30,-201.329,25518.0,-05007.1,-111.014,26004.6
01 02 2026  14 31  -20.1329 25517.6 -05006.8 -11.1010 26004.2,1,2,2026,14,31,-201.329,25517.6,-05006.8,-111.010,26004.2
01 02 2026  14 32  -20.1334 25517.5 -05006.7 -11.1007 26004.1,1,2,2026,14,32,-201.334,25517.5,-05006.7,-111.007,26004.1
01 02 2026  14 33  -20.1337 25517.3 -05006.5 -11.1003 26003.8,1,2,2026,14,33,-201.337,25517.3,-05006.5,-111.003,26003.8
01 02 2026  14 34  -20.1337 25516.9 -05006.1 -11.0998 26003.3,1,2,2026,14,34,-201.337,25516.9,-05006.1,-110.998,26003.3
01 02 2026  14 35  -20.1345 25516.7 -05005.9 -11.0994 26003.1,1,2,2026,14,35,-201.345,25516.7,-05005.9,-110.994,26003.1
01 02 2026  14 36  -20.1352 25516.7 -05005.8 -11.0992 26003.0,1,2,2026,14,36,-201.352,25516.7,-05005.8,-110.992,26003.0
01 02 2026  14 37  -20.1356 25516.4 -05005.5 -11.0987 26002.7,1,2,2026,14,37,-201.356,25516.4,-05005.5,-110.987,26002.7
01 02 2026  14 38  -20.1363 25516.0 -05005.1 -11.0980 26002.3,1,2,2026,14,38,-201.363,25516.0,-05005.1,-110.980,26002.3
01 02 2026  14 39  -20.1371 25516.0 -05004.9 -11.0975 26002.2,1,2,2026,14,39,-201.371,25516.0,-05004.9,-110.975,26002.2
01 02 2026  14 40  -20.1383 25516.4 -05005.0 -11.0976 26002.6,1,2,2026,14,40,-201.383,25516.4,-05005.0,-110.976,26002.6
01 02 2026  14 41  -20.1389 25516.6 -05005.1 -11.0978 26002.8,1,2,2026,14,41,-201.389,25516.6,-05005.1,-110.978,26002.8
01 02 2026  14 42  -20.1391 25516.6 -05005.0 -11.0975 26002.8,1,2,2026,14,42,-201.391,25516.6,-05005.0,-110.975,26002.8
01 02 2026  14 43  -20.1394 25516.7 -05004.9 -11.0973 26002.9,1,2,2026,14,43,-201.394,25516.7,-05004.9,-110.973,26002.9
01 02 2026  14 44  -20.1400 25516.9 -05004.7 -11.0968 26003.0,1,2,2026,14,44,-201.400,25516.9,-05004.7,-110.968,26003.0
01 02 2026  14 45  -20.1408 25517.3 -05004.7 -11.0966 26003.5,1,2,2026,14,45,-201.408,25517.3,-05004.7,-110.966,26003.5
01 02 2026  14 46  -20.1406 25517.6 -05004.6 -11.0962 26003.7,1,2,2026,14,46,-201.406,25517.6,-05004.6,-110.962,26003.7
01 02 2026  14 47  -20.1408 25517.4 -05004.3 -11.0957 26003.5,1,2,2026,14,47,-201.408,25517.4,-05004.3,-110.957,26003.5
01 02 2026  14 48  -20.1409 25517.6 -05004.1 -11.0952 26003.6,1,2,2026,14,48,-201.409,25517.6,-05004.1,-110.952,26003.6
01 02 2026  14 49  -20.1410 25518.3 -05004.4 -11.0953 26004.4,1,2,2026,14,49,-201.410,25518.3,-05004.4,-110.953,26004.4
01 02 2026  14 50  -20.1417 25518.8 -05004.5 -11.0954 26004.9,1,2,2026,14,50,-201.417,25518.8,-05004.5,-110.954,26004.9
01 02 2026  14 51  -20.1419 25518.0 -05003.9 -11.0945 26004.0,1,2,2026,14,51,-201.419,25518.0,-05003.9,-110.945,26004.0
01 02 2026  14 52  -20.1411 25516.8 -05003.1 -11.0932 26002.6,1,2,2026,14,52,-201.411,25516.8,-05003.1,-110.932,26002.6
01 02 2026  14 53  -20.1414 25516.5 -05002.9 -11.0930 26002.3,1,2,2026,14,53,-201.414,25516.5,-05002.9,-110.930,26002.3
01 02 2026  14 54  -20.1416 25516.2 -05002.7 -11.0927 26002.0,1,2,2026,14,54,-201.416,25516.2,-05002.7,-110.927,26002.0
01 02 2026  14 55  -20.1415 25515.6 -05002.3 -11.0921 26001.3,1,2,2026,14,55,-201.415,25515.6,-05002.3,-110.921,26001.3
01 02 2026  14 56  -20.1410 25514.8 -05001.8 -11.0913 26000.4,1,2,2026,14,56,-201.410,25514.8,-05001.8,-110.913,26000.4
01 02 2026  14 57  -20.1404 25514.5 -05001.6 -11.0911 26000.1,1,2,2026,14,57,-201.404,25514.5,-05001.6,-110.911,26000.1
01 02 2026  14 58  -20.1404 25514.1 -05001.5 -11.0909 25999.7,1,2,2026,14,58,-201.404,25514.1,-05001.5,-110.909,25999.7
01 02 2026  14 59  -20.1400 25514.1 -05001.5 -11.0909 25999.7,1,2,2026,14,59,-201.400,25514.1,-05001.5,-110.909,25999.7
01 02 2026  15 00  -20.1399 25513.5 -05001.2 -11.0906 25999.1,1,2,2026,15,0,-201.399,25513.5,-05001.2,-110.906,25999.1
01 02 2026  15 01  -20.1407 25513.4 -05001.3 -11.0908 25999.0,1,2,2026,15,1,-201.407,25513.4,-05001.3,-110.908,25999.0
01 02 2026  15 02  -20.1419 25513.6 -05001.3 -11.0907 25999.2,1,2,2026,15,2,-201.419,25513.6,-05001.3,-110.907,25999.2
01 02 2026  15 03  -20.1411 25514.0 -05001.3 -11.0906 25999.6,1,2,2026,15,3,-201.411,25514.0,-05001.3,-110.906,25999.6
01 02 2026  15 04  -20.1414 25513.9 -05001.3 -11.0907 25999.5,1,2,2026,15,4,-201.414,25513.9,-05001.3,-110.907,25999.5
01 02 2026  15 05  -20.1413 25514.0 -05001.3 -11.0905 25999.5,1,2,2026,15,5,-201.413,25514.0,-05001.3,-110.905,25999.5
01 02 2026  15 06  -20.1422 25513.7 -05001.2 -11.0904 25999.3,1,2,2026,15,6,-201.422,25513.7,-05001.2,-110.904,25999.3
01 02 2026  15 07  -20.1418 25512.5 -05000.5 -11.0895 25997.9,1,2,2026,15,7,-201.418,25512.5,-05000.5,-110.895,25997.9
01 02 2026  15 08  -20.1406 25511.3 -04999.6 -11.0882 25996.6,1,2,2026,15,8,-201.406,25511.3,-04999.6,-110.882,25996.6
01 02 2026  15 09  -20.1401 25510.8 -04999.3 -11.0877 25996.0,1,2,2026,15,9,-201.401,25510.8,-04999.3,-110.877,25996.0
01 02 2026  15 10  -20.1403 25510.8 -04999.6 -11.0881 25996.1,1,2,2026,15,10,-201.403,25510.8,-04999.6,-110.881,25996.1
01 02 2026  15 11  -20.1415 25511.2 -04999.9 -11.0887 25996.5,1,2,2026,15,11,-201.415,25511.2,-04999.9,-110.887,25996.5
01 02 2026  15 12  -20.1424 25511.4 -05000.2 -11.0892 25996.7,1,2,2026,15,12,-201.424,25511.4,-05000.2,-110.892,25996.7
01 02 2026  15 13  -20.1434 25511.4 -05000.2 -11.0893 25996.8,1,2,2026,15,13,-201.434,25511.4,-05000.2,-110.893,25996.8
01 02 2026  15 14  -20.1443 25511.5 -05000.2 -11.0892 25996.9,1,2,2026,15,14,-201.443,25511.5,-05000.2,-110.892,25996.9
01 02 2026  15 15  -20.1451 25511.6 -05000.1 -11.0891 25997.0,1,2,2026,15,15,-201.451,25511.6,-05000.1,-110.891,25997.0
01 02 2026  15 16  -20.1452 25511.5 -04999.9 -11.0887 25996.8,1,2,2026,15,16,-201.452,25511.5,-04999.9,-110.887,25996.8
01 02 2026  15 17  -20.1445 25511.0 -04999.6 -11.0883 25996.3,1,2,2026,15,17,-201.445,25511.0,-04999.6,-110.883,25996.3
01 02 2026  15 18  -20.1444 25510.4 -04999.4 -11.0879 25995.7,1,2,2026,15,18,-201.444,25510.4,-04999.4,-110.879,25995.7
01 02 2026  15 19  -20.1455 25510.1 -04999.3 -11.0879 25995.3,1,2,2026,15,19,-201.455,25510.1,-04999.3,-110.879,25995.3
01 02 2026  15 20  -20.1466 25509.9 -04999.3 -11.0881 25995.2,1,2,2026,15,20,-201.466,25509.9,-04999.3,-110.881,25995.2
01 02 2026  15 21  -20.1469 25509.8 -04999.2 -11.0879 25995.0,1,2,2026,15,21,-201.469,25509.8,-04999.2,-110.879,25995.0
01 02 2026  15 22  -20.1466 25509.4 -04999.1 -11.0878 25994.7,1,2,2026,15,22,-201.466,25509.4,-04999.1,-110.878,25994.7
01 02 2026  15 23  -20.1465 25509.4 -04999.3 -11.0881 25994.7,1,2,2026,15,23,-201.465,25509.4,-04999.3,-110.881,25994.7
01 02 2026  15 24  -20.1464 25509.4 -04999.3 -11.0883 25994.7,1,2,2026,15,24,-201.464,25509.4,-04999.3,-110.883,25994.7
01 02 2026  15 25  -20.1463 25509.1 -04999.3 -11.0884 25994.4,1,2,2026,15,25,-201.463,25509.1,-04999.3,-110.884,25994.4
01 02 2026  15 26  -20.1456 25508.9 -04999.3 -11.0883 25994.1,1,2,2026,15,26,-201.456,25508.9,-04999.3,-110.883,25994.1
01 02 2026  15 27  -20.1454 25508.6 -04999.3 -11.0884 25993.9,1,2,2026,15,27,-201.454,25508.6,-04999.3,-110.884,25993.9
01 02 2026  15 28  -20.1451 25508.4 -04999.2 -11.0885 25993.7,1,2,2026,15,28,-201.451,25508.4,-04999.2,-110.885,25993.7
01 02 2026  15 29  -20.1445 25508.0 -04999.2 -11.0885 25993.3,1,2,2026,15,29,-201.445,25508.0,-04999.2,-110.885,25993.3
01 02 2026  15 30  -20.1453 25508.3 -04999.4 -11.0889 25993.6,1,2,2026,15,30,-201.453,25508.3,-04999.4,-110.889,25993.6
01 02 2026  15 31  -20.1452 25507.9 -04999.2 -11.0887 25993.2,1,2,2026,15,31,-201.452,25507.9,-04999.2,-110.887,25993.2
01 02 2026  15 32  -20.1452 25507.6 -04999.1 -11.0886 25992.9,1,2,2026,15,32,-201.452,25507.6,-04999.1,-110.886,25992.9
01 02 2026  15 33  -20.1456 25507.6 -04999.1 -11.0886 25992.8,1,2,2026,15,33,-201.456,25507.6,-04999.1,-110.886,25992.8
01 02 2026  15 34  -20.1461 25507.8 -04999.3 -11.0888 25993.1,1,2,2026,15,34,-201.461,25507.8,-04999.3,-110.888,25993.1
01 02 2026  15 35  -20.1461 25507.7 -04999.2 -11.0887 25993.0,1,2,2026,15,35,-201.461,25507.7,-04999.2,-110.887,25993.0
01 02 2026  15 36  -20.1450 25507.5 -04999.0 -11.0884 25992.7,1,2,2026,15,36,-201.450,25507.5,-04999.0,-110.884,25992.7
01 02 2026  15 37  -20.1441 25507.3 -04998.8 -11.0881 25992.5,1,2,2026,15,37,-201.441,25507.3,-04998.8,-110.881,25992.5
01 02 2026  15 38  -20.1433 25506.9 -04998.7 -11.0878 25992.1,1,2,2026,15,38,-201.433,25506.9,-04998.7,-110.878,25992.1
01 02 2026  15 39  -20.1429 25506.6 -04998.4 -11.0875 25991.7,1,2,2026,15,39,-201.429,25506.6,-04998.4,-110.875,25991.7
01 02 2026  15 40  -20.1430 25506.3 -04998.3 -11.0873 25991.4,1,2,2026,15,40,-201.430,25506.3,-04998.3,-110.873,25991.4
01 02 2026  15 41  -20.1437 25506.5 -04998.3 -11.0873 25991.6,1,2,2026,15,41,-201.437,25506.5,-04998.3,-110.873,25991.6
01 02 2026  15 42  -20.1432 25506.0 -04998.1 -11.0870 25991.1,1,2,2026,15,42,-201.432,25506.0,-04998.1,-110.870,25991.1
01 02 2026  15 43  -20.1425 25505.6 -04997.7 -11.0864 25990.7,1,2,2026,15,43,-201.425,25505.6,-04997.7,-110.864,25990.7
01 02 2026  15 44  -20.1417 25505.1 -04997.4 -11.0858 25990.1,1,2,2026,15,44,-201.417,25505.1,-04997.4,-110.858,25990.1
01 02 2026  15 45  -20.1416 25505.0 -04997.3 -11.0857 25990.0,1,2,2026,15,45,-201.416,25505.0,-04997.3,-110.857,25990.0
01 02 2026  15 46  -20.1416 25504.8 -04997.3 -11.0858 25989.8,1,2,2026,15,46,-201.416,25504.8,-04997.3,-110.858,25989.8
01 02 2026  15 47  -20.1415 25504.7 -04997.2 -11.0857 25989.6,1,2,2026,15,47,-201.415,25504.7,-04997.2,-110.857,25989.6
01 02 2026  15 48  -20.1415 25504.8 -04997.1 -11.0855 25989.7,1,2,2026,15,48,-201.415,25504.8,-04997.1,-110.855,25989.7
01 02 2026  15 49  -20.1412 25504.5 -04996.8 -11.0849 25989.4,1,2,2026,15,49,-201.412,25504.5,-04996.8,-110.849,25989.4
01 02 2026  15 50  -20.1412 25504.5 -04996.8 -11.0848 25989.4,1,2,2026,15,50,-201.412,25504.5,-04996.8,-110.848,25989.4
01 02 2026  15 51  -20.1413 25504.6 -04996.5 -11.0843 25989.4,1,2,2026,15,51,-201.413,25504.6,-04996.5,-110.843,25989.4
01 02 2026  15 52  -20.1416 25504.8 -04996.4 -11.0840 25989.6,1,2,2026,15,52,-201.416,25504.8,-04996.4,-110.840,25989.6
01 02 2026  15 53  -20.1412 25504.8 -04996.2 -11.0835 25989.6,1,2,2026,15,53,-201.412,25504.8,-04996.2,-110.835,25989.6
01 02 2026  15 54  -20.1407 25504.8 -04996.0 -11.0829 25989.6,1,2,2026,15,54,-201.407,25504.8,-04996.0,-110.829,25989.6
01 02 2026  15 55  -20.1401 25504.8 -04995.7 -11.0823 25989.4,1,2,2026,15,55,-201.401,25504.8,-04995.7,-110.823,25989.4
01 02 2026  15 56  -20.1399 25504.7 -04995.4 -11.0817 25989.3,1,2,2026,15,56,-201.399,25504.7,-04995.4,-110.817,25989.3
01 02 2026  15 57  -20.1400 25504.5 -04995.2 -11.0815 25989.1,1,2,2026,15,57,-201.400,25504.5,-04995.2,-110.815,25989.1
01 02 2026  15 58  -20.1399 25504.3 -04994.9 -11.0809 25988.8,1,2,2026,15,58,-201.399,25504.3,-04994.9,-110.809,25988.8
01 02 2026  15 59  -20.1399 25504.2 -04994.7 -11.0803 25988.7,1,2,2026,15,59,-201.399,25504.2,-04994.7,-110.803,25988.7
01 02 2026  16 00  -20.1397 25503.8 -04994.3 -11.0796 25988.2,1,2,2026,16,0,-201.397,25503.8,-04994.3,-110.796,25988.2
01 02 2026  16 01  -20.1393 25503.7 -04994.0 -11.0792 25988.1,1,2,2026,16,1,-201.393,25503.7,-04994.0,-110.792,25988.1
01 02 2026  16 02  -20.1393 25503.9 -04994.0 -11.0790 25988.3,1,2,2026,16,2,-201.393,25503.9,-04994.0,-110.790,25988.3
01 02 2026  16 03  -20.1399 25504.0 -04993.9 -11.0788 25988.3,1,2,2026,16,3,-201.399,25504.0,-04993.9,-110.788,25988.3
01 02 2026  16 04  -20.1406 25504.5 -04993.9 -11.0787 25988.8,1,2,2026,16,4,-201.406,25504.5,-04993.9,-110.787,25988.8
01 02 2026  16 05  -20.1412 25504.7 -04993.9 -11.0785 25989.0,1,2,2026,16,5,-201.412,25504.7,-04993.9,-110.785,25989.0
01 02 2026  16 06  -20.1411 25504.6 -04993.5 -11.0777 25988.8,1,2,2026,16,6,-201.411,25504.6,-04993.5,-110.777,25988.8
01 02 2026  16 07  -20.1403 25504.3 -04993.1 -11.0769 25988.5,1,2,2026,16,7,-201.403,25504.3,-04993.1,-110.769,25988.5
01 02 2026  16 08  -20.1398 25504.3 -04992.9 -11.0765 25988.5,1,2,2026,16,8,-201.398,25504.3,-04992.9,-110.765,25988.5
01 02 2026  16 09  -20.1394 25504.1 -04992.6 -11.0759 25988.2,1,2,2026,16,9,-201.394,25504.1,-04992.6,-110.759,25988.2
01 02 2026  16 10  -20.1392 25504.2 -04992.5 -11.0757 25988.2,1,2,2026,16,10,-201.392,25504.2,-04992.5,-110.757,25988.2
01 02 2026  16 11  -20.1389 25504.1 -04992.3 -11.0754 25988.2,1,2,2026,16,11,-201.389,25504.1,-04992.3,-110.754,25988.2
01 02 2026  16 12  -20.1382 25504.1 -04992.1 -11.0749 25988.1,1,2,2026,16,12,-201.382,25504.1,-04992.1,-110.749,25988.1
01 02 2026  16 13  -20.1376 25504.3 -04992.1 -11.0747 25988.2,1,2,2026,16,13,-201.376,25504.3,-04992.1,-110.747,25988.2
01 02 2026  16 14  -20.1366 25504.1 -04991.8 -11.0741 25988.0,1,2,2026,16,14,-201.366,25504.1,-04991.8,-110.741,25988.0
01 02 2026  16 15  -20.1355 25504.1 -04991.6 -11.0739 25988.0,1,2,2026,16,15,-201.355,25504.1,-04991.6,-110.739,25988.0
01 02 2026  16 16  -20.1349 25504.0 -04991.5 -11.0737 25987.9,1,2,2026,16,16,-201.349,25504.0,-04991.5,-110.737,25987.9
01 02 2026  16 17  -20.1341 25503.9 -04991.3 -11.0733 25987.7,1,2,2026,16,17,-201.341,25503.9,-04991.3,-110.733,25987.7
01 02 2026  16 18  -20.1331 25503.9 -04991.4 -11.0734 25987.8,1,2,2026,16,18,-201.331,25503.9,-04991.4,-110.734,25987.8
01 02 2026  16 19  -20.1322 25503.3 -04991.1 -11.0730 25987.1,1,2,2026,16,19,-201.322,25503.3,-04991.1,-110.730,25987.1
01 02 2026  16 20  -20.1320 25503.4 -04991.2 -11.0732 25987.2,1,2,2026,16,20,-201.320,25503.4,-04991.2,-110.732,25987.2
01 02 2026  16 21  -20.1319 25503.5 -04991.3 -11.0734 25987.3,1,2,2026,16,21,-201.319,25503.5,-04991.3,-110.734,25987.3
01 02 2026  16 22  -20.1314 25503.5 -04991.5 -11.0738 25987.4,1,2,2026,16,22,-201.314,25503.5,-04991.5,-110.738,25987.4
01 02 2026  16 23  -20.1309 25503.5 -04991.5 -11.0739 25987.3,1,2,2026,16,23,-201.309,25503.5,-04991.5,-110.739,25987.3
01 02 2026  16 24  -20.1303 25503.4 -04991.5 -11.0739 25987.3,1,2,2026,16,24,-201.303,25503.4,-04991.5,-110.739,25987.3
01 02 2026  16 25  -20.1300 25503.5 -04991.5 -11.0739 25987.4,1,2,2026,16,25,-201.300,25503.5,-04991.5,-110.739,25987.4
01 02 2026  16 26  -20.1294 25503.7 -04991.7 -11.0741 25987.6,1,2,2026,16,26,-201.294,25503.7,-04991.7,-110.741,25987.6
01 02 2026  16 27  -20.1291 25504.2 -04992.0 -11.0747 25988.1,1,2,2026,16,27,-201.291,25504.2,-04992.0,-110.747,25988.1
01 02 2026  16 28  -20.1288 25504.3 -04992.1 -11.0748 25988.3,1,2,2026,16,28,-201.288,25504.3,-04992.1,-110.748,25988.3
01 02 2026  16 29  -20.1282 25504.2 -04991.9 -11.0745 25988.1,1,2,2026,16,29,-201.282,25504.2,-04991.9,-110.745,25988.1
01 02 2026  16 30  -20.1278 25504.6 -04992.0 -11.0745 25988.6,1,2,2026,16,30,-201.278,25504.6,-04992.0,-110.745,25988.6
01 02 2026  16 31  -20.1274 25504.8 -04992.2 -11.0749 25988.8,1,2,2026,16,31,-201.274,25504.8,-04992.2,-110.749,25988.8
01 02 2026  16 32  -20.1269 25504.9 -04992.3 -11.0749 25988.9,1,2,2026,16,32,-201.269,25504.9,-04992.3,-110.749,25988.9
01 02 2026  16 33  -20.1265 25505.2 -04992.4 -11.0749 25989.2,1,2,2026,16,33,-201.265,25505.2,-04992.4,-110.749,25989.2
01 02 2026  16 34  -20.1262 25505.3 -04992.4 -11.0750 25989.3,1,2,2026,16,34,-201.262,25505.3,-04992.4,-110.750,25989.3
01 02 2026  16 35  -20.1256 25505.6 -04992.5 -11.0750 25989.6,1,2,2026,16,35,-201.256,25505.6,-04992.5,-110.750,25989.6
01 02 2026  16 36  -20.1252 25506.0 -04992.6 -11.0752 25990.0,1,2,2026,16,36,-201.252,25506.0,-04992.6,-110.752,25990.0
01 02 2026  16 37  -20.1245 25506.2 -04992.6 -11.0751 25990.3,1,2,2026,16,37,-201.245,25506.2,-04992.6,-110.751,25990.3
01 02 2026  16 38  -20.1238 25506.4 -04992.6 -11.0751 25990.5,1,2,2026,16,38,-201.238,25506.4,-04992.6,-110.751,25990.5
01 02 2026  16 39  -20.1230 25506.6 -04992.4 -11.0745 25990.6,1,2,2026,16,39,-201.230,25506.6,-04992.4,-110.745,25990.6
01 02 2026  16 40  -20.1226 25506.8 -04992.7 -11.0750 25990.8,1,2,2026,16,40,-201.226,25506.8,-04992.7,-110.750,25990.8
01 02 2026  16 41  -20.1218 25506.8 -04992.6 -11.0747 25990.8,1,2,2026,16,41,-201.218,25506.8,-04992.6,-110.747,25990.8
01 02 2026  16 42  -20.1207 25507.0 -04992.6 -11.0747 25991.0,1,2,2026,16,42,-201.207,25507.0,-04992.6,-110.747,25991.0
01 02 2026  16 43  -20.1198 25507.2 -04992.6 -11.0747 25991.2,1,2,2026,16,43,-201.198,25507.2,-04992.6,-110.747,25991.2
01 02 2026  16 44  -20.1190 25507.5 -04992.7 -11.0747 25991.6,1,2,2026,16,44,-201.190,25507.5,-04992.7,-110.747,25991.6
01 02 2026  16 45  -20.1186 25507.6 -04992.7 -11.0748 25991.7,1,2,2026,16,45,-201.186,25507.6,-04992.7,-110.748,25991.7
01 02 2026  16 46  -20.1184 25507.6 -04992.7 -11.0746 25991.6,1,2,2026,16,46,-201.184,25507.6,-04992.7,-110.746,25991.6
01 02 2026  16 47  -20.1181 25507.6 -04992.5 -11.0742 25991.6,1,2,2026,16,47,-201.181,25507.6,-04992.5,-110.742,25991.6
01 02 2026  16 48  -20.1175 25507.7 -04992.3 -11.0739 25991.6,1,2,2026,16,48,-201.175,25507.7,-04992.3,-110.739,25991.6
01 02 2026  16 49  -20.1167 25507.9 -04992.7 -11.0746 25991.9,1,2,2026,16,49,-201.167,25507.9,-04992.7,-110.746,25991.9
01 02 2026  16 50  -20.1159 25508.1 -04992.8 -11.0747 25992.1,1,2,2026,16,50,-201.159,25508.1,-04992.8,-110.747,25992.1
01 02 2026  16 51  -20.1155 25508.2 -04992.9 -11.0749 25992.2,1,2,2026,16,51,-201.155,25508.2,-04992.9,-110.749,25992.2
01 02 2026  16 52  -20.1151 25508.2 -04992.9 -11.0749 25992.3,1,2,2026,16,52,-201.151,25508.2,-04992.9,-110.749,25992.3
01 02 2026  16 53  -20.1148 25508.1 -04992.9 -11.0749 25992.2,1,2,2026,16,53,-201.148,25508.1,-04992.9,-110.749,25992.2
01 02 2026  16 54  -20.1142 25507.5 -04992.5 -11.0743 25991.5,1,2,2026,16,54,-201.142,25507.5,-04992.5,-110.743,25991.5
01 02 2026  16 55  -20.1137 25507.4 -04992.5 -11.0742 25991.4,1,2,2026,16,55,-201.137,25507.4,-04992.5,-110.742,25991.4
01 02 2026  16 56  -20.1132 25507.3 -04992.4 -11.0741 25991.3,1,2,2026,16,56,-201.132,25507.3,-04992.4,-110.741,25991.3
01 02 2026  16 57  -20.1129 25507.5 -04992.5 -11.0744 25991.5,1,2,2026,16,57,-201.129,25507.5,-04992.5,-110.744,25991.5
01 02 2026  16 58  -20.1126 25507.6 -04992.7 -11.0746 25991.6,1,2,2026,16,58,-201.126,25507.6,-04992.7,-110.746,25991.6
01 02 2026  16 59  -20.1124 25507.5 -04992.6 -11.0746 25991.5,1,2,2026,16,59,-201.124,25507.5,-04992.6,-110.746,25991.5
01 02 2026  17 00  -20.1119 25507.2 -04992.5 -11.0744 25991.2,1,2,2026,17,0,-201.119,25507.2,-04992.5,-110.744,25991.2
01 02 2026  17 01  -20.1114 25507.0 -04992.4 -11.0743 25990.9,1,2,2026,17,1,-201.114,25507.0,-04992.4,-110.743,25990.9
01 02 2026  17 02  -20.1116 25506.7 -04992.4 -11.0744 25990.7,1,2,2026,17,2,-201.116,25506.7,-04992.4,-110.744,25990.7
01 02 2026  17 03  -20.1116 25506.7 -04992.4 -11.0745 25990.7,1,2,2026,17,3,-201.116,25506.7,-04992.4,-110.745,25990.7
01 02 2026  17 04  -20.1113 25506.7 -04992.5 -11.0747 25990.7,1,2,2026,17,4,-201.113,25506.7,-04992.5,-110.747,25990.7
01 02 2026  17 05  -20.1110 25506.6 -04992.5 -11.0748 25990.6,1,2,2026,17,5,-201.110,25506.6,-04992.5,-110.748,25990.6
01 02 2026  17 06  -20.1107 25506.7 -04992.7 -11.0750 25990.8,1,2,2026,17,6,-201.107,25506.7,-04992.7,-110.750,25990.8
01 02 2026  17 07  -20.1106 25506.7 -04992.8 -11.0753 25990.8,1,2,2026,17,7,-201.106,25506.7,-04992.8,-110.753,25990.8
01 02 2026  17 08  -20.1102 25506.5 -04992.7 -11.0752 25990.6,1,2,2026,17,8,-201.102,25506.5,-04992.7,-110.752,25990.6
01 02 2026  17 09  -20.1100 25506.6 -04992.8 -11.0752 25990.7,1,2,2026,17,9,-201.100,25506.6,-04992.8,-110.752,25990.7
01 02 2026  17 10  -20.1098 25506.6 -04993.0 -11.0757 25990.7,1,2,2026,17,10,-201.098,25506.6,-04993.0,-110.757,25990.7
01 02 2026  17 11  -20.1096 25506.4 -04992.9 -11.0756 25990.4,1,2,2026,17,11,-201.096,25506.4,-04992.9,-110.756,25990.4
01 02 2026  17 12  -20.1093 25506.3 -04992.9 -11.0758 25990.4,1,2,2026,17,12,-201.093,25506.3,-04992.9,-110.758,25990.4
01 02 2026  17 13  -20.1090 25506.1 -04993.0 -11.0759 25990.2,1,2,2026,17,13,-201.090,25506.1,-04993.0,-110.759,25990.2
01 02 2026  17 14  -20.1087 25505.9 -04993.0 -11.0760 25990.0,1,2,2026,17,14,-201.087,25505.9,-04993.0,-110.760,25990.0
01 02 2026  17 15  -20.1085 25505.9 -04993.0 -11.0761 25990.0,1,2,2026,17,15,-201.085,25505.9,-04993.0,-110.761,25990.0
01 02 2026  17 16  -20.1083 25505.8 -04993.1 -11.0764 25989.9,1,2,2026,17,16,-201.083,25505.8,-04993.1,-110.764,25989.9
01 02 2026  17 17  -20.1082 25505.7 -04993.2 -11.0766 25989.8,1,2,2026,17,17,-201.082,25505.7,-04993.2,-110.766,25989.8
01 02 2026  17 18  -20.1080 25505.7 -04993.3 -11.0769 25989.8,1,2,2026,17,18,-201.080,25505.7,-04993.3,-110.769,25989.8
01 02 2026  17 19  -20.1078 25505.6 -04993.4 -11.0770 25989.8,1,2,2026,17,19,-201.078,25505.6,-04993.4,-110.770,25989.8
01 02 2026  17 20  -20.1076 25505.4 -04993.4 -11.0772 25989.7,1,2,2026,17,20,-201.076,25505.4,-04993.4,-110.772,25989.7
01 02 2026  17 21  -20.1075 25505.3 -04993.5 -11.0773 25989.6,1,2,2026,17,21,-201.075,25505.3,-04993.5,-110.773,25989.6
01 02 2026  17 22  -20.1074 25505.3 -04993.5 -11.0774 25989.5,1,2,2026,17,22,-201.074,25505.3,-04993.5,-110.774,25989.5
01 02 2026  17 23  -20.1075 25505.3 -04993.6 -11.0777 25989.5,1,2,2026,17,23,-201.075,25505.3,-04993.6,-110.777,25989.5
01 02 2026  17 24  -20.1075 25505.3 -04993.7 -11.0779 25989.5,1,2,2026,17,24,-201.075,25505.3,-04993.7,-110.779,25989.5
01 02 2026  17 25  -20.1078 25505.4 -04993.9 -11.0782 25989.7,1,2,2026,17,25,-201.078,25505.4,-04993.9,-110.782,25989.7
01 02 2026  17 26  -20.1077 25505.2 -04993.8 -11.0782 25989.5,1,2,2026,17,26,-201.077,25505.2,-04993.8,-110.782,25989.5
01 02 2026  17 27  -20.1074 25505.2 -04993.8 -11.0782 25989.5,1,2,2026,17,27,-201.074,25505.2,-04993.8,-110.782,25989.5
01 02 2026  17 28  -20.1075 25505.3 -04993.9 -11.0783 25989.6,1,2,2026,17,28,-201.075,25505.3,-04993.9,-110.783,25989.6
01 02 2026  17 29  -20.1077 25505.2 -04993.9 -11.0783 25989.5,1,2,2026,17,29,-201.077,25505.2,-04993.9,-110.783,25989.5
01 02 2026  17 30  -20.1080 25505.3 -04994.0 -11.0784 25989.6,1,2,2026,17,30,-201.080,25505.3,-04994.0,-110.784,25989.6
01 02 2026  17 31  -20.1085 25505.4 -04994.0 -11.0785 25989.8,1,2,2026,17,31,-201.085,25505.4,-04994.0,-110.785,25989.8
01 02 2026  17 32  -20.1088 25505.5 -04994.1 -11.0786 25989.8,1,2,2026,17,32,-201.088,25505.5,-04994.1,-110.786,25989.8
01 02 2026  17 33  -20.1088 25505.6 -04994.0 -11.0784 25989.9,1,2,2026,17,33,-201.088,25505.6,-04994.0,-110.784,25989.9
01 02 2026  17 34  -20.1089 25505.5 -04994.0 -11.0785 25989.8,1,2,2026,17,34,-201.089,25505.5,-04994.0,-110.785,25989.8
01 02 2026  17 35  -20.1089 25505.0 -04993.9 -11.0784 25989.3,1,2,2026,17,35,-201.089,25505.0,-04993.9,-110.784,25989.3
01 02 2026  17 36  -20.1090 25505.0 -04994.0 -11.0785 25989.3,1,2,2026,17,36,-201.090,25505.0,-04994.0,-110.785,25989.3
01 02 2026  17 37  -20.1091 25505.1 -04994.0 -11.0786 25989.4,1,2,2026,17,37,-201.091,25505.1,-04994.0,-110.786,25989.4
01 02 2026  17 38  -20.1093 25504.9 -04994.1 -11.0787 25989.3,1,2,2026,17,38,-201.093,25504.9,-04994.1,-110.787,25989.3
01 02 2026  17 39  -20.1094 25504.8 -04994.0 -11.0787 25989.1,1,2,2026,17,39,-201.094,25504.8,-04994.0,-110.787,25989.1
01 02 2026  17 40  -20.1096 25504.4 -04993.9 -11.0785 25988.7,1,2,2026,17,40,-201.096,25504.4,-04993.9,-110.785,25988.7
01 02 2026  17 41  -20.1098 25504.1 -04993.7 -11.0784 25988.4,1,2,2026,17,41,-201.098,25504.1,-04993.7,-110.784,25988.4
01 02 2026  17 42  -20.1099 25504.0 -04993.6 -11.0781 25988.3,1,2,2026,17,42,-201.099,25504.0,-04993.6,-110.781,25988.3
01 02 2026  17 43  -20.1100 25503.9 -04993.7 -11.0784 25988.2,1,2,2026,17,43,-201.100,25503.9,-04993.7,-110.784,25988.2
01 02 2026  17 44  -20.1101 25503.8 -04993.6 -11.0783 25988.0,1,2,2026,17,44,-201.101,25503.8,-04993.6,-110.783,25988.0
01 02 2026  17 45  -20.1104 25503.8 -04993.8 -11.0786 25988.1,1,2,2026,17,45,-201.104,25503.8,-04993.8,-110.786,25988.1
01 02 2026  17 46  -20.1104 25503.9 -04993.9 -11.0789 25988.2,1,2,2026,17,46,-201.104,25503.9,-04993.9,-110.789,25988.2
01 02 2026  17 47  -20.1103 25503.9 -04993.9 -11.0790 25988.2,1,2,2026,17,47,-201.103,25503.9,-04993.9,-110.790,25988.2
01 02 2026  17 48  -20.1106 25503.7 -04993.9 -11.0790 25988.1,1,2,2026,17,48,-201.106,25503.7,-04993.9,-110.790,25988.1
01 02 2026  17 49  -20.1106 25503.5 -04993.9 -11.0790 25987.8,1,2,2026,17,49,-201.106,25503.5,-04993.9,-110.790,25987.8
01 02 2026  17 50  -20.1106 25503.3 -04993.9 -11.0791 25987.7,1,2,2026,17,50,-201.106,25503.3,-04993.9,-110.791,25987.7
01 02 2026  17 51  -20.1106 25503.2 -04993.9 -11.0791 25987.5,1,2,2026,17,51,-201.106,25503.2,-04993.9,-110.791,25987.5
01 02 2026  17 52  -20.1107 25502.8 -04993.8 -11.0791 25987.2,1,2,2026,17,52,-201.107,25502.8,-04993.8,-110.791,25987.2
01 02 2026  17 53  -20.1108 25502.8 -04993.9 -11.0793 25987.1,1,2,2026,17,53,-201.108,25502.8,-04993.9,-110.793,25987.1
01 02 2026  17 54  -20.1112 25502.7 -04994.0 -11.0795 25987.0,1,2,2026,17,54,-201.112,25502.7,-04994.0,-110.795,25987.0
01 02 2026  17 55  -20.1113 25502.4 -04993.9 -11.0794 25986.7,1,2,2026,17,55,-201.113,25502.4,-04993.9,-110.794,25986.7
01 02 2026  17 56  -20.1114 25502.2 -04993.8 -11.0794 25986.5,1,2,2026,17,56,-201.114,25502.2,-04993.8,-110.794,25986.5
01 02 2026  17 57  -20.1114 25502.0 -04993.7 -11.0793 25986.3,1,2,2026,17,57,-201.114,25502.0,-04993.7,-110.793,25986.3
01 02 2026  17 58  -20.1114 25501.9 -04993.7 -11.0794 25986.2,1,2,2026,17,58,-201.114,25501.9,-04993.7,-110.794,25986.2
01 02 2026  17 59  -20.1116 25501.6 -04993.7 -11.0794 25985.9,1,2,2026,17,59,-201.116,25501.6,-04993.7,-110.794,25985.9
01 02 2026  18 00  -20.1119 25501.4 -04993.7 -11.0794 25985.8,1,2,2026,18,0,-201.119,25501.4,-04993.7,-110.794,25985.8
01 02 2026  18 01  -20.1122 25501.4 -04993.8 -11.0796 25985.8,1,2,2026,18,1,-201.122,25501.4,-04993.8,-110.796,25985.8
01 02 2026  18 02  -20.1127 25501.3 -04993.8 -11.0798 25985.6,1,2,2026,18,2,-201.127,25501.3,-04993.8,-110.798,25985.6
01 02 2026  18 03  -20.1131 25501.2 -04993.9 -11.0800 25985.6,1,2,2026,18,3,-201.131,25501.2,-04993.9,-110.800,25985.6
01 02 2026  18 04  -20.1140 25501.3 -04994.1 -11.0803 25985.7,1,2,2026,18,4,-201.140,25501.3,-04994.1,-110.803,25985.7
01 02 2026  18 05  -20.1146 25501.4 -04994.3 -11.0807 25985.8,1,2,2026,18,5,-201.146,25501.4,-04994.3,-110.807,25985.8
01 02 2026  18 06  -20.1147 25501.3 -04994.3 -11.0809 25985.8,1,2,2026,18,6,-201.147,25501.3,-04994.3,-110.809,25985.8
01 02 2026  18 07  -20.1146 25501.2 -04994.3 -11.0808 25985.7,1,2,2026,18,7,-201.146,25501.2,-04994.3,-110.808,25985.7
01 02 2026  18 08  -20.1148 25500.9 -04994.3 -11.0810 25985.4,1,2,2026,18,8,-201.148,25500.9,-04994.3,-110.810,25985.4
01 02 2026  18 09  -20.1151 25500.9 -04994.4 -11.0811 25985.3,1,2,2026,18,9,-201.151,25500.9,-04994.4,-110.811,25985.3
01 02 2026  18 10  -20.1153 25500.8 -04994.4 -11.0812 25985.3,1,2,2026,18,10,-201.153,25500.8,-04994.4,-110.812,25985.3
01 02 2026  18 11  -20.1155 25500.6 -04994.5 -11.0816 25985.2,1,2,2026,18,11,-201.155,25500.6,-04994.5,-110.816,25985.2
01 02 2026  18 12  -20.1156 25500.4 -04994.6 -11.0818 25985.0,1,2,2026,18,12,-201.156,25500.4,-04994.6,-110.818,25985.0
01 02 2026  18 13  -20.1156 25500.3 -04994.7 -11.0820 25984.8,1,2,2026,18,13,-201.156,25500.3,-04994.7,-110.820,25984.8
01 02 2026  18 14  -20.1160 25500.3 -04994.9 -11.0825 25984.9,1,2,2026,18,14,-201.160,25500.3,-04994.9,-110.825,25984.9
01 02 2026  18 15  -20.1162 25500.3 -04995.0 -11.0827 25984.9,1,2,2026,18,15,-201.162,25500.3,-04995.0,-110.827,25984.9
01 02 2026  18 16  -20.1165 25500.2 -04995.0 -11.0829 25984.8,1,2,2026,18,16,-201.165,25500.2,-04995.0,-110.829,25984.8
01 02 2026  18 17  -20.1166 25500.1 -04995.1 -11.0831 25984.7,1,2,2026,18,17,-201.166,25500.1,-04995.1,-110.831,25984.7
01 02 2026  18 18  -20.1170 25500.1 -04995.3 -11.0834 25984.8,1,2,2026,18,18,-201.170,25500.1,-04995.3,-110.834,25984.8
01 02 2026  18 19  -20.1175 25500.0 -04995.4 -11.0837 25984.7,1,2,2026,18,19,-201.175,25500.0,-04995.4,-110.837,25984.7
01 02 2026  18 20  -20.1175 25499.9 -04995.4 -11.0838 25984.6,1,2,2026,18,20,-201.175,25499.9,-04995.4,-110.838,25984.6
01 02 2026  18 21  -20.1178 25499.9 -04995.5 -11.0840 25984.6,1,2,2026,18,21,-201.178,25499.9,-04995.5,-110.840,25984.6
01 02 2026  18 22  -20.1179 25499.8 -04995.5 -11.0841 25984.5,1,2,2026,18,22,-201.179,25499.8,-04995.5,-110.841,25984.5
01 02 2026  18 23  -20.1180 25499.7 -04995.6 -11.0843 25984.4,1,2,2026,18,23,-201.180,25499.7,-04995.6,-110.843,25984.4
01 02 2026  18 24  -20.1185 25499.6 -04995.7 -11.0846 25984.3,1,2,2026,18,24,-201.185,25499.6,-04995.7,-110.846,25984.3
01 02 2026  18 25  -20.1192 25499.5 -04995.9 -11.0850 25984.3,1,2,2026,18,25,-201.192,25499.5,-04995.9,-110.850,25984.3
01 02 2026  18 26  -20.1197 25499.5 -04996.0 -11.0852 25984.3,1,2,2026,18,26,-201.197,25499.5,-04996.0,-110.852,25984.3
01 02 2026  18 27  -20.1198 25499.3 -04996.0 -11.0853 25984.2,1,2,2026,18,27,-201.198,25499.3,-04996.0,-110.853,25984.2
01 02 2026  18 28  -20.1200 25499.2 -04996.1 -11.0855 25984.1,1,2,2026,18,28,-201.200,25499.2,-04996.1,-110.855,25984.1
01 02 2026  18 29  -20.1202 25498.9 -04996.0 -11.0855 25983.7,1,2,2026,18,29,-201.202,25498.9,-04996.0,-110.855,25983.7
01 02 2026  18 30  -20.1204 25498.9 -04996.0 -11.0854 25983.7,1,2,2026,18,30,-201.204,25498.9,-04996.0,-110.854,25983.7
01 02 2026  18 31  -20.1208 25498.7 -04996.3 -11.0862 25983.6,1,2,2026,18,31,-201.208,25498.7,-04996.3,-110.862,25983.6
01 02 2026  18 32  -20.1213 25498.5 -04996.2 -11.0861 25983.3,1,2,2026,18,32,-201.213,25498.5,-04996.2,-110.861,25983.3
01 02 2026  18 33  -20.1217 25498.3 -04996.2 -11.0862 25983.2,1,2,2026,18,33,-201.217,25498.3,-04996.2,-110.862,25983.2
01 02 2026  18 34  -20.1222 25498.1 -04996.3 -11.0864 25983.0,1,2,2026,18,34,-201.222,25498.1,-04996.3,-110.864,25983.0
01 02 2026  18 35  -20.1227 25498.1 -04996.3 -11.0865 25983.0,1,2,2026,18,35,-201.227,25498.1,-04996.3,-110.865,25983.0
01 02 2026  18 36  -20.1232 25498.1 -04996.3 -11.0866 25983.0,1,2,2026,18,36,-201.232,25498.1,-04996.3,-110.866,25983.0
01 02 2026  18 37  -20.1236 25498.0 -04996.4 -11.0867 25982.9,1,2,2026,18,37,-201.236,25498.0,-04996.4,-110.867,25982.9
01 02 2026  18 38  -20.1237 25497.9 -04996.3 -11.0866 25982.8,1,2,2026,18,38,-201.237,25497.9,-04996.3,-110.866,25982.8
01 02 2026  18 39  -20.1241 25498.0 -04996.5 -11.0870 25982.9,1,2,2026,18,39,-201.241,25498.0,-04996.5,-110.870,25982.9
01 02 2026  18 40  -20.1247 25497.8 -04996.6 -11.0872 25982.8,1,2,2026,18,40,-201.247,25497.8,-04996.6,-110.872,25982.8
01 02 2026  18 41  -20.1251 25497.9 -04996.6 -11.0872 25982.8,1,2,2026,18,41,-201.251,25497.9,-04996.6,-110.872,25982.8
01 02 2026  18 42  -20.1256 25497.8 -04996.6 -11.0872 25982.7,1,2,2026,18,42,-201.256,25497.8,-04996.6,-110.872,25982.7
01 02 2026  18 43  -20.1259 25497.8 -04996.6 -11.0873 25982.7,1,2,2026,18,43,-201.259,25497.8,-04996.6,-110.873,25982.7
01 02 2026  18 44  -20.1264 25497.7 -04996.4 -11.0869 25982.6,1,2,2026,18,44,-201.264,25497.7,-04996.4,-110.869,25982.6
01 02 2026  18 45  -20.1268 25497.7 -04996.4 -11.0868 25982.6,1,2,2026,18,45,-201.268,25497.7,-04996.4,-110.868,25982.6
01 02 2026  18 46  -20.1270 25497.9 -04996.7 -11.0874 25982.9,1,2,2026,18,46,-201.270,25497.9,-04996.7,-110.874,25982.9
01 02 2026  18 47  -20.1274 25498.1 -04996.8 -11.0875 25983.1,1,2,2026,18,47,-201.274,25498.1,-04996.8,-110.875,25983.1
01 02 2026  18 48  -20.1279 25498.2 -04996.9 -11.0877 25983.3,1,2,2026,18,48,-201.279,25498.2,-04996.9,-110.877,25983.3
01 02 2026  18 49  -20.1281 25498.3 -04996.9 -11.0876 25983.3,1,2,2026,18,49,-201.281,25498.3,-04996.9,-110.876,25983.3
01 02 2026  18 50  -20.1284 25498.3 -04996.8 -11.0875 25983.3,1,2,2026,18,50,-201.284,25498.3,-04996.8,-110.875,25983.3
01 02 2026  18 51  -20.1287 25498.3 -04996.7 -11.0873 25983.3,1,2,2026,18,51,-201.287,25498.3,-04996.7,-110.873,25983.3
01 02 2026  18 52  -20.1291 25498.3 -04996.7 -11.0874 25983.2,1,2,2026,18,52,-201.291,25498.3,-04996.7,-110.874,25983.2
01 02 2026  18 53  -20.1294 25498.3 -04996.7 -11.0872 25983.3,1,2,2026,18,53,-201.294,25498.3,-04996.7,-110.872,25983.3
01 02 2026  18 54  -20.1297 25498.4 -04996.6 -11.0870 25983.3,1,2,2026,18,54,-201.297,25498.4,-04996.6,-110.870,25983.3
01 02 2026  18 55  -20.1300 25498.2 -04996.4 -11.0868 25983.1,1,2,2026,18,55,-201.300,25498.2,-04996.4,-110.868,25983.1
01 02 2026  18 56  -20.1301 25498.3 -04996.3 -11.0864 25983.1,1,2,2026,18,56,-201.301,25498.3,-04996.3,-110.864,25983.1
01 02 2026  18 57  -20.1304 25498.3 -04996.3 -11.0864 25983.2,1,2,2026,18,57,-201.304,25498.3,-04996.3,-110.864,25983.2
01 02 2026  18 58  -20.1308 25498.2 -04996.2 -11.0861 25983.1,1,2,2026,18,58,-201.308,25498.2,-04996.2,-110.861,25983.1
01 02 2026  18 59  -20.1310 25498.3 -04996.1 -11.0860 25983.2,1,2,2026,18,59,-201.310,25498.3,-04996.1,-110.860,25983.2
01 02 2026  19 00  -20.1311 25498.2 -04996.0 -11.0857 25983.0,1,2,2026,19,0,-201.311,25498.2,-04996.0,-110.857,25983.0
01 02 2026  19 01  -20.1315 25498.0 -04995.8 -11.0855 25982.8,1,2,2026,19,1,-201.315,25498.0,-04995.8,-110.855,25982.8
01 02 2026  19 02  -20.1318 25497.9 -04995.7 -11.0852 25982.7,1,2,2026,19,2,-201.318,25497.9,-04995.7,-110.852,25982.7
01 02 2026  19 03  -20.1322 25497.7 -04995.4 -11.0847 25982.5,1,2,2026,19,3,-201.322,25497.7,-04995.4,-110.847,25982.5
01 02 2026  19 04  -20.1325 25497.9 -04995.5 -11.0848 25982.6,1,2,2026,19,4,-201.325,25497.9,-04995.5,-110.848,25982.6
01 02 2026  19 05  -20.1330 25497.8 -04995.4 -11.0847 25982.6,1,2,2026,19,5,-201.330,25497.8,-04995.4,-110.847,25982.6
01 02 2026  19 06  -20.1334 25497.9 -04995.4 -11.0846 25982.6,1,2,2026,19,6,-201.334,25497.9,-04995.4,-110.846,25982.6
01 02 2026  19 07  -20.1337 25497.7 -04995.1 -11.0841 25982.4,1,2,2026,19,7,-201.337,25497.7,-04995.1,-110.841,25982.4
01 02 2026  19 08  -20.1341 25497.5 -04995.0 -11.0838 25982.2,1,2,2026,19,8,-201.341,25497.5,-04995.0,-110.838,25982.2
01 02 2026  19 09  -20.1343 25497.5 -04994.8 -11.0835 25982.1,1,2,2026,19,9,-201.343,25497.5,-04994.8,-110.835,25982.1
01 02 2026  19 10  -20.1348 25497.1 -04994.5 -11.0831 25981.7,1,2,2026,19,10,-201.348,25497.1,-04994.5,-110.831,25981.7
01 02 2026  19 11  -20.1351 25496.9 -04994.4 -11.0828 25981.5,1,2,2026,19,11,-201.351,25496.9,-04994.4,-110.828,25981.5
01 02 2026  19 12  -20.1354 25496.8 -04994.2 -11.0825 25981.3,1,2,2026,19,12,-201.354,25496.8,-04994.2,-110.825,25981.3
01 02 2026  19 13  -20.1358 25496.7 -04994.0 -11.0821 25981.1,1,2,2026,19,13,-201.358,25496.7,-04994.0,-110.821,25981.1
01 02 2026  19 14  -20.1361 25496.6 -04993.9 -11.0819 25981.1,1,2,2026,19,14,-201.361,25496.6,-04993.9,-110.819,25981.1
01 02 2026  19 15  -20.1366 25496.6 -04993.8 -11.0817 25981.0,1,2,2026,19,15,-201.366,25496.6,-04993.8,-110.817,25981.0
01 02 2026  19 16  -20.1367 25496.9 -04993.9 -11.0818 25981.3,1,2,2026,19,16,-201.367,25496.9,-04993.9,-110.818,25981.3
01 02 2026  19 17  -20.1369 25496.8 -04993.8 -11.0817 25981.2,1,2,2026,19,17,-201.369,25496.8,-04993.8,-110.817,25981.2
01 02 2026  19 18  -20.1370 25497.0 -04993.7 -11.0813 25981.4,1,2,2026,19,18,-201.370,25497.0,-04993.7,-110.813,25981.4
01 02 2026  19 19  -20.1372 25497.1 -04993.8 -11.0815 25981.5,1,2,2026,19,19,-201.372,25497.1,-04993.8,-110.815,25981.5
01 02 2026  19 20  -20.1375 25497.0 -04993.6 -11.0811 25981.3,1,2,2026,19,20,-201.375,25497.0,-04993.6,-110.811,25981.3
01 02 2026  19 21  -20.1376 25497.0 -04993.5 -11.0808 25981.4,1,2,2026,19,21,-201.376,25497.0,-04993.5,-110.808,25981.4
01 02 2026  19 22  -20.1378 25497.0 -04993.5 -11.0809 25981.4,1,2,2026,19,22,-201.378,25497.0,-04993.5,-110.809,25981.4
01 02 2026  19 23  -20.1380 25496.9 -04993.2 -11.0804 25981.2,1,2,2026,19,23,-201.380,25496.9,-04993.2,-110.804,25981.2
01 02 2026  19 24  -20.1380 25496.8 -04993.2 -11.0803 25981.1,1,2,2026,19,24,-201.380,25496.8,-04993.2,-110.803,25981.1
01 02 2026  19 25  -20.1382 25496.9 -04993.2 -11.0803 25981.2,1,2,2026,19,25,-201.382,25496.9,-04993.2,-110.803,25981.2
01 02 2026  19 26  -20.1383 25496.9 -04993.2 -11.0803 25981.2,1,2,2026,19,26,-201.383,25496.9,-04993.2,-110.803,25981.2
01 02 2026  19 27  -20.1384 25496.9 -04993.1 -11.0800 25981.2,1,2,2026,19,27,-201.384,25496.9,-04993.1,-110.800,25981.2
01 02 2026  19 28  -20.1385 25496.9 -04993.1 -11.0800 25981.2,1,2,2026,19,28,-201.385,25496.9,-04993.1,-110.800,25981.2
01 02 2026  19 29  -20.1384 25496.9 -04993.0 -11.0798 25981.2,1,2,2026,19,29,-201.384,25496.9,-04993.0,-110.798,25981.2
01 02 2026  19 30  -20.1384 25496.9 -04992.9 -11.0797 25981.1,1,2,2026,19,30,-201.384,25496.9,-04992.9,-110.797,25981.1
01 02 2026  19 31  -20.1384 25496.9 -04992.9 -11.0796 25981.2,1,2,2026,19,31,-201.384,25496.9,-04992.9,-110.796,25981.2
01 02 2026  19 32  -20.1384 25497.0 -04992.8 -11.0794 25981.2,1,2,2026,19,32,-201.384,25497.0,-04992.8,-110.794,25981.2
01 02 2026  19 33  -20.1384 25497.0 -04992.8 -11.0794 25981.3,1,2,2026,19,33,-201.384,25497.0,-04992.8,-110.794,25981.3
01 02 2026  19 34  -20.1384 25497.2 -04992.8 -11.0794 25981.4,1,2,2026,19,34,-201.384,25497.2,-04992.8,-110.794,25981.4
01 02 2026  19 35  -20.1384 25497.3 -04992.9 -11.0795 25981.6,1,2,2026,19,35,-201.384,25497.3,-04992.9,-110.795,25981.6
01 02 2026  19 36  -20.1385 25497.4 -04992.9 -11.0794 25981.7,1,2,2026,19,36,-201.385,25497.4,-04992.9,-110.794,25981.7
01 02 2026  19 37  -20.1385 25497.5 -04992.9 -11.0793 25981.7,1,2,2026,19,37,-201.385,25497.5,-04992.9,-110.793,25981.7
01 02 2026  19 38  -20.1385 25497.5 -04992.8 -11.0792 25981.7,1,2,2026,19,38,-201.385,25497.5,-04992.8,-110.792,25981.7
01 02 2026  19 39  -20.1386 25497.7 -04992.8 -11.0791 25981.9,1,2,2026,19,39,-201.386,25497.7,-04992.8,-110.791,25981.9
01 02 2026  19 40  -20.1387 25497.8 -04992.8 -11.0790 25982.0,1,2,2026,19,40,-201.387,25497.8,-04992.8,-110.790,25982.0
01 02 2026  19 41  -20.1387 25497.9 -04992.8 -11.0790 25982.1,1,2,2026,19,41,-201.387,25497.9,-04992.8,-110.790,25982.1
01 02 2026  19 42  -20.1389 25497.9 -04992.8 -11.0790 25982.1,1,2,2026,19,42,-201.389,25497.9,-04992.8,-110.790,25982.1
01 02 2026  19 43  -20.1391 25498.0 -04992.7 -11.0788 25982.2,1,2,2026,19,43,-201.391,25498.0,-04992.7,-110.788,25982.2
01 02 2026  19 44  -20.1393 25498.0 -04992.7 -11.0788 25982.2,1,2,2026,19,44,-201.393,25498.0,-04992.7,-110.788,25982.2
01 02 2026  19 45  -20.1396 25498.1 -04992.7 -11.0788 25982.3,1,2,2026,19,45,-201.396,25498.1,-04992.7,-110.788,25982.3
01 02 2026  19 46  -20.1398 25498.2 -04992.9 -11.0791 25982.4,1,2,2026,19,46,-201.398,25498.2,-04992.9,-110.791,25982.4
01 02 2026  19 47  -20.1401 25498.1 -04992.9 -11.0791 25982.4,1,2,2026,19,47,-201.401,25498.1,-04992.9,-110.791,25982.4
01 02 2026  19 48  -20.1402 25498.0 -04992.8 -11.0789 25982.2,1,2,2026,19,48,-201.402,25498.0,-04992.8,-110.789,25982.2
01 02 2026  19 49  -20.1405 25497.8 -04992.7 -11.0789 25982.0,1,2,2026,19,49,-201.405,25497.8,-04992.7,-110.789,25982.0
01 02 2026  19 50  -20.1408 25497.7 -04992.6 -11.0787 25981.8,1,2,2026,19,50,-201.408,25497.7,-04992.6,-110.787,25981.8
01 02 2026  19 51  -20.1410 25497.7 -04992.4 -11.0782 25981.9,1,2,2026,19,51,-201.410,25497.7,-04992.4,-110.782,25981.9
01 02 2026  19 52  -20.1412 25497.6 -04992.5 -11.0786 25981.8,1,2,2026,19,52,-201.412,25497.6,-04992.5,-110.786,25981.8
01 02 2026  19 53  -20.1414 25497.6 -04992.5 -11.0786 25981.7,1,2,2026,19,53,-201.414,25497.6,-04992.5,-110.786,25981.7
01 02 2026  19 54  -20.1417 25497.5 -04992.6 -11.0787 25981.7,1,2,2026,19,54,-201.417,25497.5,-04992.6,-110.787,25981.7
01 02 2026  19 55  -20.1419 25497.4 -04992.6 -11.0788 25981.6,1,2,2026,19,55,-201.419,25497.4,-04992.6,-110.788,25981.6
01 02 2026  19 56  -20.1422 25497.4 -04992.6 -11.0789 25981.6,1,2,2026,19,56,-201.422,25497.4,-04992.6,-110.789,25981.6
01 02 2026  19 57  -20.1423 25497.4 -04992.7 -11.0789 25981.6,1,2,2026,19,57,-201.423,25497.4,-04992.7,-110.789,25981.6
01 02 2026  19 58  -20.1427 25497.3 -04992.6 -11.0790 25981.5,1,2,2026,19,58,-201.427,25497.3,-04992.6,-110.790,25981.5
01 02 2026  19 59  -20.1429 25497.2 -04992.5 -11.0786 25981.4,1,2,2026,19,59,-201.429,25497.2,-04992.5,-110.786,25981.4
01 02 2026  20 00  -20.1431 25497.2 -04992.6 -11.0788 25981.4,1,2,2026,20,0,-201.431,25497.2,-04992.6,-110.788,25981.4
01 02 2026  20 01  -20.1434 25497.2 -04992.6 -11.0789 25981.4,1,2,2026,20,1,-201.434,25497.2,-04992.6,-110.789,25981.4
01 02 2026  20 02  -20.1437 25497.0 -04992.5 -11.0787 25981.2,1,2,2026,20,2,-201.437,25497.0,-04992.5,-110.787,25981.2
01 02 2026  20 03  -20.1440 25496.9 -04992.5 -11.0787 25981.1,1,2,2026,20,3,-201.440,25496.9,-04992.5,-110.787,25981.1
01 02 2026  20 04  -20.1442 25496.9 -04992.5 -11.0787 25981.1,1,2,2026,20,4,-201.442,25496.9,-04992.5,-110.787,25981.1
01 02 2026  20 05  -20.1443 25496.9 -04992.5 -11.0787 25981.1,1,2,2026,20,5,-201.443,25496.9,-04992.5,-110.787,25981.1
01 02 2026  20 06  -20.1445 25496.8 -04992.4 -11.0787 25981.0,1,2,2026,20,6,-201.445,25496.8,-04992.4,-110.787,25981.0
01 02 2026  20 07  -20.1448 25496.7 -04992.3 -11.0785 25980.9,1,2,2026,20,7,-201.448,25496.7,-04992.3,-110.785,25980.9
01 02 2026  20 08  -20.1451 25496.6 -04992.3 -11.0785 25980.8,1,2,2026,20,8,-201.451,25496.6,-04992.3,-110.785,25980.8
01 02 2026  20 09  -20.1454 25496.5 -04992.0 -11.0779 25980.6,1,2,2026,20,9,-201.454,25496.5,-04992.0,-110.779,25980.6
01 02 2026  20 10  -20.1455 25496.4 -04992.2 -11.0783 25980.5,1,2,2026,20,10,-201.455,25496.4,-04992.2,-110.783,25980.5
01 02 2026  20 11  -20.1457 25496.2 -04992.1 -11.0782 25980.3,1,2,2026,20,11,-201.457,25496.2,-04992.1,-110.782,25980.3
01 02 2026  20 12  -20.1458 25496.2 -04992.0 -11.0780 25980.3,1,2,2026,20,12,-201.458,25496.2,-04992.0,-110.780,25980.3
01 02 2026  20 13  -20.1460 25496.0 -04991.9 -11.0779 25980.1,1,2,2026,20,13,-201.460,25496.0,-04991.9,-110.779,25980.1
01 02 2026  20 14  -20.1461 25495.8 -04991.9 -11.0779 25979.9,1,2,2026,20,14,-201.461,25495.8,-04991.9,-110.779,25979.9
01 02 2026  20 15  -20.1462 25495.7 -04991.8 -11.0779 25979.8,1,2,2026,20,15,-201.462,25495.7,-04991.8,-110.779,25979.8
01 02 2026  20 16  -20.1464 25495.6 -04991.8 -11.0778 25979.6,1,2,2026,20,16,-201.464,25495.6,-04991.8,-110.778,25979.6
01 02 2026  20 17  -20.1465 25495.4 -04991.7 -11.0777 25979.5,1,2,2026,20,17,-201.465,25495.4,-04991.7,-110.777,25979.5
01 02 2026  20 18  -20.1466 25495.3 -04991.6 -11.0776 25979.3,1,2,2026,20,18,-201.466,25495.3,-04991.6,-110.776,25979.3
01 02 2026  20 19  -20.1467 25495.1 -04991.5 -11.0774 25979.2,1,2,2026,20,19,-201.467,25495.1,-04991.5,-110.774,25979.2
01 02 2026  20 20  -20.1468 25495.0 -04991.5 -11.0775 25979.0,1,2,2026,20,20,-201.468,25495.0,-04991.5,-110.775,25979.0
01 02 2026  20 21  -20.1468 25494.9 -04991.3 -11.0771 25978.9,1,2,2026,20,21,-201.468,25494.9,-04991.3,-110.771,25978.9
01 02 2026  20 22  -20.1468 25494.8 -04991.3 -11.0770 25978.8,1,2,2026,20,22,-201.468,25494.8,-04991.3,-110.770,25978.8
01 02 2026  20 23  -20.1469 25494.7 -04991.2 -11.0770 25978.7,1,2,2026,20,23,-201.469,25494.7,-04991.2,-110.770,25978.7
01 02 2026  20 24  -20.1468 25494.6 -04991.0 -11.0765 25978.6,1,2,2026,20,24,-201.468,25494.6,-04991.0,-110.765,25978.6
01 02 2026  20 25  -20.1468 25494.4 -04991.1 -11.0768 25978.4,1,2,2026,20,25,-201.468,25494.4,-04991.1,-110.768,25978.4
01 02 2026  20 26  -20.1468 25494.4 -04991.0 -11.0766 25978.3,1,2,2026,20,26,-201.468,25494.4,-04991.0,-110.766,25978.3
01 02 2026  20 27  -20.1466 25494.3 -04991.0 -11.0766 25978.3,1,2,2026,20,27,-201.466,25494.3,-04991.0,-110.766,25978.3
01 02 2026  20 28  -20.1465 25494.2 -04990.9 -11.0764 25978.1,1,2,2026,20,28,-201.465,25494.2,-04990.9,-110.764,25978.1
01 02 2026  20 29  -20.1465 25494.1 -04990.8 -11.0763 25978.0,1,2,2026,20,29,-201.465,25494.1,-04990.8,-110.763,25978.0
01 02 2026  20 30  -20.1463 25493.9 -04990.7 -11.0761 25977.8,1,2,2026,20,30,-201.463,25493.9,-04990.7,-110.761,25977.8
01 02 2026  20 31  -20.1462 25493.8 -04990.5 -11.0757 25977.6,1,2,2026,20,31,-201.462,25493.8,-04990.5,-110.757,25977.6
01 02 2026  20 32  -20.1461 25493.6 -04990.4 -11.0757 25977.5,1,2,2026,20,32,-201.461,25493.6,-04990.4,-110.757,25977.5
01 02 2026  20 33  -20.1460 25493.4 -04990.2 -11.0754 25977.2,1,2,2026,20,33,-201.460,25493.4,-04990.2,-110.754,25977.2
01 02 2026  20 34  -20.1461 25493.2 -04990.2 -11.0753 25977.0,1,2,2026,20,34,-201.461,25493.2,-04990.2,-110.753,25977.0
01 02 2026  20 35  -20.1461 25493.0 -04990.0 -11.0750 25976.8,1,2,2026,20,35,-201.461,25493.0,-04990.0,-110.750,25976.8
01 02 2026  20 36  -20.1461 25492.8 -04989.9 -11.0750 25976.5,1,2,2026,20,36,-201.461,25492.8,-04989.9,-110.750,25976.5
01 02 2026  20 37  -20.1460 25492.5 -04989.8 -11.0748 25976.3,1,2,2026,20,37,-201.460,25492.5,-04989.8,-110.748,25976.3
01 02 2026  20 38  -20.1459 25492.3 -04989.7 -11.0746 25976.0,1,2,2026,20,38,-201.459,25492.3,-04989.7,-110.746,25976.0
01 02 2026  20 39  -20.1459 25492.1 -04989.6 -11.0746 25975.9,1,2,2026,20,39,-201.459,25492.1,-04989.6,-110.746,25975.9
01 02 2026  20 40  -20.1459 25491.9 -04989.5 -11.0744 25975.6,1,2,2026,20,40,-201.459,25491.9,-04989.5,-110.744,25975.6
01 02 2026  20 41  -20.1459 25491.7 -04989.6 -11.0747 25975.5,1,2,2026,20,41,-201.459,25491.7,-04989.6,-110.747,25975.5
01 02 2026  20 42  -20.1459 25491.5 -04989.6 -11.0748 25975.3,1,2,2026,20,42,-201.459,25491.5,-04989.6,-110.748,25975.3
01 02 2026  20 43  -20.1457 25491.4 -04989.5 -11.0747 25975.1,1,2,2026,20,43,-201.457,25491.4,-04989.5,-110.747,25975.1
01 02 2026  20 44  -20.1457 25491.2 -04989.6 -11.0748 25975.0,1,2,2026,20,44,-201.457,25491.2,-04989.6,-110.748,25975.0
01 02 2026  20 45  -20.1456 25491.1 -04989.5 -11.0748 25974.9,1,2,2026,20,45,-201.456,25491.1,-04989.5,-110.748,25974.9
01 02 2026  20 46  -20.1456 25491.0 -04989.4 -11.0746 25974.7,1,2,2026,20,46,-201.456,25491.0,-04989.4,-110.746,25974.7
01 02 2026  20 47  -20.1455 25490.8 -04989.5 -11.0749 25974.5,1,2,2026,20,47,-201.455,25490.8,-04989.5,-110.749,25974.5
01 02 2026  20 48  -20.1454 25490.7 -04989.6 -11.0750 25974.4,1,2,2026,20,48,-201.454,25490.7,-04989.6,-110.750,25974.4
01 02 2026  20 49  -20.1452 25490.5 -04989.5 -11.0751 25974.2,1,2,2026,20,49,-201.452,25490.5,-04989.5,-110.751,25974.2
01 02 2026  20 50  -20.1449 25490.4 -04989.5 -11.0751 25974.1,1,2,2026,20,50,-201.449,25490.4,-04989.5,-110.751,25974.1
01 02 2026  20 51  -20.1449 25490.1 -04989.6 -11.0753 25973.9,1,2,2026,20,51,-201.449,25490.1,-04989.6,-110.753,25973.9
01 02 2026  20 52  -20.1447 25489.9 -04989.6 -11.0755 25973.7,1,2,2026,20,52,-201.447,25489.9,-04989.6,-110.755,25973.7
01 02 2026  20 53  -20.1446 25489.7 -04989.6 -11.0754 25973.5,1,2,2026,20,53,-201.446,25489.7,-04989.6,-110.754,25973.5
01 02 2026  20 54  -20.1445 25489.5 -04989.6 -11.0756 25973.3,1,2,2026,20,54,-201.445,25489.5,-04989.6,-110.756,25973.3
01 02 2026  20 55  -20.1443 25489.3 -04989.7 -11.0759 25973.1,1,2,2026,20,55,-201.443,25489.3,-04989.7,-110.759,25973.1
01 02 2026  20 56  -20.1442 25489.2 -04989.6 -11.0759 25973.0,1,2,2026,20,56,-201.442,25489.2,-04989.6,-110.759,25973.0
01 02 2026  20 57  -20.1440 25488.9 -04989.5 -11.0758 25972.7,1,2,2026,20,57,-201.440,25488.9,-04989.5,-110.758,25972.7
01 02 2026  20 58  -20.1438 25488.7 -04989.7 -11.0762 25972.5,1,2,2026,20,58,-201.438,25488.7,-04989.7,-110.762,25972.5
01 02 2026  20 59  -20.1436 25488.5 -04989.8 -11.0764 25972.3,1,2,2026,20,59,-201.436,25488.5,-04989.8,-110.764,25972.3
01 02 2026  21 00  -20.1434 25488.3 -04989.8 -11.0766 25972.1,1,2,2026,21,0,-201.434,25488.3,-04989.8,-110.766,25972.1
01 02 2026  21 01  -20.1433 25488.1 -04989.9 -11.0768 25972.0,1,2,2026,21,1,-201.433,25488.1,-04989.9,-110.768,25972.0
01 02 2026  21 02  -20.1430 25487.9 -04989.9 -11.0769 25971.7,1,2,2026,21,2,-201.430,25487.9,-04989.9,-110.769,25971.7
01 02 2026  21 03  -20.1429 25487.8 -04989.9 -11.0771 25971.6,1,2,2026,21,3,-201.429,25487.8,-04989.9,-110.771,25971.6
01 02 2026  21 04  -20.1426 25487.6 -04990.0 -11.0774 25971.5,1,2,2026,21,4,-201.426,25487.6,-04990.0,-110.774,25971.5
01 02 2026  21 05  -20.1424 25487.5 -04990.1 -11.0775 25971.4,1,2,2026,21,5,-201.424,25487.5,-04990.1,-110.775,25971.4
01 02 2026  21 06  -20.1421 25487.3 -04990.2 -11.0778 25971.2,1,2,2026,21,6,-201.421,25487.3,-04990.2,-110.778,25971.2
01 02 2026  21 07  -20.1419 25487.2 -04990.2 -11.0780 25971.1,1,2,2026,21,7,-201.419,25487.2,-04990.2,-110.780,25971.1
01 02 2026  21 08  -20.1416 25487.0 -04990.3 -11.0783 25970.9,1,2,2026,21,8,-201.416,25487.0,-04990.3,-110.783,25970.9
01 02 2026  21 09  -20.1414 25486.8 -04990.5 -11.0787 25970.8,1,2,2026,21,9,-201.414,25486.8,-04990.5,-110.787,25970.8
01 02 2026  21 10  -20.1411 25486.7 -04990.6 -11.0790 25970.7,1,2,2026,21,10,-201.411,25486.7,-04990.6,-110.790,25970.7
01 02 2026  21 11  -20.1408 25486.5 -04990.6 -11.0791 25970.5,1,2,2026,21,11,-201.408,25486.5,-04990.6,-110.791,25970.5
01 02 2026  21 12  -20.1405 25486.3 -04990.7 -11.0795 25970.4,1,2,2026,21,12,-201.405,25486.3,-04990.7,-110.795,25970.4
01 02 2026  21 13  -20.1402 25486.2 -04990.9 -11.0798 25970.2,1,2,2026,21,13,-201.402,25486.2,-04990.9,-110.798,25970.2
01 02 2026  21 14  -20.1399 25486.0 -04991.0 -11.0801 25970.1,1,2,2026,21,14,-201.399,25486.0,-04991.0,-110.801,25970.1
01 02 2026  21 15  -20.1397 25485.9 -04991.2 -11.0806 25970.0,1,2,2026,21,15,-201.397,25485.9,-04991.2,-110.806,25970.0
01 02 2026  21 16  -20.1394 25485.7 -04991.3 -11.0809 25969.9,1,2,2026,21,16,-201.394,25485.7,-04991.3,-110.809,25969.9
01 02 2026  21 17  -20.1392 25485.6 -04991.5 -11.0814 25969.8,1,2,2026,21,17,-201.392,25485.6,-04991.5,-110.814,25969.8
01 02 2026  21 18  -20.1389 25485.5 -04991.6 -11.0817 25969.7,1,2,2026,21,18,-201.389,25485.5,-04991.6,-110.817,25969.7
01 02 2026  21 19  -20.1387 25485.3 -04991.8 -11.0821 25969.6,1,2,2026,21,19,-201.387,25485.3,-04991.8,-110.821,25969.6
01 02 2026  21 20  -20.1385 25485.1 -04992.0 -11.0827 25969.4,1,2,2026,21,20,-201.385,25485.1,-04992.0,-110.827,25969.4
01 02 2026  21 21  -20.1383 25484.8 -04992.0 -11.0827 25969.1,1,2,2026,21,21,-201.383,25484.8,-04992.0,-110.827,25969.1
01 02 2026  21 22  -20.1382 25484.5 -04991.9 -11.0828 25968.8,1,2,2026,21,22,-201.382,25484.5,-04991.9,-110.828,25968.8
01 02 2026  21 23  -20.1380 25484.1 -04992.1 -11.0834 25968.5,1,2,2026,21,23,-201.380,25484.1,-04992.1,-110.834,25968.5
01 02 2026  21 24  -20.1380 25483.6 -04992.3 -11.0839 25968.0,1,2,2026,21,24,-201.380,25483.6,-04992.3,-110.839,25968.0
01 02 2026  21 25  -20.1379 25483.3 -04992.4 -11.0843 25967.7,1,2,2026,21,25,-201.379,25483.3,-04992.4,-110.843,25967.7
01 02 2026  21 26  -20.1378 25483.0 -04992.4 -11.0845 25967.4,1,2,2026,21,26,-201.378,25483.0,-04992.4,-110.845,25967.4
01 02 2026  21 27  -20.1376 25482.8 -04992.6 -11.0850 25967.2,1,2,2026,21,27,-201.376,25482.8,-04992.6,-110.850,25967.2
01 02 2026  21 28  -20.1374 25482.6 -04992.8 -11.0854 25967.1,1,2,2026,21,28,-201.374,25482.6,-04992.8,-110.854,25967.1
01 02 2026  21 29  -20.1373 25482.4 -04992.9 -11.0858 25967.0,1,2,2026,21,29,-201.373,25482.4,-04992.9,-110.858,25967.0
01 02 2026  21 30  -20.1372 25482.3 -04993.1 -11.0862 25966.8,1,2,2026,21,30,-201.372,25482.3,-04993.1,-110.862,25966.8
01 02 2026  21 31  -20.1370 25482.2 -04993.3 -11.0869 25966.8,1,2,2026,21,31,-201.370,25482.2,-04993.3,-110.869,25966.8
01 02 2026  21 32  -20.1369 25481.9 -04993.4 -11.0872 25966.5,1,2,2026,21,32,-201.369,25481.9,-04993.4,-110.872,25966.5
01 02 2026  21 33  -20.1367 25481.7 -04993.5 -11.0874 25966.3,1,2,2026,21,33,-201.367,25481.7,-04993.5,-110.874,25966.3
01 02 2026  21 34  -20.1366 25481.4 -04993.6 -11.0877 25966.1,1,2,2026,21,34,-201.366,25481.4,-04993.6,-110.877,25966.1
01 02 2026  21 35  -20.1365 25481.1 -04993.7 -11.0881 25965.8,1,2,2026,21,35,-201.365,25481.1,-04993.7,-110.881,25965.8
01 02 2026  21 36  -20.1364 25480.9 -04993.7 -11.0882 25965.6,1,2,2026,21,36,-201.364,25480.9,-04993.7,-110.882,25965.6
01 02 2026  21 37  -20.1363 25480.5 -04993.8 -11.0885 25965.3,1,2,2026,21,37,-201.363,25480.5,-04993.8,-110.885,25965.3
01 02 2026  21 38  -20.1361 25480.3 -04993.8 -11.0886 25965.0,1,2,2026,21,38,-201.361,25480.3,-04993.8,-110.886,25965.0
01 02 2026  21 39  -20.1359 25480.0 -04993.8 -11.0888 25964.8,1,2,2026,21,39,-201.359,25480.0,-04993.8,-110.888,25964.8
01 02 2026  21 40  -20.1358 25479.7 -04993.8 -11.0888 25964.4,1,2,2026,21,40,-201.358,25479.7,-04993.8,-110.888,25964.4
01 02 2026  21 41  -20.1356 25479.4 -04993.9 -11.0891 25964.2,1,2,2026,21,41,-201.356,25479.4,-04993.9,-110.891,25964.2
01 02 2026  21 42  -20.1355 25479.1 -04993.9 -11.0893 25963.9,1,2,2026,21,42,-201.355,25479.1,-04993.9,-110.893,25963.9
01 02 2026  21 43  -20.1354 25478.9 -04994.0 -11.0897 25963.8,1,2,2026,21,43,-201.354,25478.9,-04994.0,-110.897,25963.8
01 02 2026  21 44  -20.1352 25478.7 -04994.0 -11.0898 25963.6,1,2,2026,21,44,-201.352,25478.7,-04994.0,-110.898,25963.6
01 02 2026  21 45  -20.1350 25478.6 -04994.1 -11.0901 25963.4,1,2,2026,21,45,-201.350,25478.6,-04994.1,-110.901,25963.4
01 02 2026  21 46  -20.1349 25478.4 -04994.3 -11.0905 25963.3,1,2,2026,21,46,-201.349,25478.4,-04994.3,-110.905,25963.3
01 02 2026  21 47  -20.1347 25478.3 -04994.4 -11.0908 25963.2,1,2,2026,21,47,-201.347,25478.3,-04994.4,-110.908,25963.2
01 02 2026  21 48  -20.1346 25478.2 -04994.5 -11.0912 25963.1,1,2,2026,21,48,-201.346,25478.2,-04994.5,-110.912,25963.1
01 02 2026  21 49  -20.1343 25478.1 -04994.7 -11.0915 25963.1,1,2,2026,21,49,-201.343,25478.1,-04994.7,-110.915,25963.1
01 02 2026  21 50  -20.1342 25478.0 -04994.8 -11.0917 25963.0,1,2,2026,21,50,-201.342,25478.0,-04994.8,-110.917,25963.0
01 02 2026  21 51  -20.1341 25477.9 -04995.0 -11.0922 25962.9,1,2,2026,21,51,-201.341,25477.9,-04995.0,-110.922,25962.9
01 02 2026  21 52  -20.1339 25477.6 -04994.9 -11.0922 25962.7,1,2,2026,21,52,-201.339,25477.6,-04994.9,-110.922,25962.7
01 02 2026  21 53  -20.1338 25477.5 -04995.0 -11.0925 25962.6,1,2,2026,21,53,-201.338,25477.5,-04995.0,-110.925,25962.6
01 02 2026  21 54  -20.1338 25477.3 -04995.1 -11.0926 25962.4,1,2,2026,21,54,-201.338,25477.3,-04995.1,-110.926,25962.4
01 02 2026  21 55  -20.1337 25477.2 -04995.2 -11.0929 25962.3,1,2,2026,21,55,-201.337,25477.2,-04995.2,-110.929,25962.3
01 02 2026  21 56  -20.1336 25477.1 -04995.2 -11.0931 25962.2,1,2,2026,21,56,-201.336,25477.1,-04995.2,-110.931,25962.2
01 02 2026  21 57  -20.1335 25477.1 -04995.4 -11.0934 25962.2,1,2,2026,21,57,-201.335,25477.1,-04995.4,-110.934,25962.2
01 02 2026  21 58  -20.1334 25476.9 -04995.4 -11.0935 25962.0,1,2,2026,21,58,-201.334,25476.9,-04995.4,-110.935,25962.0
01 02 2026  21 59  -20.1333 25476.8 -04995.5 -11.0938 25961.9,1,2,2026,21,59,-201.333,25476.8,-04995.5,-110.938,25961.9
01 02 2026  22 00  -20.1331 25476.8 -04995.6 -11.0940 25961.9,1,2,2026,22,0,-201.331,25476.8,-04995.6,-110.940,25961.9
01 02 2026  22 01  -20.1330 25476.6 -04995.7 -11.0943 25961.8,1,2,2026,22,1,-201.330,25476.6,-04995.7,-110.943,25961.8
01 02 2026  22 02  -20.1328 25476.5 -04995.7 -11.0944 25961.7,1,2,2026,22,2,-201.328,25476.5,-04995.7,-110.944,25961.7
01 02 2026  22 03  -20.1326 25476.4 -04995.9 -11.0948 25961.7,1,2,2026,22,3,-201.326,25476.4,-04995.9,-110.948,25961.7
01 02 2026  22 04  -20.1325 25476.5 -04996.0 -11.0950 25961.7,1,2,2026,22,4,-201.325,25476.5,-04996.0,-110.950,25961.7
01 02 2026  22 05  -20.1324 25476.5 -04996.1 -11.0953 25961.8,1,2,2026,22,5,-201.324,25476.5,-04996.1,-110.953,25961.8
01 02 2026  22 06  -20.1327 25476.5 -04996.2 -11.0955 25961.8,1,2,2026,22,6,-201.327,25476.5,-04996.2,-110.955,25961.8
01 02 2026  22 07  -20.1322 25476.4 -04996.3 -11.0957 25961.7,1,2,2026,22,7,-201.322,25476.4,-04996.3,-110.957,25961.7
01 02 2026  22 08  -20.1320 25476.4 -04996.4 -11.0958 25961.7,1,2,2026,22,8,-201.320,25476.4,-04996.4,-110.958,25961.7
01 02 2026  22 09  -20.1319 25476.3 -04996.4 -11.0959 25961.6,1,2,2026,22,9,-201.319,25476.3,-04996.4,-110.959,25961.6
01 02 2026  22 10  -20.1318 25476.1 -04996.5 -11.0962 25961.5,1,2,2026,22,10,-201.318,25476.1,-04996.5,-110.962,25961.5
01 02 2026  22 11  -20.1317 25476.0 -04996.4 -11.0962 25961.3,1,2,2026,22,11,-201.317,25476.0,-04996.4,-110.962,25961.3
01 02 2026  22 12  -20.1317 25475.9 -04996.6 -11.0965 25961.2,1,2,2026,22,12,-201.317,25475.9,-04996.6,-110.965,25961.2
01 02 2026  22 13  -20.1316 25475.6 -04996.5 -11.0964 25961.0,1,2,2026,22,13,-201.316,25475.6,-04996.5,-110.964,25961.0
01 02 2026  22 14  -20.1315 25475.4 -04996.5 -11.0965 25960.7,1,2,2026,22,14,-201.315,25475.4,-04996.5,-110.965,25960.7
01 02 2026  22 15  -20.1314 25475.2 -04996.4 -11.0965 25960.5,1,2,2026,22,15,-201.314,25475.2,-04996.4,-110.965,25960.5
01 02 2026  22 16  -20.1314 25475.0 -04996.4 -11.0966 25960.3,1,2,2026,22,16,-201.314,25475.0,-04996.4,-110.966,25960.3
01 02 2026  22 17  -20.1314 25474.9 -04996.4 -11.0966 25960.2,1,2,2026,22,17,-201.314,25474.9,-04996.4,-110.966,25960.2
01 02 2026  22 18  -20.1314 25474.7 -04996.4 -11.0967 25960.1,1,2,2026,22,18,-201.314,25474.7,-04996.4,-110.967,25960.1
01 02 2026  22 19  -20.1314 25474.5 -04996.4 -11.0968 25959.9,1,2,2026,22,19,-201.314,25474.5,-04996.4,-110.968,25959.9
01 02 2026  22 20  -20.1314 25474.3 -04996.4 -11.0968 25959.6,1,2,2026,22,20,-201.314,25474.3,-04996.4,-110.968,25959.6
01 02 2026  22 21  -20.1315 25474.1 -04996.3 -11.0967 25959.5,1,2,2026,22,21,-201.315,25474.1,-04996.3,-110.967,25959.5
01 02 2026  22 22  -20.1314 25473.9 -04996.4 -11.0969 25959.3,1,2,2026,22,22,-201.314,25473.9,-04996.4,-110.969,25959.3
01 02 2026  22 23  -20.1313 25473.7 -04996.4 -11.0970 25959.1,1,2,2026,22,23,-201.313,25473.7,-04996.4,-110.970,25959.1
01 02 2026  22 24  -20.1312 25473.7 -04996.4 -11.0971 25959.0,1,2,2026,22,24,-201.312,25473.7,-04996.4,-110.971,25959.0
01 02 2026  22 25  -20.1312 25473.7 -04996.5 -11.0974 25959.1,1,2,2026,22,25,-201.312,25473.7,-04996.5,-110.974,25959.1
01 02 2026  22 26  -20.1310 25473.8 -04996.6 -11.0976 25959.2,1,2,2026,22,26,-201.310,25473.8,-04996.6,-110.976,25959.2
01 02 2026  22 27  -20.1309 25473.8 -04996.7 -11.0978 25959.3,1,2,2026,22,27,-201.309,25473.8,-04996.7,-110.978,25959.3
01 02 2026  22 28  -20.1309 25473.9 -04996.9 -11.0980 25959.3,1,2,2026,22,28,-201.309,25473.9,-04996.9,-110.980,25959.3
01 02 2026  22 29  -20.1309 25473.9 -04996.9 -11.0981 25959.4,1,2,2026,22,29,-201.309,25473.9,-04996.9,-110.981,25959.4
01 02 2026  22 30  -20.1309 25473.9 -04997.0 -11.0983 25959.4,1,2,2026,22,30,-201.309,25473.9,-04997.0,-110.983,25959.4
01 02 2026  22 31  -20.1310 25474.0 -04997.1 -11.0985 25959.5,1,2,2026,22,31,-201.310,25474.0,-04997.1,-110.985,25959.5
01 02 2026  22 32  -20.1311 25474.1 -04997.2 -11.0986 25959.6,1,2,2026,22,32,-201.311,25474.1,-04997.2,-110.986,25959.6
01 02 2026  22 33  -20.1311 25474.2 -04997.4 -11.0989 25959.7,1,2,2026,22,33,-201.311,25474.2,-04997.4,-110.989,25959.7
01 02 2026  22 34  -20.1310 25474.4 -04997.4 -11.0990 25959.9,1,2,2026,22,34,-201.310,25474.4,-04997.4,-110.990,25959.9
01 02 2026  22 35  -20.1309 25474.5 -04997.5 -11.0991 25960.1,1,2,2026,22,35,-201.309,25474.5,-04997.5,-110.991,25960.1
01 02 2026  22 36  -20.1308 25474.7 -04997.7 -11.0994 25960.3,1,2,2026,22,36,-201.308,25474.7,-04997.7,-110.994,25960.3
01 02 2026  22 37  -20.1307 25474.8 -04997.8 -11.0996 25960.4,1,2,2026,22,37,-201.307,25474.8,-04997.8,-110.996,25960.4
01 02 2026  22 38  -20.1305 25474.8 -04997.8 -11.0997 25960.5,1,2,2026,22,38,-201.305,25474.8,-04997.8,-110.997,25960.5
01 02 2026  22 39  -20.1304 25474.9 -04997.9 -11.0999 25960.5,1,2,2026,22,39,-201.304,25474.9,-04997.9,-110.999,25960.5
01 02 2026  22 40  -20.1305 25474.8 -04998.0 -11.1001 25960.4,1,2,2026,22,40,-201.305,25474.8,-04998.0,-111.001,25960.4
01 02 2026  22 41  -20.1306 25474.5 -04997.8 -11.0998 25960.1,1,2,2026,22,41,-201.306,25474.5,-04997.8,-110.998,25960.1
01 02 2026  22 42  -20.1307 25474.2 -04997.7 -11.0998 25959.8,1,2,2026,22,42,-201.307,25474.2,-04997.7,-110.998,25959.8
01 02 2026  22 43  -20.1309 25473.8 -04997.5 -11.0994 25959.4,1,2,2026,22,43,-201.309,25473.8,-04997.5,-110.994,25959.4
01 02 2026  22 44  -20.1311 25473.1 -04997.2 -11.0991 25958.6,1,2,2026,22,44,-201.311,25473.1,-04997.2,-110.991,25958.6
01 02 2026  22 45  -20.1312 25472.5 -04996.9 -11.0986 25958.0,1,2,2026,22,45,-201.312,25472.5,-04996.9,-110.986,25958.0
01 02 2026  22 46  -20.1312 25472.1 -04996.6 -11.0982 25957.5,1,2,2026,22,46,-201.312,25472.1,-04996.6,-110.982,25957.5
01 02 2026  22 47  -20.1314 25471.7 -04996.5 -11.0981 25957.2,1,2,2026,22,47,-201.314,25471.7,-04996.5,-110.981,25957.2
01 02 2026  22 48  -20.1315 25471.4 -04996.4 -11.0981 25956.8,1,2,2026,22,48,-201.315,25471.4,-04996.4,-110.981,25956.8
01 02 2026  22 49  -20.1316 25471.1 -04996.4 -11.0981 25956.5,1,2,2026,22,49,-201.316,25471.1,-04996.4,-110.981,25956.5
01 02 2026  22 50  -20.1318 25470.9 -04996.3 -11.0981 25956.3,1,2,2026,22,50,-201.318,25470.9,-04996.3,-110.981,25956.3
01 02 2026  22 51  -20.1319 25470.7 -04996.3 -11.0982 25956.1,1,2,2026,22,51,-201.319,25470.7,-04996.3,-110.982,25956.1
01 02 2026  22 52  -20.1319 25470.4 -04996.3 -11.0981 25955.9,1,2,2026,22,52,-201.319,25470.4,-04996.3,-110.981,25955.9
01 02 2026  22 53  -20.1319 25470.2 -04996.2 -11.0981 25955.6,1,2,2026,22,53,-201.319,25470.2,-04996.2,-110.981,25955.6
01 02 2026  22 54  -20.1318 25469.9 -04996.1 -11.0981 25955.3,1,2,2026,22,54,-201.318,25469.9,-04996.1,-110.981,25955.3
01 02 2026  22 55  -20.1318 25469.8 -04996.2 -11.0982 25955.2,1,2,2026,22,55,-201.318,25469.8,-04996.2,-110.982,25955.2
01 02 2026  22 56  -20.1318 25469.6 -04996.2 -11.0984 25955.0,1,2,2026,22,56,-201.318,25469.6,-04996.2,-110.984,25955.0
01 02 2026  22 57  -20.1318 25469.5 -04996.2 -11.0985 25955.0,1,2,2026,22,57,-201.318,25469.5,-04996.2,-110.985,25955.0
01 02 2026  22 58  -20.1319 25469.5 -04996.3 -11.0987 25954.9,1,2,2026,22,58,-201.319,25469.5,-04996.3,-110.987,25954.9
01 02 2026  22 59  -20.1317 25469.4 -04996.4 -11.0988 25954.8,1,2,2026,22,59,-201.317,25469.4,-04996.4,-110.988,25954.8
01 02 2026  23 00  -20.1317 25469.2 -04996.3 -11.0989 25954.6,1,2,2026,23,0,-201.317,25469.2,-04996.3,-110.989,25954.6
01 02 2026  23 01  -20.1315 25469.1 -04996.4 -11.0990 25954.5,1,2,2026,23,1,-201.315,25469.1,-04996.4,-110.990,25954.5
01 02 2026  23 02  -20.1312 25468.9 -04996.4 -11.0990 25954.4,1,2,2026,23,2,-201.312,25468.9,-04996.4,-110.990,25954.4
01 02 2026  23 03  -20.1311 25468.8 -04996.4 -11.0993 25954.2,1,2,2026,23,3,-201.311,25468.8,-04996.4,-110.993,25954.2
01 02 2026  23 04  -20.1309 25468.6 -04996.4 -11.0993 25954.1,1,2,2026,23,4,-201.309,25468.6,-04996.4,-110.993,25954.1
01 02 2026  23 05  -20.1308 25468.5 -04996.4 -11.0994 25954.0,1,2,2026,23,5,-201.308,25468.5,-04996.4,-110.994,25954.0
01 02 2026  23 06  -20.1307 25468.4 -04996.6 -11.0996 25953.9,1,2,2026,23,6,-201.307,25468.4,-04996.6,-110.996,25953.9
01 02 2026  23 07  -20.1305 25468.3 -04996.6 -11.0998 25953.8,1,2,2026,23,7,-201.305,25468.3,-04996.6,-110.998,25953.8
01 02 2026  23 08  -20.1304 25468.2 -04996.6 -11.0998 25953.7,1,2,2026,23,8,-201.304,25468.2,-04996.6,-110.998,25953.7
01 02 2026  23 09  -20.1302 25468.1 -04996.6 -11.0998 25953.6,1,2,2026,23,9,-201.302,25468.1,-04996.6,-110.998,25953.6
01 02 2026  23 10  -20.1301 25468.0 -04996.5 -11.0998 25953.5,1,2,2026,23,10,-201.301,25468.0,-04996.5,-110.998,25953.5
01 02 2026  23 11  -20.1300 25467.9 -04996.6 -11.1000 25953.5,1,2,2026,23,11,-201.300,25467.9,-04996.6,-111.000,25953.5
01 02 2026  23 12  -20.1299 25468.0 -04996.7 -11.1001 25953.6,1,2,2026,23,12,-201.299,25468.0,-04996.7,-111.001,25953.6
01 02 2026  23 13  -20.1298 25468.1 -04997.0 -11.1007 25953.7,1,2,2026,23,13,-201.298,25468.1,-04997.0,-111.007,25953.7
01 02 2026  23 14  -20.1297 25468.1 -04997.1 -11.1009 25953.7,1,2,2026,23,14,-201.297,25468.1,-04997.1,-111.009,25953.7
01 02 2026  23 15  -20.1296 25468.1 -04997.2 -11.1012 25953.8,1,2,2026,23,15,-201.296,25468.1,-04997.2,-111.012,25953.8
01 02 2026  23 16  -20.1295 25468.2 -04997.3 -11.1014 25953.9,1,2,2026,23,16,-201.295,25468.2,-04997.3,-111.014,25953.9
01 02 2026  23 17  -20.1296 25468.2 -04997.4 -11.1015 25953.8,1,2,2026,23,17,-201.296,25468.2,-04997.4,-111.015,25953.8
01 02 2026  23 18  -20.1295 25468.1 -04997.4 -11.1016 25953.8,1,2,2026,23,18,-201.295,25468.1,-04997.4,-111.016,25953.8
01 02 2026  23 19  -20.1296 25467.9 -04997.3 -11.1015 25953.6,1,2,2026,23,19,-201.296,25467.9,-04997.3,-111.015,25953.6
01 02 2026  23 20  -20.1298 25467.8 -04997.3 -11.1015 25953.4,1,2,2026,23,20,-201.298,25467.8,-04997.3,-111.015,25953.4
01 02 2026  23 21  -20.1300 25467.6 -04997.2 -11.1015 25953.2,1,2,2026,23,21,-201.300,25467.6,-04997.2,-111.015,25953.2
01 02 2026  23 22  -20.1301 25467.3 -04997.1 -11.1013 25953.0,1,2,2026,23,22,-201.301,25467.3,-04997.1,-111.013,25953.0
01 02 2026  23 23  -20.1302 25467.2 -04997.1 -11.1013 25952.8,1,2,2026,23,23,-201.302,25467.2,-04997.1,-111.013,25952.8
01 02 2026  23 24  -20.1304 25467.2 -04997.1 -11.1014 25952.8,1,2,2026,23,24,-201.304,25467.2,-04997.1,-111.014,25952.8
01 02 2026  23 25  -20.1307 25467.1 -04997.1 -11.1014 25952.7,1,2,2026,23,25,-201.307,25467.1,-04997.1,-111.014,25952.7
01 02 2026  23 26  -20.1307 25467.1 -04997.0 -11.1012 25952.7,1,2,2026,23,26,-201.307,25467.1,-04997.0,-111.012,25952.7
01 02 2026  23 27  -20.1306 25467.1 -04997.1 -11.1013 25952.7,1,2,2026,23,27,-201.306,25467.1,-04997.1,-111.013,25952.7
01 02 2026  23 28  -20.1303 25467.1 -04997.1 -11.1015 25952.8,1,2,2026,23,28,-201.303,25467.1,-04997.1,-111.015,25952.8
01 02 2026  23 29  -20.1299 25467.2 -04997.1 -11.1013 25952.9,1,2,2026,23,29,-201.299,25467.2,-04997.1,-111.013,25952.9
01 02 2026  23 30  -20.1295 25467.5 -04997.2 -11.1014 25953.1,1,2,2026,23,30,-201.295,25467.5,-04997.2,-111.014,25953.1
01 02 2026  23 31  -20.1294 25467.6 -04997.4 -11.1018 25953.2,1,2,2026,23,31,-201.294,25467.6,-04997.4,-111.018,25953.2
01 02 2026  23 32  -20.1294 25467.8 -04997.5 -11.1020 25953.5,1,2,2026,23,32,-201.294,25467.8,-04997.5,-111.020,25953.5
01 02 2026  23 33  -20.1294 25467.8 -04997.6 -11.1022 25953.5,1,2,2026,23,33,-201.294,25467.8,-04997.6,-111.022,25953.5
01 02 2026  23 34  -20.1295 25467.9 -04997.7 -11.1024 25953.6,1,2,2026,23,34,-201.295,25467.9,-04997.7,-111.024,25953.6
01 02 2026  23 35  -20.1296 25468.0 -04997.7 -11.1024 25953.7,1,2,2026,23,35,-201.296,25468.0,-04997.7,-111.024,25953.7
01 02 2026  23 36  -20.1299 25467.9 -04997.8 -11.1025 25953.6,1,2,2026,23,36,-201.299,25467.9,-04997.8,-111.025,25953.6
01 02 2026  23 37  -20.1303 25467.8 -04997.7 -11.1025 25953.5,1,2,2026,23,37,-201.303,25467.8,-04997.7,-111.025,25953.5
01 02 2026  23 38  -20.1306 25467.5 -04997.6 -11.1023 25953.2,1,2,2026,23,38,-201.306,25467.5,-04997.6,-111.023,25953.2
01 02 2026  23 39  -20.1307 25467.2 -04997.4 -11.1019 25952.9,1,2,2026,23,39,-201.307,25467.2,-04997.4,-111.019,25952.9
01 02 2026  23 40  -20.1307 25467.0 -04997.2 -11.1017 25952.7,1,2,2026,23,40,-201.307,25467.0,-04997.2,-111.017,25952.7
01 02 2026  23 41  -20.1307 25467.0 -04997.1 -11.1014 25952.6,1,2,2026,23,41,-201.307,25467.0,-04997.1,-111.014,25952.6
01 02 2026  23 42  -20.1307 25467.0 -04997.1 -11.1014 25952.6,1,2,2026,23,42,-201.307,25467.0,-04997.1,-111.014,25952.6
01 02 2026  23 43  -20.1307 25467.2 -04997.2 -11.1016 25952.8,1,2,2026,23,43,-201.307,25467.2,-04997.2,-111.016,25952.8
01 02 2026  23 44  -20.1309 25467.1 -04997.2 -11.1016 25952.8,1,2,2026,23,44,-201.309,25467.1,-04997.2,-111.016,25952.8
01 02 2026  23 45  -20.1310 25467.0 -04997.2 -11.1016 25952.7,1,2,2026,23,45,-201.310,25467.0,-04997.2,-111.016,25952.7
01 02 2026  23 46  -20.1311 25466.8 -04997.1 -11.1014 25952.5,1,2,2026,23,46,-201.311,25466.8,-04997.1,-111.014,25952.5
01 02 2026  23 47  -20.1314 25466.8 -04997.0 -11.1014 25952.4,1,2,2026,23,47,-201.314,25466.8,-04997.0,-111.014,25952.4
01 02 2026  23 48  -20.1316 25466.7 -04997.0 -11.1013 25952.3,1,2,2026,23,48,-201.316,25466.7,-04997.0,-111.013,25952.3
01 02 2026  23 49  -20.1319 25466.3 -04996.8 -11.1011 25951.9,1,2,2026,23,49,-201.319,25466.3,-04996.8,-111.011,25951.9
01 02 2026  23 50  -20.1321 25466.0 -04996.6 -11.1007 25951.5,1,2,2026,23,50,-201.321,25466.0,-04996.6,-111.007,25951.5
01 02 2026  23 51  -20.1322 25465.7 -04996.4 -11.1004 25951.2,1,2,2026,23,51,-201.322,25465.7,-04996.4,-111.004,25951.2
01 02 2026  23 52  -20.1325 25465.6 -04996.4 -11.1004 25951.1,1,2,2026,23,52,-201.325,25465.6,-04996.4,-111.004,25951.1
01 02 2026  23 53  -20.1328 25465.5 -04996.3 -11.1003 25951.0,1,2,2026,23,53,-201.328,25465.5,-04996.3,-111.003,25951.0
01 02 2026  23 54  -20.1330 25465.5 -04996.3 -11.1003 25951.0,1,2,2026,23,54,-201.330,25465.5,-04996.3,-111.003,25951.0
01 02 2026  23 55  -20.1332 25465.4 -04996.3 -11.1003 25950.9,1,2,2026,23,55,-201.332,25465.4,-04996.3,-111.003,25950.9
01 02 2026  23 56  -20.1335 25465.2 -04996.2 -11.1002 25950.6,1,2,2026,23,56,-201.335,25465.2,-04996.2,-111.002,25950.6
01 02 2026  23 57  -20.1336 25465.2 -04996.2 -11.1003 25950.7,1,2,2026,23,57,-201.336,25465.2,-04996.2,-111.003,25950.7
01 02 2026  23 58  -20.1337 25465.3 -04996.2 -11.1003 25950.8,1,2,2026,23,58,-201.337,25465.3,-04996.2,-111.003,25950.8
01 02 2026  23 59  -20.1340 25465.3 -04996.2 -11.1001 25950.8,1,2,2026,23,59,-201.340,25465.3,-04996.2,-111.001,25950.8
01 01 2026  00 00  -20.1228 25490.7 -04982.4 -11.0595 25973.1,1,1,2026,0,0,-201.228,25490.7,-04982.4,-110.595,25973.1
01 01 2026  00 01  -20.1228 25491.4 -04982.9 -11.0604 25973.8,1,1,2026,0,1,-201.228,25491.4,-04982.9,-110.604,25973.8
01 01 2026  00 02  -20.1230 25491.2 -04982.9 -11.0603 25973.6,1,1,2026,0,2,-201.230,25491.2,-04982.9,-110.603,25973.6
01 01 2026  00 03  -20.1230 25490.8 -04982.6 -11.0599 25973.2,1,1,2026,0,3,-201.230,25490.8,-04982.6,-110.599,25973.2
01 01 2026  00 04  -20.1228 25490.7 -04982.4 -11.0597 25973.1,1,1,2026,0,4,-201.228,25490.7,-04982.4,-110.597,25973.1
01 01 2026  00 05  -20.1225 25490.6 -04982.4 -11.0595 25973.0,1,1,2026,0,5,-201.225,25490.6,-04982.4,-110.595,25973.0
01 01 2026  00 06  -20.1224 25490.5 -04982.3 -11.0593 25972.9,1,1,2026,0,6,-201.224,25490.5,-04982.3,-110.593,25972.9
01 01 2026  00 07  -20.1224 25490.7 -04982.5 -11.0597 25973.0,1,1,2026,0,7,-201.224,25490.7,-04982.5,-110.597,25973.0
01 01 2026  00 08  -20.1224 25491.0 -04982.8 -11.0603 25973.5,1,1,2026,0,8,-201.224,25491.0,-04982.8,-110.603,25973.5
01 01 2026  00 09  -20.1226 25491.3 -04983.1 -11.0608 25973.7,1,1,2026,0,9,-201.226,25491.3,-04983.1,-110.608,25973.7
01 01 2026  00 10  -20.1228 25491.4 -04983.2 -11.0610 25973.9,1,1,2026,0,10,-201.228,25491.4,-04983.2,-110.610,25973.9
01 01 2026  00 11  -20.1230 25491.1 -04983.1 -11.0610 25973.6,1,1,2026,0,11,-201.230,25491.1,-04983.1,-110.610,25973.6
01 01 2026  00 12  -20.1232 25490.9 -04983.0 -11.0608 25973.4,1,1,2026,0,12,-201.232,25490.9,-04983.0,-110.608,25973.4
01 01 2026  00 13  -20.1235 25490.8 -04983.0 -11.0609 25973.3,1,1,2026,0,13,-201.235,25490.8,-04983.0,-110.609,25973.3
01 01 2026  00 14  -20.1237 25490.4 -04982.8 -11.0606 25972.8,1,1,2026,0,14,-201.237,25490.4,-04982.8,-110.606,25972.8
01 01 2026  00 15  -20.1237 25489.8 -04982.5 -11.0601 25972.2,1,1,2026,0,15,-201.237,25489.8,-04982.5,-110.601,25972.2
01 01 2026  00 16  -20.1238 25489.5 -04982.3 -11.0599 25971.8,1,1,2026,0,16,-201.238,25489.5,-04982.3,-110.599,25971.8
01 01 2026  00 17  -20.1235 25489.4 -04982.3 -11.0599 25971.8,1,1,2026,0,17,-201.235,25489.4,-04982.3,-110.599,25971.8
01 01 2026  00 18  -20.1233 25489.4 -04982.4 -11.0601 25971.8,1,1,2026,0,18,-201.233,25489.4,-04982.4,-110.601,25971.8
01 01 2026  00 19  -20.1232 25489.4 -04982.5 -11.0602 25971.8,1,1,2026,0,19,-201.232,25489.4,-04982.5,-110.602,25971.8
01 01 2026  00 20  -20.1230 25489.5 -04982.7 -11.0607 25971.9,1,1,2026,0,20,-201.230,25489.5,-04982.7,-110.607,25971.9
01 01 2026  00 21  -20.1233 25489.6 -04982.9 -11.0612 25972.1,1,1,2026,0,21,-201.233,25489.6,-04982.9,-110.612,25972.1
01 01 2026  00 22  -20.1231 25489.6 -04983.1 -11.0615 25972.1,1,1,2026,0,22,-201.231,25489.6,-04983.1,-110.615,25972.1
01 01 2026  00 23  -20.1231 25489.5 -04983.1 -11.0616 25972.0,1,1,2026,0,23,-201.231,25489.5,-04983.1,-110.616,25972.0
01 01 2026  00 24  -20.1231 25489.2 -04983.0 -11.0615 25971.7,1,1,2026,0,24,-201.231,25489.2,-04983.0,-110.615,25971.7
01 01 2026  00 25  -20.1229 25488.8 -04982.9 -11.0615 25971.3,1,1,2026,0,25,-201.229,25488.8,-04982.9,-110.615,25971.3
01 01 2026  00 26  -20.1224 25488.8 -04982.9 -11.0614 25971.3,1,1,2026,0,26,-201.224,25488.8,-04982.9,-110.614,25971.3
01 01 2026  00 27  -20.1226 25488.6 -04982.9 -11.0616 25971.1,1,1,2026,0,27,-201.226,25488.6,-04982.9,-110.616,25971.1
01 01 2026  00 28  -20.1225 25488.3 -04982.8 -11.0615 25970.8,1,1,2026,0,28,-201.225,25488.3,-04982.8,-110.615,25970.8
01 01 2026  00 29  -20.1222 25488.4 -04983.0 -11.0617 25970.9,1,1,2026,0,29,-201.222,25488.4,-04983.0,-110.617,25970.9
01 01 2026  00 30  -20.1218 25488.9 -04983.5 -11.0626 25971.5,1,1,2026,0,30,-201.218,25488.9,-04983.5,-110.626,25971.5
01 01 2026  00 31  -20.1212 25489.3 -04983.9 -11.0633 25972.0,1,1,2026,0,31,-201.212,25489.3,-04983.9,-110.633,25972.0
01 01 2026  00 32  -20.1211 25489.5 -04984.2 -11.0639 25972.3,1,1,2026,0,32,-201.211,25489.5,-04984.2,-110.639,25972.3
01 01 2026  00 33  -20.1212 25489.9 -04984.5 -11.0645 25972.6,1,1,2026,0,33,-201.212,25489.9,-04984.5,-110.645,25972.6
01 01 2026  00 34  -20.1211 25489.6 -04984.5 -11.0646 25972.4,1,1,2026,0,34,-201.211,25489.6,-04984.5,-110.646,25972.4
01 01 2026  00 35  -20.1211 25489.1 -04984.3 -11.0643 25971.9,1,1,2026,0,35,-201.211,25489.1,-04984.3,-110.643,25971.9
01 01 2026  00 36  -20.1214 25488.5 -04984.0 -11.0639 25971.2,1,1,2026,0,36,-201.214,25488.5,-04984.0,-110.639,25971.2
01 01 2026  00 37  -20.1217 25487.9 -04983.7 -11.0636 25970.6,1,1,2026,0,37,-201.217,25487.9,-04983.7,-110.636,25970.6
01 01 2026  00 38  -20.1219 25487.0 -04983.3 -11.0631 25969.6,1,1,2026,0,38,-201.219,25487.0,-04983.3,-110.631,25969.6
01 01 2026  00 39  -20.1218 25486.6 -04983.0 -11.0627 25969.1,1,1,2026,0,39,-201.218,25486.6,-04983.0,-110.627,25969.1
01 01 2026  00 40  -20.1214 25486.6 -04983.1 -11.0628 25969.2,1,1,2026,0,40,-201.214,25486.6,-04983.1,-110.628,25969.2
01 01 2026  00 41  -20.1208 25486.9 -04983.3 -11.0632 25969.5,1,1,2026,0,41,-201.208,25486.9,-04983.3,-110.632,25969.5
01 01 2026  00 42  -20.1205 25487.3 -04983.7 -11.0638 25970.0,1,1,2026,0,42,-201.205,25487.3,-04983.7,-110.638,25970.0
01 01 2026  00 43  -20.1207 25487.6 -04984.1 -11.0646 25970.4,1,1,2026,0,43,-201.207,25487.6,-04984.1,-110.646,25970.4
01 01 2026  00 44  -20.1210 25487.8 -04984.4 -11.0651 25970.6,1,1,2026,0,44,-201.210,25487.8,-04984.4,-110.651,25970.6
01 01 2026  00 45  -20.1211 25487.9 -04984.6 -11.0654 25970.7,1,1,2026,0,45,-201.211,25487.9,-04984.6,-110.654,25970.7
01 01 2026  00 46  -20.1208 25487.9 -04984.6 -11.0655 25970.8,1,1,2026,0,46,-201.208,25487.9,-04984.6,-110.655,25970.8
01 01 2026  00 47  -20.1204 25488.1 -04984.6 -11.0655 25970.9,1,1,2026,0,47,-201.204,25488.1,-04984.6,-110.655,25970.9
01 01 2026  00 48  -20.1200 25488.4 -04984.8 -11.0658 25971.3,1,1,2026,0,48,-201.200,25488.4,-04984.8,-110.658,25971.3
01 01 2026  00 49  -20.1196 25488.6 -04985.0 -11.0661 25971.5,1,1,2026,0,49,-201.196,25488.6,-04985.0,-110.661,25971.5
01 01 2026  00 50  -20.1193 25488.8 -04985.2 -11.0663 25971.7,1,1,2026,0,50,-201.193,25488.8,-04985.2,-110.663,25971.7
01 01 2026  00 51  -20.1190 25488.8 -04985.3 -11.0666 25971.8,1,1,2026,0,51,-201.190,25488.8,-04985.3,-110.666,25971.8
01 01 2026  00 52  -20.1189 25488.8 -04985.3 -11.0666 25971.7,1,1,2026,0,52,-201.189,25488.8,-04985.3,-110.666,25971.7
01 01 2026  00 53  -20.1188 25488.9 -04985.5 -11.0669 25971.9,1,1,2026,0,53,-201.188,25488.9,-04985.5,-110.669,25971.9
01 01 2026  00 54  -20.1185 25489.2 -04985.6 -11.0672 25972.2,1,1,2026,0,54,-201.185,25489.2,-04985.6,-110.672,25972.2
01 01 2026  00 55  -20.1181 25489.7 -04985.8 -11.0674 25972.8,1,1,2026,0,55,-201.181,25489.7,-04985.8,-110.674,25972.8
01 01 2026  00 56  -20.1175 25490.3 -04986.2 -11.0679 25973.4,1,1,2026,0,56,-201.175,25490.3,-04986.2,-110.679,25973.4
01 01 2026  00 57  -20.1168 25490.9 -04986.6 -11.0684 25974.1,1,1,2026,0,57,-201.168,25490.9,-04986.6,-110.684,25974.1
01 01 2026  00 58  -20.1166 25491.3 -04986.8 -11.0689 25974.5,1,1,2026,0,58,-201.166,25491.3,-04986.8,-110.689,25974.5
01 01 2026  00 59  -20.1163 25491.4 -04986.9 -11.0690 25974.6,1,1,2026,0,59,-201.163,25491.4,-04986.9,-110.690,25974.6
01 01 2026  01 00  -20.1163 25491.7 -04987.1 -11.0693 25974.9,1,1,2026,1,0,-201.163,25491.7,-04987.1,-110.693,25974.9
01 01 2026  01 01  -20.1162 25491.7 -04987.0 -11.0692 25974.9,1,1,2026,1,1,-201.162,25491.7,-04987.0,-110.692,25974.9
01 01 2026  01 02  -20.1159 25491.5 -04987.0 -11.0692 25974.8,1,1,2026,1,2,-201.159,25491.5,-04987.0,-110.692,25974.8
01 01 2026  01 03  -20.1156 25491.6 -04987.0 -11.0691 25974.8,1,1,2026,1,3,-201.156,25491.6,-04987.0,-110.691,25974.8
01 01 2026  01 04  -20.1155 25491.8 -04987.1 -11.0692 25975.1,1,1,2026,1,4,-201.155,25491.8,-04987.1,-110.692,25975.1
01 01 2026  01 05  -20.1151 25492.1 -04987.2 -11.0693 25975.3,1,1,2026,1,5,-201.151,25492.1,-04987.2,-110.693,25975.3
01 01 2026  01 06  -20.1150 25492.5 -04987.4 -11.0697 25975.8,1,1,2026,1,6,-201.150,25492.5,-04987.4,-110.697,25975.8
01 01 2026  01 07  -20.1150 25492.9 -04987.7 -11.0702 25976.2,1,1,2026,1,7,-201.150,25492.9,-04987.7,-110.702,25976.2
01 01 2026  01 08  -20.1151 25493.0 -04987.8 -11.0702 25976.4,1,1,2026,1,8,-201.151,25493.0,-04987.8,-110.702,25976.4
01 01 2026  01 09  -20.1153 25493.0 -04987.6 -11.0699 25976.3,1,1,2026,1,9,-201.153,25493.0,-04987.6,-110.699,25976.3
01 01 2026  01 10  -20.1157 25492.8 -04987.5 -11.0697 25976.1,1,1,2026,1,10,-201.157,25492.8,-04987.5,-110.697,25976.1
01 01 2026  01 11  -20.1161 25492.9 -04987.5 -11.0697 25976.3,1,1,2026,1,11,-201.161,25492.9,-04987.5,-110.697,25976.3
01 01 2026  01 12  -20.1166 25493.0 -04987.6 -11.0698 25976.3,1,1,2026,1,12,-201.166,25493.0,-04987.6,-110.698,25976.3
01 01 2026  01 13  -20.1169 25493.0 -04987.6 -11.0698 25976.3,1,1,2026,1,13,-201.169,25493.0,-04987.6,-110.698,25976.3
01 01 2026  01 14  -20.1174 25492.8 -04987.3 -11.0694 25976.0,1,1,2026,1,14,-201.174,25492.8,-04987.3,-110.694,25976.0
01 01 2026  01 15  -20.1178 25492.9 -04987.4 -11.0695 25976.1,1,1,2026,1,15,-201.178,25492.9,-04987.4,-110.695,25976.1
01 01 2026  01 16  -20.1183 25493.2 -04987.6 -11.0697 25976.5,1,1,2026,1,16,-201.183,25493.2,-04987.6,-110.697,25976.5
01 01 2026  01 17  -20.1189 25493.4 -04987.7 -11.0698 25976.8,1,1,2026,1,17,-201.189,25493.4,-04987.7,-110.698,25976.8
01 01 2026  01 18  -20.1193 25493.8 -04987.8 -11.0699 25977.1,1,1,2026,1,18,-201.193,25493.8,-04987.8,-110.699,25977.1
01 01 2026  01 19  -20.1199 25493.8 -04987.7 -11.0697 25977.2,1,1,2026,1,19,-201.199,25493.8,-04987.7,-110.697,25977.2
01 01 2026  01 20  -20.1203 25494.1 -04987.8 -11.0697 25977.5,1,1,2026,1,20,-201.203,25494.1,-04987.8,-110.697,25977.5
01 01 2026  01 21  -20.1208 25494.1 -04987.6 -11.0694 25977.4,1,1,2026,1,21,-201.208,25494.1,-04987.6,-110.694,25977.4
01 01 2026  01 22  -20.1214 25494.1 -04987.5 -11.0691 25977.4,1,1,2026,1,22,-201.214,25494.1,-04987.5,-110.691,25977.4
01 01 2026  01 23  -20.1220 25494.0 -04987.3 -11.0687 25977.2,1,1,2026,1,23,-201.220,25494.0,-04987.3,-110.687,25977.2
01 01 2026  01 24  -20.1223 25493.9 -04987.0 -11.0682 25977.0,1,1,2026,1,24,-201.223,25493.9,-04987.0,-110.682,25977.0
01 01 2026  01 25  -20.1226 25494.1 -04987.0 -11.0681 25977.2,1,1,2026,1,25,-201.226,25494.1,-04987.0,-110.681,25977.2
01 01 2026  01 26  -20.1229 25494.3 -04987.0 -11.0680 25977.5,1,1,2026,1,26,-201.229,25494.3,-04987.0,-110.680,25977.5
01 01 2026  01 27  -20.1231 25494.4 -04987.0 -11.0680 25977.6,1,1,2026,1,27,-201.231,25494.4,-04987.0,-110.680,25977.6
01 01 2026  01 28  -20.1233 25494.4 -04986.9 -11.0677 25977.5,1,1,2026,1,28,-201.233,25494.4,-04986.9,-110.677,25977.5
01 01 2026  01 29  -20.1234 25494.1 -04986.6 -11.0671 25977.2,1,1,2026,1,29,-201.234,25494.1,-04986.6,-110.671,25977.2
01 01 2026  01 30  -20.1235 25493.9 -04986.2 -11.0665 25977.0,1,1,2026,1,30,-201.235,25493.9,-04986.2,-110.665,25977.0
01 01 2026  01 31  -20.1235 25493.6 -04986.0 -11.0661 25976.6,1,1,2026,1,31,-201.235,25493.6,-04986.0,-110.661,25976.6
01 01 2026  01 32  -20.1235 25493.2 -04985.7 -11.0656 25976.2,1,1,2026,1,32,-201.235,25493.2,-04985.7,-110.656,25976.2
01 01 2026  01 33  -20.1233 25493.2 -04985.6 -11.0654 25976.1,1,1,2026,1,33,-201.233,25493.2,-04985.6,-110.654,25976.1
01 01 2026  01 34  -20.1232 25493.4 -04985.7 -11.0655 25976.3,1,1,2026,1,34,-201.232,25493.4,-04985.7,-110.655,25976.3
01 01 2026  01 35  -20.1232 25493.6 -04985.9 -11.0658 25976.6,1,1,2026,1,35,-201.232,25493.6,-04985.9,-110.658,25976.6
01 01 2026  01 36  -20.1233 25493.9 -04986.0 -11.0660 25976.9,1,1,2026,1,36,-201.233,25493.9,-04986.0,-110.660,25976.9
01 01 2026  01 37  -20.1232 25494.0 -04986.1 -11.0662 25977.0,1,1,2026,1,37,-201.232,25494.0,-04986.1,-110.662,25977.0
01 01 2026  01 38  -20.1231 25493.9 -04986.0 -11.0661 25977.0,1,1,2026,1,38,-201.231,25493.9,-04986.0,-110.661,25977.0
01 01 2026  01 39  -20.1231 25493.8 -04985.9 -11.0658 25976.8,1,1,2026,1,39,-201.231,25493.8,-04985.9,-110.658,25976.8
01 01 2026  01 40  -20.1231 25493.8 -04985.8 -11.0656 25976.8,1,1,2026,1,40,-201.231,25493.8,-04985.8,-110.656,25976.8
01 01 2026  01 41  -20.1230 25494.0 -04985.9 -11.0657 25976.9,1,1,2026,1,41,-201.230,25494.0,-04985.9,-110.657,25976.9
01 01 2026  01 42  -20.1230 25494.3 -04986.1 -11.0660 25977.3,1,1,2026,1,42,-201.230,25494.3,-04986.1,-110.660,25977.3
01 01 2026  01 43  -20.1230 25494.6 -04986.3 -11.0663 25977.6,1,1,2026,1,43,-201.230,25494.6,-04986.3,-110.663,25977.6
01 01 2026  01 44  -20.1230 25494.7 -04986.4 -11.0664 25977.8,1,1,2026,1,44,-201.230,25494.7,-04986.4,-110.664,25977.8
01 01 2026  01 45  -20.1233 25494.6 -04986.4 -11.0665 25977.6,1,1,2026,1,45,-201.233,25494.6,-04986.4,-110.665,25977.6
01 01 2026  01 46  -20.1235 25494.2 -04986.1 -11.0660 25977.2,1,1,2026,1,46,-201.235,25494.2,-04986.1,-110.660,25977.2
01 01 2026  01 47  -20.1236 25493.7 -04985.8 -11.0656 25976.7,1,1,2026,1,47,-201.236,25493.7,-04985.8,-110.656,25976.7
01 01 2026  01 48  -20.1238 25493.2 -04985.4 -11.0649 25976.1,1,1,2026,1,48,-201.238,25493.2,-04985.4,-110.649,25976.1
01 01 2026  01 49  -20.1239 25492.9 -04985.2 -11.0646 25975.8,1,1,2026,1,49,-201.239,25492.9,-04985.2,-110.646,25975.8
01 01 2026  01 50  -20.1239 25492.9 -04985.1 -11.0645 25975.7,1,1,2026,1,50,-201.239,25492.9,-04985.1,-110.645,25975.7
01 01 2026  01 51  -20.1239 25492.8 -04985.0 -11.0643 25975.6,1,1,2026,1,51,-201.239,25492.8,-04985.0,-110.643,25975.6
01 01 2026  01 52  -20.1236 25492.9 -04985.0 -11.0643 25975.7,1,1,2026,1,52,-201.236,25492.9,-04985.0,-110.643,25975.7
01 01 2026  01 53  -20.1234 25493.5 -04985.4 -11.0648 25976.4,1,1,2026,1,53,-201.234,25493.5,-04985.4,-110.648,25976.4
01 01 2026  01 54  -20.1235 25494.1 -04985.8 -11.0656 25977.0,1,1,2026,1,54,-201.235,25494.1,-04985.8,-110.656,25977.0
01 01 2026  01 55  -20.1234 25494.3 -04986.0 -11.0659 25977.3,1,1,2026,1,55,-201.234,25494.3,-04986.0,-110.659,25977.3
01 01 2026  01 56  -20.1235 25494.2 -04986.0 -11.0658 25977.2,1,1,2026,1,56,-201.235,25494.2,-04986.0,-110.658,25977.2
01 01 2026  01 57  -20.1235 25493.8 -04985.8 -11.0656 25976.8,1,1,2026,1,57,-201.235,25493.8,-04985.8,-110.656,25976.8
01 01 2026  01 58  -20.1237 25493.5 -04985.6 -11.0652 25976.5,1,1,2026,1,58,-201.237,25493.5,-04985.6,-110.652,25976.5
01 01 2026  01 59  -20.1240 25493.2 -04985.4 -11.0650 25976.0,1,1,2026,1,59,-201.240,25493.2,-04985.4,-110.650,25976.0
01 01 2026  02 00  -20.1241 25493.1 -04985.4 -11.0649 25976.0,1,1,2026,2,0,-201.241,25493.1,-04985.4,-110.649,25976.0
01 01 2026  02 01  -20.1239 25493.1 -04985.3 -11.0648 25976.0,1,1,2026,2,1,-201.239,25493.1,-04985.3,-110.648,25976.0
01 01 2026  02 02  -20.1238 25493.1 -04985.2 -11.0646 25976.0,1,1,2026,2,2,-201.238,25493.1,-04985.2,-110.646,25976.0
01 01 2026  02 03  -20.1236 25493.2 -04985.4 -11.0649 25976.1,1,1,2026,2,3,-201.236,25493.2,-04985.4,-110.649,25976.1
01 01 2026  02 04  -20.1236 25493.2 -04985.4 -11.0650 25976.1,1,1,2026,2,4,-201.236,25493.2,-04985.4,-110.650,25976.1
01 01 2026  02 05  -20.1237 25493.0 -04985.3 -11.0648 25975.8,1,1,2026,2,5,-201.237,25493.0,-04985.3,-110.648,25975.8
01 01 2026  02 06  -20.1236 25492.7 -04985.2 -11.0647 25975.5,1,1,2026,2,6,-201.236,25492.7,-04985.2,-110.647,25975.5
01 01 2026  02 07  -20.1238 25492.4 -04985.1 -11.0646 25975.2,1,1,2026,2,7,-201.238,25492.4,-04985.1,-110.646,25975.2
01 01 2026  02 08  -20.1238 25492.5 -04985.1 -11.0647 25975.3,1,1,2026,2,8,-201.238,25492.5,-04985.1,-110.647,25975.3
01 01 2026  02 09  -20.1238 25492.3 -04985.1 -11.0647 25975.2,1,1,2026,2,9,-201.238,25492.3,-04985.1,-110.647,25975.2
01 01 2026  02 10  -20.1240 25492.0 -04984.9 -11.0644 25974.8,1,1,2026,2,10,-201.240,25492.0,-04984.9,-110.644,25974.8
01 01 2026  02 11  -20.1241 25491.4 -04984.6 -11.0641 25974.2,1,1,2026,2,11,-201.241,25491.4,-04984.6,-110.641,25974.2
01 01 2026  02 12  -20.1242 25490.7 -04984.2 -11.0634 25973.4,1,1,2026,2,12,-201.242,25490.7,-04984.2,-110.634,25973.4
01 01 2026  02 13  -20.1242 25490.5 -04984.0 -11.0631 25973.1,1,1,2026,2,13,-201.242,25490.5,-04984.0,-110.631,25973.1
01 01 2026  02 14  -20.1242 25490.4 -04984.0 -11.0632 25973.1,1,1,2026,2,14,-201.242,25490.4,-04984.0,-110.632,25973.1
01 01 2026  02 15  -20.1241 25490.3 -04984.1 -11.0635 25973.0,1,1,2026,2,15,-201.241,25490.3,-04984.1,-110.635,25973.0
01 01 2026  02 16  -20.1241 25490.2 -04984.2 -11.0636 25972.9,1,1,2026,2,16,-201.241,25490.2,-04984.2,-110.636,25972.9
01 01 2026  02 17  -20.1239 25490.2 -04984.2 -11.0637 25972.9,1,1,2026,2,17,-201.239,25490.2,-04984.2,-110.637,25972.9
01 01 2026  02 18  -20.1238 25489.9 -04984.2 -11.0637 25972.6,1,1,2026,2,18,-201.238,25489.9,-04984.2,-110.637,25972.6
01 01 2026  02 19  -20.1235 25489.9 -04984.2 -11.0637 25972.6,1,1,2026,2,19,-201.235,25489.9,-04984.2,-110.637,25972.6
01 01 2026  02 20  -20.1232 25490.2 -04984.4 -11.0641 25972.9,1,1,2026,2,20,-201.232,25490.2,-04984.4,-110.641,25972.9
01 01 2026  02 21  -20.1231 25490.3 -04984.6 -11.0644 25973.1,1,1,2026,2,21,-201.231,25490.3,-04984.6,-110.644,25973.1
01 01 2026  02 22  -20.1231 25490.0 -04984.4 -11.0642 25972.7,1,1,2026,2,22,-201.231,25490.0,-04984.4,-110.642,25972.7
01 01 2026  02 23  -20.1232 25489.4 -04984.1 -11.0638 25972.1,1,1,2026,2,23,-201.232,25489.4,-04984.1,-110.638,25972.1
01 01 2026  02 24  -20.1231 25489.1 -04984.0 -11.0636 25971.8,1,1,2026,2,24,-201.231,25489.1,-04984.0,-110.636,25971.8
01 01 2026  02 25  -20.1231 25488.9 -04983.9 -11.0635 25971.6,1,1,2026,2,25,-201.231,25488.9,-04983.9,-110.635,25971.6
01 01 2026  02 26  -20.1230 25488.8 -04983.9 -11.0636 25971.5,1,1,2026,2,26,-201.230,25488.8,-04983.9,-110.636,25971.5
01 01 2026  02 27  -20.1230 25488.6 -04983.9 -11.0636 25971.2,1,1,2026,2,27,-201.230,25488.6,-04983.9,-110.636,25971.2
01 01 2026  02 28  -20.1228 25488.4 -04983.8 -11.0635 25971.1,1,1,2026,2,28,-201.228,25488.4,-04983.8,-110.635,25971.1
01 01 2026  02 29  -20.1226 25488.4 -04983.8 -11.0636 25971.1,1,1,2026,2,29,-201.226,25488.4,-04983.8,-110.636,25971.1
01 01 2026  02 30  -20.1226 25488.4 -04983.9 -11.0637 25971.1,1,1,2026,2,30,-201.226,25488.4,-04983.9,-110.637,25971.1
01 01 2026  02 31  -20.1226 25488.2 -04983.9 -11.0639 25970.9,1,1,2026,2,31,-201.226,25488.2,-04983.9,-110.639,25970.9
01 01 2026  02 32  -20.1225 25487.6 -04983.6 -11.0635 25970.3,1,1,2026,2,32,-201.225,25487.6,-04983.6,-110.635,25970.3
01 01 2026  02 33  -20.1225 25487.3 -04983.4 -11.0632 25970.0,1,1,2026,2,33,-201.225,25487.3,-04983.4,-110.632,25970.0
01 01 2026  02 34  -20.1223 25487.1 -04983.3 -11.0630 25969.7,1,1,2026,2,34,-201.223,25487.1,-04983.3,-110.630,25969.7
01 01 2026  02 35  -20.1226 25487.0 -04983.3 -11.0631 25969.6,1,1,2026,2,35,-201.226,25487.0,-04983.3,-110.631,25969.6
01 01 2026  02 36  -20.1227 25486.8 -04983.3 -11.0631 25969.4,1,1,2026,2,36,-201.227,25486.8,-04983.3,-110.631,25969.4
01 01 2026  02 37  -20.1224 25486.8 -04983.3 -11.0631 25969.4,1,1,2026,2,37,-201.224,25486.8,-04983.3,-110.631,25969.4
01 01 2026  02 38  -20.1220 25487.0 -04983.4 -11.0633 25969.6,1,1,2026,2,38,-201.220,25487.0,-04983.4,-110.633,25969.6
01 01 2026  02 39  -20.1217 25487.3 -04983.6 -11.0636 25969.9,1,1,2026,2,39,-201.217,25487.3,-04983.6,-110.636,25969.9
01 01 2026  02 40  -20.1217 25487.6 -04984.0 -11.0642 25970.4,1,1,2026,2,40,-201.217,25487.6,-04984.0,-110.642,25970.4
01 01 2026  02 41  -20.1215 25488.6 -04984.6 -11.0652 25971.4,1,1,2026,2,41,-201.215,25488.6,-04984.6,-110.652,25971.4
01 01 2026  02 42  -20.1213 25488.9 -04984.8 -11.0656 25971.8,1,1,2026,2,42,-201.213,25488.9,-04984.8,-110.656,25971.8
01 01 2026  02 43  -20.1212 25488.8 -04984.8 -11.0656 25971.6,1,1,2026,2,43,-201.212,25488.8,-04984.8,-110.656,25971.6
01 01 2026  02 44  -20.1209 25488.6 -04984.6 -11.0651 25971.5,1,1,2026,2,44,-201.209,25488.6,-04984.6,-110.651,25971.5
01 01 2026  02 45  -20.1207 25488.4 -04984.4 -11.0649 25971.2,1,1,2026,2,45,-201.207,25488.4,-04984.4,-110.649,25971.2
01 01 2026  02 46  -20.1209 25487.9 -04984.3 -11.0648 25970.7,1,1,2026,2,46,-201.209,25487.9,-04984.3,-110.648,25970.7
01 01 2026  02 47  -20.1211 25487.1 -04983.8 -11.0640 25969.8,1,1,2026,2,47,-201.211,25487.1,-04983.8,-110.640,25969.8
01 01 2026  02 48  -20.1214 25486.3 -04983.3 -11.0633 25968.9,1,1,2026,2,48,-201.214,25486.3,-04983.3,-110.633,25968.9
01 01 2026  02 49  -20.1216 25485.8 -04983.0 -11.0630 25968.4,1,1,2026,2,49,-201.216,25485.8,-04983.0,-110.630,25968.4
01 01 2026  02 50  -20.1217 25485.5 -04982.9 -11.0628 25968.1,1,1,2026,2,50,-201.217,25485.5,-04982.9,-110.628,25968.1
01 01 2026  02 51  -20.1220 25485.5 -04982.9 -11.0628 25968.1,1,1,2026,2,51,-201.220,25485.5,-04982.9,-110.628,25968.1
01 01 2026  02 52  -20.1223 25485.5 -04983.1 -11.0632 25968.1,1,1,2026,2,52,-201.223,25485.5,-04983.1,-110.632,25968.1
01 01 2026  02 53  -20.1225 25485.2 -04983.0 -11.0631 25967.8,1,1,2026,2,53,-201.225,25485.2,-04983.0,-110.631,25967.8
01 01 2026  02 54  -20.1226 25485.2 -04983.1 -11.0634 25967.8,1,1,2026,2,54,-201.226,25485.2,-04983.1,-110.634,25967.8
01 01 2026  02 55  -20.1226 25485.0 -04983.0 -11.0633 25967.6,1,1,2026,2,55,-201.226,25485.0,-04983.0,-110.633,25967.6
01 01 2026  02 56  -20.1226 25485.1 -04983.1 -11.0634 25967.7,1,1,2026,2,56,-201.226,25485.1,-04983.1,-110.634,25967.7
01 01 2026  02 57  -20.1225 25485.2 -04983.2 -11.0636 25967.9,1,1,2026,2,57,-201.225,25485.2,-04983.2,-110.636,25967.9
01 01 2026  02 58  -20.1224 25485.3 -04983.3 -11.0638 25967.9,1,1,2026,2,58,-201.224,25485.3,-04983.3,-110.638,25967.9
01 01 2026  02 59  -20.1224 25485.3 -04983.4 -11.0640 25968.0,1,1,2026,2,59,-201.224,25485.3,-04983.4,-110.640,25968.0
01 01 2026  03 00  -20.1224 25485.2 -04983.3 -11.0639 25967.8,1,1,2026,3,0,-201.224,25485.2,-04983.3,-110.639,25967.8
01 01 2026  03 01  -20.1227 25484.8 -04983.2 -11.0638 25967.5,1,1,2026,3,1,-201.227,25484.8,-04983.2,-110.638,25967.5
01 01 2026  03 02  -20.1225 25485.5 -04983.5 -11.0642 25968.1,1,1,2026,3,2,-201.225,25485.5,-04983.5,-110.642,25968.1
01 01 2026  03 03  -20.1224 25485.8 -04983.8 -11.0647 25968.5,1,1,2026,3,3,-201.224,25485.8,-04983.8,-110.647,25968.5
01 01 2026  03 04  -20.1223 25485.8 -04983.7 -11.0644 25968.5,1,1,2026,3,4,-201.223,25485.8,-04983.7,-110.644,25968.5
01 01 2026  03 05  -20.1221 25485.5 -04983.7 -11.0646 25968.2,1,1,2026,3,5,-201.221,25485.5,-04983.7,-110.646,25968.2
01 01 2026  03 06  -20.1219 25485.9 -04983.9 -11.0648 25968.6,1,1,2026,3,6,-201.219,25485.9,-04983.9,-110.648,25968.6
01 01 2026  03 07  -20.1220 25486.0 -04984.0 -11.0651 25968.8,1,1,2026,3,7,-201.220,25486.0,-04984.0,-110.651,25968.8
01 01 2026  03 08  -20.1219 25486.2 -04984.1 -11.0651 25968.9,1,1,2026,3,8,-201.219,25486.2,-04984.1,-110.651,25968.9
01 01 2026  03 09  -20.1219 25486.4 -04984.2 -11.0654 25969.2,1,1,2026,3,9,-201.219,25486.4,-04984.2,-110.654,25969.2
01 01 2026  03 10  -20.1217 25486.7 -04984.4 -11.0655 25969.5,1,1,2026,3,10,-201.217,25486.7,-04984.4,-110.655,25969.5
01 01 2026  03 11  -20.1214 25486.7 -04984.4 -11.0655 25969.5,1,1,2026,3,11,-201.214,25486.7,-04984.4,-110.655,25969.5
01 01 2026  03 12  -20.1211 25487.5 -04984.7 -11.0659 25970.4,1,1,2026,3,12,-201.211,25487.5,-04984.7,-110.659,25970.4
01 01 2026  03 13  -20.1208 25487.4 -04984.7 -11.0660 25970.3,1,1,2026,3,13,-201.208,25487.4,-04984.7,-110.660,25970.3
01 01 2026  03 14  -20.1209 25487.3 -04984.6 -11.0657 25970.1,1,1,2026,3,14,-201.209,25487.3,-04984.6,-110.657,25970.1
01 01 2026  03 15  -20.1207 25487.4 -04984.7 -11.0659 25970.3,1,1,2026,3,15,-201.207,25487.4,-04984.7,-110.659,25970.3
01 01 2026  03 16  -20.1208 25487.3 -04984.6 -11.0657 25970.1,1,1,2026,3,16,-201.208,25487.3,-04984.6,-110.657,25970.1
01 01 2026  03 17  -20.1207 25487.9 -04985.0 -11.0664 25970.9,1,1,2026,3,17,-201.207,25487.9,-04985.0,-110.664,25970.9
01 01 2026  03 18  -20.1206 25488.1 -04985.1 -11.0665 25971.0,1,1,2026,3,18,-201.206,25488.1,-04985.1,-110.665,25971.0
01 01 2026  03 19  -20.1202 25489.0 -04985.4 -11.0668 25972.0,1,1,2026,3,19,-201.202,25489.0,-04985.4,-110.668,25972.0
01 01 2026  03 20  -20.1203 25489.5 -04985.9 -11.0677 25972.6,1,1,2026,3,20,-201.203,25489.5,-04985.9,-110.677,25972.6
01 01 2026  03 21  -20.1205 25489.8 -04985.9 -11.0676 25972.9,1,1,2026,3,21,-201.205,25489.8,-04985.9,-110.676,25972.9
01 01 2026  03 22  -20.1203 25489.9 -04986.0 -11.0677 25973.0,1,1,2026,3,22,-201.203,25489.9,-04986.0,-110.677,25973.0
01 01 2026  03 23  -20.1197 25490.8 -04986.4 -11.0681 25973.9,1,1,2026,3,23,-201.197,25490.8,-04986.4,-110.681,25973.9
01 01 2026  03 24  -20.1194 25491.2 -04986.6 -11.0684 25974.3,1,1,2026,3,24,-201.194,25491.2,-04986.6,-110.684,25974.3
01 01 2026  03 25  -20.1191 25491.3 -04986.5 -11.0681 25974.4,1,1,2026,3,25,-201.191,25491.3,-04986.5,-110.681,25974.4
01 01 2026  03 26  -20.1181 25492.6 -04987.1 -11.0690 25975.9,1,1,2026,3,26,-201.181,25492.6,-04987.1,-110.690,25975.9
01 01 2026  03 27  -20.1174 25492.7 -04987.1 -11.0690 25975.9,1,1,2026,3,27,-201.174,25492.7,-04987.1,-110.690,25975.9
01 01 2026  03 28  -20.1168 25492.3 -04986.7 -11.0683 25975.5,1,1,2026,3,28,-201.168,25492.3,-04986.7,-110.683,25975.5
01 01 2026  03 29  -20.1160 25493.1 -04987.1 -11.0687 25976.4,1,1,2026,3,29,-201.160,25493.1,-04987.1,-110.687,25976.4
01 01 2026  03 30  -20.1153 25493.9 -04987.6 -11.0695 25977.2,1,1,2026,3,30,-201.153,25493.9,-04987.6,-110.695,25977.2
01 01 2026  03 31  -20.1144 25495.4 -04988.4 -11.0706 25978.8,1,1,2026,3,31,-201.144,25495.4,-04988.4,-110.706,25978.8
01 01 2026  03 32  -20.1137 25496.5 -04989.1 -11.0715 25980.0,1,1,2026,3,32,-201.137,25496.5,-04989.1,-110.715,25980.0
01 01 2026  03 33  -20.1136 25496.8 -04989.2 -11.0717 25980.4,1,1,2026,3,33,-201.136,25496.8,-04989.2,-110.717,25980.4
01 01 2026  03 34  -20.1134 25498.1 -04989.9 -11.0726 25981.8,1,1,2026,3,34,-201.134,25498.1,-04989.9,-110.726,25981.8
01 01 2026  03 35  -20.1135 25498.3 -04990.0 -11.0728 25982.0,1,1,2026,3,35,-201.135,25498.3,-04990.0,-110.728,25982.0
01 01 2026  03 36  -20.1137 25498.0 -04989.7 -11.0723 25981.7,1,1,2026,3,36,-201.137,25498.0,-04989.7,-110.723,25981.7
01 01 2026  03 37  -20.1137 25498.3 -04989.7 -11.0720 25981.9,1,1,2026,3,37,-201.137,25498.3,-04989.7,-110.720,25981.9
01 01 2026  03 38  -20.1136 25498.3 -04989.5 -11.0717 25981.8,1,1,2026,3,38,-201.136,25498.3,-04989.5,-110.717,25981.8
01 01 2026  03 39  -20.1132 25498.5 -04989.4 -11.0715 25982.0,1,1,2026,3,39,-201.132,25498.5,-04989.4,-110.715,25982.0
01 01 2026  03 40  -20.1132 25497.9 -04988.9 -11.0705 25981.4,1,1,2026,3,40,-201.132,25497.9,-04988.9,-110.705,25981.4
01 01 2026  03 41  -20.1129 25498.4 -04989.1 -11.0708 25981.9,1,1,2026,3,41,-201.129,25498.4,-04989.1,-110.708,25981.9
01 01 2026  03 42  -20.1129 25498.6 -04989.2 -11.0708 25982.1,1,1,2026,3,42,-201.129,25498.6,-04989.2,-110.708,25982.1
01 01 2026  03 43  -20.1129 25498.9 -04989.2 -11.0709 25982.4,1,1,2026,3,43,-201.129,25498.9,-04989.2,-110.709,25982.4
01 01 2026  03 44  -20.1128 25499.5 -04989.5 -11.0712 25983.0,1,1,2026,3,44,-201.128,25499.5,-04989.5,-110.712,25983.0
01 01 2026  03 45  -20.1127 25500.0 -04989.7 -11.0714 25983.6,1,1,2026,3,45,-201.127,25500.0,-04989.7,-110.714,25983.6
01 01 2026  03 46  -20.1128 25500.0 -04989.7 -11.0714 25983.6,1,1,2026,3,46,-201.128,25500.0,-04989.7,-110.714,25983.6
01 01 2026  03 47  -20.1128 25500.2 -04989.6 -11.0712 25983.7,1,1,2026,3,47,-201.128,25500.2,-04989.6,-110.712,25983.7
01 01 2026  03 48  -20.1127 25500.7 -04989.9 -11.0715 25984.3,1,1,2026,3,48,-201.127,25500.7,-04989.9,-110.715,25984.3
01 01 2026  03 49  -20.1129 25500.7 -04989.7 -11.0711 25984.3,1,1,2026,3,49,-201.129,25500.7,-04989.7,-110.711,25984.3
01 01 2026  03 50  -20.1131 25500.5 -04989.5 -11.0708 25984.0,1,1,2026,3,50,-201.131,25500.5,-04989.5,-110.708,25984.0
01 01 2026  03 51  -20.1132 25500.2 -04989.2 -11.0703 25983.7,1,1,2026,3,51,-201.132,25500.2,-04989.2,-110.703,25983.7
01 01 2026  03 52  -20.1132 25500.0 -04989.0 -11.0699 25983.5,1,1,2026,3,52,-201.132,25500.0,-04989.0,-110.699,25983.5
01 01 2026  03 53  -20.1130 25500.1 -04988.8 -11.0695 25983.5,1,1,2026,3,53,-201.130,25500.1,-04988.8,-110.695,25983.5
01 01 2026  03 54  -20.1130 25500.5 -04989.0 -11.0698 25984.0,1,1,2026,3,54,-201.130,25500.5,-04989.0,-110.698,25984.0
01 01 2026  03 55  -20.1131 25500.6 -04989.1 -11.0698 25984.0,1,1,2026,3,55,-201.131,25500.6,-04989.1,-110.698,25984.0
01 01 2026  03 56  -20.1131 25500.9 -04989.1 -11.0698 25984.4,1,1,2026,3,56,-201.131,25500.9,-04989.1,-110.698,25984.4
01 01 2026  03 57  -20.1132 25501.5 -04989.4 -11.0702 25985.0,1,1,2026,3,57,-201.132,25501.5,-04989.4,-110.702,25985.0
01 01 2026  03 58  -20.1136 25502.2 -04989.8 -11.0708 25985.7,1,1,2026,3,58,-201.136,25502.2,-04989.8,-110.708,25985.7
01 01 2026  03 59  -20.1140 25502.6 -04990.0 -11.0710 25986.2,1,1,2026,3,59,-201.140,25502.6,-04990.0,-110.710,25986.2
01 01 2026  04 00  -20.1146 25502.6 -04989.9 -11.0708 25986.2,1,1,2026,4,0,-201.146,25502.6,-04989.9,-110.708,25986.2
01 01 2026  04 01  -20.1152 25501.9 -04989.4 -11.0700 25985.4,1,1,2026,4,1,-201.152,25501.9,-04989.4,-110.700,25985.4
01 01 2026  04 02  -20.1155 25501.6 -04988.9 -11.0691 25985.0,1,1,2026,4,2,-201.155,25501.6,-04988.9,-110.691,25985.0
01 01 2026  04 03  -20.1159 25501.6 -04988.8 -11.0687 25985.0,1,1,2026,4,3,-201.159,25501.6,-04988.8,-110.687,25985.0
01 01 2026  04 04  -20.1162 25501.7 -04988.7 -11.0685 25985.1,1,1,2026,4,4,-201.162,25501.7,-04988.7,-110.685,25985.1
01 01 2026  04 05  -20.1165 25501.7 -04988.5 -11.0682 25985.0,1,1,2026,4,5,-201.165,25501.7,-04988.5,-110.682,25985.0
01 01 2026  04 06  -20.1170 25501.8 -04988.5 -11.0681 25985.1,1,1,2026,4,6,-201.170,25501.8,-04988.5,-110.681,25985.1
01 01 2026  04 07  -20.1174 25501.9 -04988.4 -11.0679 25985.2,1,1,2026,4,7,-201.174,25501.9,-04988.4,-110.679,25985.2
01 01 2026  04 08  -20.1176 25502.0 -04988.4 -11.0678 25985.3,1,1,2026,4,8,-201.176,25502.0,-04988.4,-110.678,25985.3
01 01 2026  04 09  -20.1180 25501.5 -04988.0 -11.0672 25984.7,1,1,2026,4,9,-201.180,25501.5,-04988.0,-110.672,25984.7
01 01 2026  04 10  -20.1181 25500.9 -04987.5 -11.0663 25984.0,1,1,2026,4,10,-201.181,25500.9,-04987.5,-110.663,25984.0
01 01 2026  04 11  -20.1182 25500.3 -04987.0 -11.0654 25983.3,1,1,2026,4,11,-201.182,25500.3,-04987.0,-110.654,25983.3
01 01 2026  04 12  -20.1181 25500.2 -04986.7 -11.0649 25983.2,1,1,2026,4,12,-201.181,25500.2,-04986.7,-110.649,25983.2
01 01 2026  04 13  -20.1180 25500.1 -04986.7 -11.0648 25983.1,1,1,2026,4,13,-201.180,25500.1,-04986.7,-110.648,25983.1
01 01 2026  04 14  -20.1180 25500.1 -04986.6 -11.0647 25983.1,1,1,2026,4,14,-201.180,25500.1,-04986.6,-110.647,25983.1
01 01 2026  04 15  -20.1180 25500.1 -04986.6 -11.0647 25983.1,1,1,2026,4,15,-201.180,25500.1,-04986.6,-110.647,25983.1
01 01 2026  04 16  -20.1181 25500.0 -04986.6 -11.0647 25983.0,1,1,2026,4,16,-201.181,25500.0,-04986.6,-110.647,25983.0
01 01 2026  04 17  -20.1183 25499.9 -04986.5 -11.0646 25982.8,1,1,2026,4,17,-201.183,25499.9,-04986.5,-110.646,25982.8
01 01 2026  04 18  -20.1184 25499.6 -04986.4 -11.0644 25982.6,1,1,2026,4,18,-201.184,25499.6,-04986.4,-110.644,25982.6
01 01 2026  04 19  -20.1186 25499.6 -04986.3 -11.0643 25982.6,1,1,2026,4,19,-201.186,25499.6,-04986.3,-110.643,25982.6
01 01 2026  04 20  -20.1186 25499.4 -04986.2 -11.0640 25982.3,1,1,2026,4,20,-201.186,25499.4,-04986.2,-110.640,25982.3
01 01 2026  04 21  -20.1186 25499.0 -04985.9 -11.0636 25981.9,1,1,2026,4,21,-201.186,25499.0,-04985.9,-110.636,25981.9
01 01 2026  04 22  -20.1183 25499.0 -04985.8 -11.0634 25981.8,1,1,2026,4,22,-201.183,25499.0,-04985.8,-110.634,25981.8
01 01 2026  04 23  -20.1182 25498.7 -04985.7 -11.0632 25981.5,1,1,2026,4,23,-201.182,25498.7,-04985.7,-110.632,25981.5
01 01 2026  04 24  -20.1181 25498.5 -04985.6 -11.0631 25981.3,1,1,2026,4,24,-201.181,25498.5,-04985.6,-110.631,25981.3
01 01 2026  04 25  -20.1180 25498.6 -04985.6 -11.0632 25981.4,1,1,2026,4,25,-201.180,25498.6,-04985.6,-110.632,25981.4
01 01 2026  04 26  -20.1179 25498.9 -04985.8 -11.0635 25981.7,1,1,2026,4,26,-201.179,25498.9,-04985.8,-110.635,25981.7
01 01 2026  04 27  -20.1179 25499.0 -04986.0 -11.0638 25981.9,1,1,2026,4,27,-201.179,25499.0,-04986.0,-110.638,25981.9
01 01 2026  04 28  -20.1180 25499.0 -04986.1 -11.0640 25981.9,1,1,2026,4,28,-201.180,25499.0,-04986.1,-110.640,25981.9
01 01 2026  04 29  -20.1179 25499.0 -04986.0 -11.0639 25981.9,1,1,2026,4,29,-201.179,25499.0,-04986.0,-110.639,25981.9
01 01 2026  04 30  -20.1178 25499.1 -04986.1 -11.0641 25982.0,1,1,2026,4,30,-201.178,25499.1,-04986.1,-110.641,25982.0
01 01 2026  04 31  -20.1177 25498.8 -04986.0 -11.0640 25981.7,1,1,2026,4,31,-201.177,25498.8,-04986.0,-110.640,25981.7
01 01 2026  04 32  -20.1177 25498.4 -04985.8 -11.0636 25981.2,1,1,2026,4,32,-201.177,25498.4,-04985.8,-110.636,25981.2
01 01 2026  04 33  -20.1175 25498.3 -04985.7 -11.0635 25981.1,1,1,2026,4,33,-201.175,25498.3,-04985.7,-110.635,25981.1
01 01 2026  04 34  -20.1173 25498.4 -04985.8 -11.0637 25981.3,1,1,2026,4,34,-201.173,25498.4,-04985.8,-110.637,25981.3
01 01 2026  04 35  -20.1173 25498.4 -04985.9 -11.0638 25981.3,1,1,2026,4,35,-201.173,25498.4,-04985.9,-110.638,25981.3
01 01 2026  04 36  -20.1172 25498.4 -04985.9 -11.0639 25981.3,1,1,2026,4,36,-201.172,25498.4,-04985.9,-110.639,25981.3
01 01 2026  04 37  -20.1171 25498.6 -04986.2 -11.0644 25981.5,1,1,2026,4,37,-201.171,25498.6,-04986.2,-110.644,25981.5
01 01 2026  04 38  -20.1170 25498.7 -04986.2 -11.0645 25981.6,1,1,2026,4,38,-201.170,25498.7,-04986.2,-110.645,25981.6
01 01 2026  04 39  -20.1172 25498.6 -04986.3 -11.0647 25981.6,1,1,2026,4,39,-201.172,25498.6,-04986.3,-110.647,25981.6
01 01 2026  04 40  -20.1173 25498.4 -04986.2 -11.0646 25981.3,1,1,2026,4,40,-201.173,25498.4,-04986.2,-110.646,25981.3
01 01 2026  04 41  -20.1173 25498.1 -04986.1 -11.0644 25981.0,1,1,2026,4,41,-201.173,25498.1,-04986.1,-110.644,25981.0
01 01 2026  04 42  -20.1172 25498.0 -04986.0 -11.0643 25980.9,1,1,2026,4,42,-201.172,25498.0,-04986.0,-110.643,25980.9
01 01 2026  04 43  -20.1175 25497.6 -04985.9 -11.0642 25980.5,1,1,2026,4,43,-201.175,25497.6,-04985.9,-110.642,25980.5
01 01 2026  04 44  -20.1178 25497.4 -04985.8 -11.0641 25980.3,1,1,2026,4,44,-201.178,25497.4,-04985.8,-110.641,25980.3
01 01 2026  04 45  -20.1182 25497.2 -04985.8 -11.0641 25980.1,1,1,2026,4,45,-201.182,25497.2,-04985.8,-110.641,25980.1
01 01 2026  04 46  -20.1184 25497.2 -04985.8 -11.0642 25980.1,1,1,2026,4,46,-201.184,25497.2,-04985.8,-110.642,25980.1
01 01 2026  04 47  -20.1187 25497.1 -04985.7 -11.0641 25980.0,1,1,2026,4,47,-201.187,25497.1,-04985.7,-110.641,25980.0
01 01 2026  04 48  -20.1188 25496.9 -04985.5 -11.0637 25979.8,1,1,2026,4,48,-201.188,25496.9,-04985.5,-110.637,25979.8
01 01 2026  04 49  -20.1191 25496.3 -04985.4 -11.0638 25979.1,1,1,2026,4,49,-201.191,25496.3,-04985.4,-110.638,25979.1
01 01 2026  04 50  -20.1194 25495.6 -04985.0 -11.0632 25978.4,1,1,2026,4,50,-201.194,25495.6,-04985.0,-110.632,25978.4
01 01 2026  04 51  -20.1197 25495.3 -04985.0 -11.0631 25978.1,1,1,2026,4,51,-201.197,25495.3,-04985.0,-110.631,25978.1
01 01 2026  04 52  -20.1200 25495.2 -04984.9 -11.0631 25978.0,1,1,2026,4,52,-201.200,25495.2,-04984.9,-110.631,25978.0
01 01 2026  04 53  -20.1201 25495.4 -04985.0 -11.0633 25978.1,1,1,2026,4,53,-201.201,25495.4,-04985.0,-110.633,25978.1
01 01 2026  04 54  -20.1204 25495.6 -04985.2 -11.0636 25978.4,1,1,2026,4,54,-201.204,25495.6,-04985.2,-110.636,25978.4
01 01 2026  04 55  -20.1205 25495.8 -04985.5 -11.0641 25978.7,1,1,2026,4,55,-201.205,25495.8,-04985.5,-110.641,25978.7
01 01 2026  04 56  -20.1206 25496.1 -04985.7 -11.0643 25979.0,1,1,2026,4,56,-201.206,25496.1,-04985.7,-110.643,25979.0
01 01 2026  04 57  -20.1206 25496.5 -04986.0 -11.0648 25979.4,1,1,2026,4,57,-201.206,25496.5,-04986.0,-110.648,25979.4
01 01 2026  04 58  -20.1205 25496.9 -04986.2 -11.0651 25979.9,1,1,2026,4,58,-201.205,25496.9,-04986.2,-110.651,25979.9
01 01 2026  04 59  -20.1204 25497.4 -04986.4 -11.0654 25980.4,1,1,2026,4,59,-201.204,25497.4,-04986.4,-110.654,25980.4
01 01 2026  05 00  -20.1202 25497.9 -04986.8 -11.0661 25981.0,1,1,2026,5,0,-201.202,25497.9,-04986.8,-110.661,25981.0
01 01 2026  05 01  -20.1201 25498.3 -04987.1 -11.0665 25981.4,1,1,2026,5,1,-201.201,25498.3,-04987.1,-110.665,25981.4
01 01 2026  05 02  -20.1201 25498.7 -04987.3 -11.0668 25981.8,1,1,2026,5,2,-201.201,25498.7,-04987.3,-110.668,25981.8
01 01 2026  05 03  -20.1201 25498.9 -04987.4 -11.0669 25982.0,1,1,2026,5,3,-201.201,25498.9,-04987.4,-110.669,25982.0
01 01 2026  05 04  -20.1201 25498.9 -04987.4 -11.0668 25982.1,1,1,2026,5,4,-201.201,25498.9,-04987.4,-110.668,25982.1
01 01 2026  05 05  -20.1200 25498.8 -04987.3 -11.0667 25981.9,1,1,2026,5,5,-201.200,25498.8,-04987.3,-110.667,25981.9
01 01 2026  05 06  -20.1198 25498.4 -04987.0 -11.0662 25981.5,1,1,2026,5,6,-201.198,25498.4,-04987.0,-110.662,25981.5
01 01 2026  05 07  -20.1196 25498.0 -04986.6 -11.0656 25981.0,1,1,2026,5,7,-201.196,25498.0,-04986.6,-110.656,25981.0
01 01 2026  05 08  -20.1194 25497.7 -04986.4 -11.0653 25980.7,1,1,2026,5,8,-201.194,25497.7,-04986.4,-110.653,25980.7
01 01 2026  05 09  -20.1193 25497.5 -04986.4 -11.0653 25980.5,1,1,2026,5,9,-201.193,25497.5,-04986.4,-110.653,25980.5
01 01 2026  05 10  -20.1193 25497.5 -04986.4 -11.0653 25980.5,1,1,2026,5,10,-201.193,25497.5,-04986.4,-110.653,25980.5
01 01 2026  05 11  -20.1193 25497.7 -04986.5 -11.0656 25980.7,1,1,2026,5,11,-201.193,25497.7,-04986.5,-110.656,25980.7
01 01 2026  05 12  -20.1195 25497.6 -04986.6 -11.0657 25980.7,1,1,2026,5,12,-201.195,25497.6,-04986.6,-110.657,25980.7
01 01 2026  05 13  -20.1199 25497.5 -04986.6 -11.0658 25980.6,1,1,2026,5,13,-201.199,25497.5,-04986.6,-110.658,25980.6
01 01 2026  05 14  -20.1201 25497.6 -04986.7 -11.0659 25980.6,1,1,2026,5,14,-201.201,25497.6,-04986.7,-110.659,25980.6
01 01 2026  05 15  -20.1203 25497.8 -04986.8 -11.0661 25980.9,1,1,2026,5,15,-201.203,25497.8,-04986.8,-110.661,25980.9
01 01 2026  05 16  -20.1204 25498.0 -04987.0 -11.0664 25981.1,1,1,2026,5,16,-201.204,25498.0,-04987.0,-110.664,25981.1
01 01 2026  05 17  -20.1207 25498.3 -04987.2 -11.0667 25981.4,1,1,2026,5,17,-201.207,25498.3,-04987.2,-110.667,25981.4
01 01 2026  05 18  -20.1210 25498.5 -04987.3 -11.0669 25981.7,1,1,2026,5,18,-201.210,25498.5,-04987.3,-110.669,25981.7
01 01 2026  05 19  -20.1213 25498.7 -04987.4 -11.0669 25981.9,1,1,2026,5,19,-201.213,25498.7,-04987.4,-110.669,25981.9
01 01 2026  05 20  -20.1215 25498.8 -04987.5 -11.0671 25982.0,1,1,2026,5,20,-201.215,25498.8,-04987.5,-110.671,25982.0
01 01 2026  05 21  -20.1218 25498.5 -04987.3 -11.0668 25981.7,1,1,2026,5,21,-201.218,25498.5,-04987.3,-110.668,25981.7
01 01 2026  05 22  -20.1222 25497.8 -04986.8 -11.0660 25980.9,1,1,2026,5,22,-201.222,25497.8,-04986.8,-110.660,25980.9
01 01 2026  05 23  -20.1225 25497.2 -04986.3 -11.0652 25980.2,1,1,2026,5,23,-201.225,25497.2,-04986.3,-110.652,25980.2
01 01 2026  05 24  -20.1225 25497.0 -04986.1 -11.0648 25980.0,1,1,2026,5,24,-201.225,25497.0,-04986.1,-110.648,25980.0
01 01 2026  05 25  -20.1223 25497.3 -04986.2 -11.0649 25980.3,1,1,2026,5,25,-201.223,25497.3,-04986.2,-110.649,25980.3
01 01 2026  05 26  -20.1223 25497.7 -04986.4 -11.0653 25980.8,1,1,2026,5,26,-201.223,25497.7,-04986.4,-110.653,25980.8
01 01 2026  05 27  -20.1222 25498.2 -04986.7 -11.0658 25981.3,1,1,2026,5,27,-201.222,25498.2,-04986.7,-110.658,25981.3
01 01 2026  05 28  -20.1222 25498.5 -04986.9 -11.0660 25981.6,1,1,2026,5,28,-201.222,25498.5,-04986.9,-110.660,25981.6
01 01 2026  05 29  -20.1223 25499.1 -04987.2 -11.0665 25982.2,1,1,2026,5,29,-201.223,25499.1,-04987.2,-110.665,25982.2
01 01 2026  05 30  -20.1225 25499.7 -04987.6 -11.0671 25982.9,1,1,2026,5,30,-201.225,25499.7,-04987.6,-110.671,25982.9
01 01 2026  05 31  -20.1229 25500.4 -04988.0 -11.0677 25983.6,1,1,2026,5,31,-201.229,25500.4,-04988.0,-110.677,25983.6
01 01 2026  05 32  -20.1232 25501.1 -04988.5 -11.0682 25984.5,1,1,2026,5,32,-201.232,25501.1,-04988.5,-110.682,25984.5
01 01 2026  05 33  -20.1234 25501.8 -04988.7 -11.0686 25985.2,1,1,2026,5,33,-201.234,25501.8,-04988.7,-110.686,25985.2
01 01 2026  05 34  -20.1234 25502.2 -04988.8 -11.0686 25985.6,1,1,2026,5,34,-201.234,25502.2,-04988.8,-110.686,25985.6
01 01 2026  05 35  -20.1234 25502.5 -04988.8 -11.0685 25985.9,1,1,2026,5,35,-201.234,25502.5,-04988.8,-110.685,25985.9
01 01 2026  05 36  -20.1233 25502.6 -04988.7 -11.0682 25985.9,1,1,2026,5,36,-201.233,25502.6,-04988.7,-110.682,25985.9
01 01 2026  05 37  -20.1232 25502.3 -04988.4 -11.0677 25985.6,1,1,2026,5,37,-201.232,25502.3,-04988.4,-110.677,25985.6
01 01 2026  05 38  -20.1228 25501.8 -04987.9 -11.0668 25985.0,1,1,2026,5,38,-201.228,25501.8,-04987.9,-110.668,25985.0
01 01 2026  05 39  -20.1224 25501.4 -04987.5 -11.0661 25984.6,1,1,2026,5,39,-201.224,25501.4,-04987.5,-110.661,25984.6
01 01 2026  05 40  -20.1219 25501.0 -04987.2 -11.0655 25984.1,1,1,2026,5,40,-201.219,25501.0,-04987.2,-110.655,25984.1
01 01 2026  05 41  -20.1210 25500.4 -04986.8 -11.0650 25983.5,1,1,2026,5,41,-201.210,25500.4,-04986.8,-110.650,25983.5
01 01 2026  05 42  -20.1201 25500.1 -04986.6 -11.0646 25983.1,1,1,2026,5,42,-201.201,25500.1,-04986.6,-110.646,25983.1
01 01 2026  05 43  -20.1193 25500.0 -04986.5 -11.0646 25983.0,1,1,2026,5,43,-201.193,25500.0,-04986.5,-110.646,25983.0
01 01 2026  05 44  -20.1184 25499.8 -04986.5 -11.0646 25982.8,1,1,2026,5,44,-201.184,25499.8,-04986.5,-110.646,25982.8
01 01 2026  05 45  -20.1175 25499.7 -04986.6 -11.0648 25982.7,1,1,2026,5,45,-201.175,25499.7,-04986.6,-110.648,25982.7
01 01 2026  05 46  -20.1169 25499.4 -04986.6 -11.0650 25982.4,1,1,2026,5,46,-201.169,25499.4,-04986.6,-110.650,25982.4
01 01 2026  05 47  -20.1164 25499.2 -04986.7 -11.0652 25982.2,1,1,2026,5,47,-201.164,25499.2,-04986.7,-110.652,25982.2
01 01 2026  05 48  -20.1162 25498.8 -04986.6 -11.0652 25981.9,1,1,2026,5,48,-201.162,25498.8,-04986.6,-110.652,25981.9
01 01 2026  05 49  -20.1163 25498.5 -04986.6 -11.0653 25981.5,1,1,2026,5,49,-201.163,25498.5,-04986.6,-110.653,25981.5
01 01 2026  05 50  -20.1166 25498.5 -04986.7 -11.0656 25981.6,1,1,2026,5,50,-201.166,25498.5,-04986.7,-110.656,25981.6
01 01 2026  05 51  -20.1168 25498.7 -04987.0 -11.0660 25981.8,1,1,2026,5,51,-201.168,25498.7,-04987.0,-110.660,25981.8
01 01 2026  05 52  -20.1172 25499.2 -04987.3 -11.0667 25982.3,1,1,2026,5,52,-201.172,25499.2,-04987.3,-110.667,25982.3
01 01 2026  05 53  -20.1175 25499.3 -04987.5 -11.0670 25982.5,1,1,2026,5,53,-201.175,25499.3,-04987.5,-110.670,25982.5
01 01 2026  05 54  -20.1181 25499.3 -04987.5 -11.0670 25982.5,1,1,2026,5,54,-201.181,25499.3,-04987.5,-110.670,25982.5
01 01 2026  05 55  -20.1189 25499.3 -04987.6 -11.0671 25982.5,1,1,2026,5,55,-201.189,25499.3,-04987.6,-110.671,25982.5
01 01 2026  05 56  -20.1197 25499.4 -04987.6 -11.0672 25982.6,1,1,2026,5,56,-201.197,25499.4,-04987.6,-110.672,25982.6
01 01 2026  05 57  -20.1204 25499.3 -04987.6 -11.0671 25982.5,1,1,2026,5,57,-201.204,25499.3,-04987.6,-110.671,25982.5
01 01 2026  05 58  -20.1207 25499.1 -04987.3 -11.0665 25982.2,1,1,2026,5,58,-201.207,25499.1,-04987.3,-110.665,25982.2
01 01 2026  05 59  -20.1210 25499.3 -04987.2 -11.0664 25982.4,1,1,2026,5,59,-201.210,25499.3,-04987.2,-110.664,25982.4
01 01 2026  06 00  -20.1213 25499.4 -04987.2 -11.0664 25982.5,1,1,2026,6,0,-201.213,25499.4,-04987.2,-110.664,25982.5
01 01 2026  06 01  -20.1220 25499.5 -04987.2 -11.0663 25982.6,1,1,2026,6,1,-201.220,25499.5,-04987.2,-110.663,25982.6
01 01 2026  06 02  -20.1227 25499.4 -04987.2 -11.0662 25982.5,1,1,2026,6,2,-201.227,25499.4,-04987.2,-110.662,25982.5
01 01 2026  06 03  -20.1233 25499.3 -04987.0 -11.0660 25982.4,1,1,2026,6,3,-201.233,25499.3,-04987.0,-110.660,25982.4
01 01 2026  06 04  -20.1238 25499.2 -04986.9 -11.0656 25982.3,1,1,2026,6,4,-201.238,25499.2,-04986.9,-110.656,25982.3
01 01 2026  06 05  -20.1244 25499.4 -04986.8 -11.0655 25982.4,1,1,2026,6,5,-201.244,25499.4,-04986.8,-110.655,25982.4
01 01 2026  06 06  -20.1249 25499.5 -04986.8 -11.0653 25982.6,1,1,2026,6,6,-201.249,25499.5,-04986.8,-110.653,25982.6
01 01 2026  06 07  -20.1256 25499.9 -04986.9 -11.0654 25983.0,1,1,2026,6,7,-201.256,25499.9,-04986.9,-110.654,25983.0
01 01 2026  06 08  -20.1263 25500.5 -04987.1 -11.0657 25983.6,1,1,2026,6,8,-201.263,25500.5,-04987.1,-110.657,25983.6
01 01 2026  06 09  -20.1272 25500.9 -04987.3 -11.0659 25984.0,1,1,2026,6,9,-201.272,25500.9,-04987.3,-110.659,25984.0
01 01 2026  06 10  -20.1280 25500.8 -04987.1 -11.0655 25983.8,1,1,2026,6,10,-201.280,25500.8,-04987.1,-110.655,25983.8
01 01 2026  06 11  -20.1284 25500.8 -04986.9 -11.0650 25983.8,1,1,2026,6,11,-201.284,25500.8,-04986.9,-110.650,25983.8
01 01 2026  06 12  -20.1286 25500.8 -04986.7 -11.0646 25983.8,1,1,2026,6,12,-201.286,25500.8,-04986.7,-110.646,25983.8
01 01 2026  06 13  -20.1288 25500.8 -04986.5 -11.0641 25983.7,1,1,2026,6,13,-201.288,25500.8,-04986.5,-110.641,25983.7
01 01 2026  06 14  -20.1290 25500.9 -04986.4 -11.0638 25983.9,1,1,2026,6,14,-201.290,25500.9,-04986.4,-110.638,25983.9
01 01 2026  06 15  -20.1293 25500.8 -04986.2 -11.0635 25983.7,1,1,2026,6,15,-201.293,25500.8,-04986.2,-110.635,25983.7
01 01 2026  06 16  -20.1295 25500.9 -04986.1 -11.0632 25983.8,1,1,2026,6,16,-201.295,25500.9,-04986.1,-110.632,25983.8
01 01 2026  06 17  -20.1296 25500.8 -04985.9 -11.0628 25983.7,1,1,2026,6,17,-201.296,25500.8,-04985.9,-110.628,25983.7
01 01 2026  06 18  -20.1296 25500.9 -04985.8 -11.0626 25983.7,1,1,2026,6,18,-201.296,25500.9,-04985.8,-110.626,25983.7
01 01 2026  06 19  -20.1295 25500.9 -04985.7 -11.0624 25983.7,1,1,2026,6,19,-201.295,25500.9,-04985.7,-110.624,25983.7
01 01 2026  06 20  -20.1295 25500.9 -04985.6 -11.0622 25983.7,1,1,2026,6,20,-201.295,25500.9,-04985.6,-110.622,25983.7
01 01 2026  06 21  -20.1296 25500.8 -04985.5 -11.0620 25983.6,1,1,2026,6,21,-201.296,25500.8,-04985.5,-110.620,25983.6
01 01 2026  06 22  -20.1298 25500.5 -04985.2 -11.0615 25983.2,1,1,2026,6,22,-201.298,25500.5,-04985.2,-110.615,25983.2
01 01 2026  06 23  -20.1298 25500.4 -04985.0 -11.0612 25983.1,1,1,2026,6,23,-201.298,25500.4,-04985.0,-110.612,25983.1
01 01 2026  06 24  -20.1299 25500.5 -04985.1 -11.0612 25983.2,1,1,2026,6,24,-201.299,25500.5,-04985.1,-110.612,25983.2
01 01 2026  06 25  -20.1298 25500.7 -04985.1 -11.0612 25983.4,1,1,2026,6,25,-201.298,25500.7,-04985.1,-110.612,25983.4
01 01 2026  06 26  -20.1295 25501.0 -04985.3 -11.0614 25983.7,1,1,2026,6,26,-201.295,25501.0,-04985.3,-110.614,25983.7
01 01 2026  06 27  -20.1292 25501.0 -04985.3 -11.0614 25983.8,1,1,2026,6,27,-201.292,25501.0,-04985.3,-110.614,25983.8
01 01 2026  06 28  -20.1293 25500.4 -04984.9 -11.0609 25983.0,1,1,2026,6,28,-201.293,25500.4,-04984.9,-110.609,25983.0
01 01 2026  06 29  -20.1292 25500.2 -04984.6 -11.0604 25982.8,1,1,2026,6,29,-201.292,25500.2,-04984.6,-110.604,25982.8
01 01 2026  06 30  -20.1289 25500.2 -04984.6 -11.0603 25982.8,1,1,2026,6,30,-201.289,25500.2,-04984.6,-110.603,25982.8
01 01 2026  06 31  -20.1287 25500.3 -04984.6 -11.0603 25982.9,1,1,2026,6,31,-201.287,25500.3,-04984.6,-110.603,25982.9
01 01 2026  06 32  -20.1285 25500.4 -04984.7 -11.0604 25983.0,1,1,2026,6,32,-201.285,25500.4,-04984.7,-110.604,25983.0
01 01 2026  06 33  -20.1284 25500.0 -04984.5 -11.0602 25982.6,1,1,2026,6,33,-201.284,25500.0,-04984.5,-110.602,25982.6
01 01 2026  06 34  -20.1282 25500.0 -04984.5 -11.0601 25982.6,1,1,2026,6,34,-201.282,25500.0,-04984.5,-110.601,25982.6
01 01 2026  06 35  -20.1280 25499.9 -04984.4 -11.0599 25982.4,1,1,2026,6,35,-201.280,25499.9,-04984.4,-110.599,25982.4
01 01 2026  06 36  -20.1280 25499.5 -04984.2 -11.0596 25982.0,1,1,2026,6,36,-201.280,25499.5,-04984.2,-110.596,25982.0
01 01 2026  06 37  -20.1279 25499.2 -04984.0 -11.0594 25981.7,1,1,2026,6,37,-201.279,25499.2,-04984.0,-110.594,25981.7
01 01 2026  06 38  -20.1276 25499.1 -04983.9 -11.0593 25981.6,1,1,2026,6,38,-201.276,25499.1,-04983.9,-110.593,25981.6
01 01 2026  06 39  -20.1275 25499.2 -04984.0 -11.0593 25981.7,1,1,2026,6,39,-201.275,25499.2,-04984.0,-110.593,25981.7
01 01 2026  06 40  -20.1274 25499.3 -04984.1 -11.0596 25981.8,1,1,2026,6,40,-201.274,25499.3,-04984.1,-110.596,25981.8
01 01 2026  06 41  -20.1273 25499.3 -04984.1 -11.0597 25981.9,1,1,2026,6,41,-201.273,25499.3,-04984.1,-110.597,25981.9
01 01 2026  06 42  -20.1272 25499.3 -04984.1 -11.0597 25981.8,1,1,2026,6,42,-201.272,25499.3,-04984.1,-110.597,25981.8
01 01 2026  06 43  -20.1269 25499.1 -04984.0 -11.0596 25981.6,1,1,2026,6,43,-201.269,25499.1,-04984.0,-110.596,25981.6
01 01 2026  06 44  -20.1264 25498.9 -04983.9 -11.0593 25981.4,1,1,2026,6,44,-201.264,25498.9,-04983.9,-110.593,25981.4
01 01 2026  06 45  -20.1262 25498.6 -04983.7 -11.0590 25981.0,1,1,2026,6,45,-201.262,25498.6,-04983.7,-110.590,25981.0
01 01 2026  06 46  -20.1261 25498.2 -04983.6 -11.0589 25980.7,1,1,2026,6,46,-201.261,25498.2,-04983.6,-110.589,25980.7
01 01 2026  06 47  -20.1260 25498.4 -04983.6 -11.0589 25980.9,1,1,2026,6,47,-201.260,25498.4,-04983.6,-110.589,25980.9
01 01 2026  06 48  -20.1255 25499.0 -04983.9 -11.0594 25981.5,1,1,2026,6,48,-201.255,25499.0,-04983.9,-110.594,25981.5
01 01 2026  06 49  -20.1253 25499.2 -04984.1 -11.0596 25981.7,1,1,2026,6,49,-201.253,25499.2,-04984.1,-110.596,25981.7
01 01 2026  06 50  -20.1251 25499.4 -04984.2 -11.0598 25982.0,1,1,2026,6,50,-201.251,25499.4,-04984.2,-110.598,25982.0
01 01 2026  06 51  -20.1248 25499.7 -04984.4 -11.0601 25982.3,1,1,2026,6,51,-201.248,25499.7,-04984.4,-110.601,25982.3
01 01 2026  06 52  -20.1245 25499.9 -04984.6 -11.0603 25982.5,1,1,2026,6,52,-201.245,25499.9,-04984.6,-110.603,25982.5
01 01 2026  06 53  -20.1245 25499.8 -04984.5 -11.0603 25982.4,1,1,2026,6,53,-201.245,25499.8,-04984.5,-110.603,25982.4
01 01 2026  06 54  -20.1244 25499.7 -04984.5 -11.0603 25982.3,1,1,2026,6,54,-201.244,25499.7,-04984.5,-110.603,25982.3
01 01 2026  06 55  -20.1243 25499.3 -04984.3 -11.0600 25981.9,1,1,2026,6,55,-201.243,25499.3,-04984.3,-110.600,25981.9
01 01 2026  06 56  -20.1243 25498.8 -04984.0 -11.0596 25981.3,1,1,2026,6,56,-201.243,25498.8,-04984.0,-110.596,25981.3
01 01 2026  06 57  -20.1243 25498.2 -04983.7 -11.0591 25980.7,1,1,2026,6,57,-201.243,25498.2,-04983.7,-110.591,25980.7
01 01 2026  06 58  -20.1241 25498.0 -04983.5 -11.0588 25980.4,1,1,2026,6,58,-201.241,25498.0,-04983.5,-110.588,25980.4
01 01 2026  06 59  -20.1239 25497.9 -04983.4 -11.0587 25980.3,1,1,2026,6,59,-201.239,25497.9,-04983.4,-110.587,25980.3
01 01 2026  07 00  -20.1236 25497.8 -04983.5 -11.0588 25980.3,1,1,2026,7,0,-201.236,25497.8,-04983.5,-110.588,25980.3
01 01 2026  07 01  -20.1234 25497.6 -04983.4 -11.0588 25980.0,1,1,2026,7,1,-201.234,25497.6,-04983.4,-110.588,25980.0
01 01 2026  07 02  -20.1229 25497.5 -04983.4 -11.0588 25980.0,1,1,2026,7,2,-201.229,25497.5,-04983.4,-110.588,25980.0
01 01 2026  07 03  -20.1224 25497.4 -04983.4 -11.0588 25979.9,1,1,2026,7,3,-201.224,25497.4,-04983.4,-110.588,25979.9
01 01 2026  07 04  -20.1219 25497.2 -04983.3 -11.0587 25979.6,1,1,2026,7,4,-201.219,25497.2,-04983.3,-110.587,25979.6
01 01 2026  07 05  -20.1217 25497.0 -04983.2 -11.0586 25979.4,1,1,2026,7,5,-201.217,25497.0,-04983.2,-110.586,25979.4
01 01 2026  07 06  -20.1213 25496.7 -04983.1 -11.0586 25979.1,1,1,2026,7,6,-201.213,25496.7,-04983.1,-110.586,25979.1
01 01 2026  07 07  -20.1208 25496.6 -04983.1 -11.0586 25979.0,1,1,2026,7,7,-201.208,25496.6,-04983.1,-110.586,25979.0
01 01 2026  07 08  -20.1203 25496.7 -04983.2 -11.0587 25979.1,1,1,2026,7,8,-201.203,25496.7,-04983.2,-110.587,25979.1
01 01 2026  07 09  -20.1197 25496.4 -04983.2 -11.0588 25978.9,1,1,2026,7,9,-201.197,25496.4,-04983.2,-110.588,25978.9
01 01 2026  07 10  -20.1195 25496.2 -04983.1 -11.0588 25978.6,1,1,2026,7,10,-201.195,25496.2,-04983.1,-110.588,25978.6
01 01 2026  07 11  -20.1192 25495.7 -04982.9 -11.0586 25978.0,1,1,2026,7,11,-201.192,25495.7,-04982.9,-110.586,25978.0
01 01 2026  07 12  -20.1190 25494.9 -04982.6 -11.0581 25977.3,1,1,2026,7,12,-201.190,25494.9,-04982.6,-110.581,25977.3
01 01 2026  07 13  -20.1184 25494.5 -04982.4 -11.0578 25976.8,1,1,2026,7,13,-201.184,25494.5,-04982.4,-110.578,25976.8
01 01 2026  07 14  -20.1181 25494.3 -04982.4 -11.0580 25976.6,1,1,2026,7,14,-201.181,25494.3,-04982.4,-110.580,25976.6
01 01 2026  07 15  -20.1180 25494.1 -04982.4 -11.0582 25976.4,1,1,2026,7,15,-201.180,25494.1,-04982.4,-110.582,25976.4
01 01 2026  07 16  -20.1180 25493.9 -04982.5 -11.0584 25976.2,1,1,2026,7,16,-201.180,25493.9,-04982.5,-110.584,25976.2
01 01 2026  07 17  -20.1181 25493.7 -04982.5 -11.0585 25976.0,1,1,2026,7,17,-201.181,25493.7,-04982.5,-110.585,25976.0
01 01 2026  07 18  -20.1179 25493.7 -04982.6 -11.0588 25976.1,1,1,2026,7,18,-201.179,25493.7,-04982.6,-110.588,25976.1
01 01 2026  07 19  -20.1178 25493.4 -04982.6 -11.0588 25975.8,1,1,2026,7,19,-201.178,25493.4,-04982.6,-110.588,25975.8
01 01 2026  07 20  -20.1179 25493.0 -04982.4 -11.0586 25975.4,1,1,2026,7,20,-201.179,25493.0,-04982.4,-110.586,25975.4
01 01 2026  07 21  -20.1179 25492.7 -04982.3 -11.0585 25975.0,1,1,2026,7,21,-201.179,25492.7,-04982.3,-110.585,25975.0
01 01 2026  07 22  -20.1177 25492.2 -04982.1 -11.0583 25974.5,1,1,2026,7,22,-201.177,25492.2,-04982.1,-110.583,25974.5
01 01 2026  07 23  -20.1179 25491.8 -04981.9 -11.0580 25974.1,1,1,2026,7,23,-201.179,25491.8,-04981.9,-110.580,25974.1
01 01 2026  07 24  -20.1180 25491.5 -04981.8 -11.0580 25973.8,1,1,2026,7,24,-201.180,25491.5,-04981.8,-110.580,25973.8
01 01 2026  07 25  -20.1181 25491.2 -04981.8 -11.0580 25973.4,1,1,2026,7,25,-201.181,25491.2,-04981.8,-110.580,25973.4
01 01 2026  07 26  -20.1183 25490.7 -04981.5 -11.0577 25972.9,1,1,2026,7,26,-201.183,25490.7,-04981.5,-110.577,25972.9
01 01 2026  07 27  -20.1186 25490.7 -04981.6 -11.0578 25972.9,1,1,2026,7,27,-201.186,25490.7,-04981.6,-110.578,25972.9
01 01 2026  07 28  -20.1186 25490.7 -04981.7 -11.0580 25972.9,1,1,2026,7,28,-201.186,25490.7,-04981.7,-110.580,25972.9
01 01 2026  07 29  -20.1189 25490.2 -04981.5 -11.0578 25972.4,1,1,2026,7,29,-201.189,25490.2,-04981.5,-110.578,25972.4
01 01 2026  07 30  -20.1193 25489.7 -04981.2 -11.0575 25971.8,1,1,2026,7,30,-201.193,25489.7,-04981.2,-110.575,25971.8
01 01 2026  07 31  -20.1195 25489.4 -04981.1 -11.0573 25971.6,1,1,2026,7,31,-201.195,25489.4,-04981.1,-110.573,25971.6
01 01 2026  07 32  -20.1193 25489.1 -04980.9 -11.0570 25971.2,1,1,2026,7,32,-201.193,25489.1,-04980.9,-110.570,25971.2
01 01 2026  07 33  -20.1193 25488.8 -04980.7 -11.0568 25970.8,1,1,2026,7,33,-201.193,25488.8,-04980.7,-110.568,25970.8
01 01 2026  07 34  -20.1195 25488.5 -04980.6 -11.0566 25970.5,1,1,2026,7,34,-201.195,25488.5,-04980.6,-110.566,25970.5
01 01 2026  07 35  -20.1196 25488.2 -04980.5 -11.0565 25970.2,1,1,2026,7,35,-201.196,25488.2,-04980.5,-110.565,25970.2
01 01 2026  07 36  -20.1200 25488.0 -04980.5 -11.0566 25970.1,1,1,2026,7,36,-201.200,25488.0,-04980.5,-110.566,25970.1
01 01 2026  07 37  -20.1201 25488.0 -04980.5 -11.0567 25970.1,1,1,2026,7,37,-201.201,25488.0,-04980.5,-110.567,25970.1
01 01 2026  07 38  -20.1206 25487.9 -04980.5 -11.0567 25969.9,1,1,2026,7,38,-201.206,25487.9,-04980.5,-110.567,25969.9
01 01 2026  07 39  -20.1207 25487.8 -04980.4 -11.0565 25969.8,1,1,2026,7,39,-201.207,25487.8,-04980.4,-110.565,25969.8
01 01 2026  07 40  -20.1212 25487.6 -04980.4 -11.0565 25969.6,1,1,2026,7,40,-201.212,25487.6,-04980.4,-110.565,25969.6
01 01 2026  07 41  -20.1216 25487.7 -04980.5 -11.0567 25969.8,1,1,2026,7,41,-201.216,25487.7,-04980.5,-110.567,25969.8
01 01 2026  07 42  -20.1221 25487.9 -04980.7 -11.0570 25970.0,1,1,2026,7,42,-201.221,25487.9,-04980.7,-110.570,25970.0
01 01 2026  07 43  -20.1233 25487.9 -04980.7 -11.0572 25970.0,1,1,2026,7,43,-201.233,25487.9,-04980.7,-110.572,25970.0
01 01 2026  07 44  -20.1239 25488.1 -04980.8 -11.0573 25970.3,1,1,2026,7,44,-201.239,25488.1,-04980.8,-110.573,25970.3
01 01 2026  07 45  -20.1240 25488.6 -04981.1 -11.0575 25970.8,1,1,2026,7,45,-201.240,25488.6,-04981.1,-110.575,25970.8
01 01 2026  07 46  -20.1250 25488.6 -04981.1 -11.0576 25970.8,1,1,2026,7,46,-201.250,25488.6,-04981.1,-110.576,25970.8
01 01 2026  07 47  -20.1257 25488.8 -04981.1 -11.0576 25971.0,1,1,2026,7,47,-201.257,25488.8,-04981.1,-110.576,25971.0
01 01 2026  07 48  -20.1262 25489.4 -04981.3 -11.0578 25971.5,1,1,2026,7,48,-201.262,25489.4,-04981.3,-110.578,25971.5
01 01 2026  07 49  -20.1265 25490.3 -04981.7 -11.0583 25972.5,1,1,2026,7,49,-201.265,25490.3,-04981.7,-110.583,25972.5
01 01 2026  07 50  -20.1270 25490.8 -04981.9 -11.0585 25973.1,1,1,2026,7,50,-201.270,25490.8,-04981.9,-110.585,25973.1
01 01 2026  07 51  -20.1270 25491.1 -04982.0 -11.0585 25973.4,1,1,2026,7,51,-201.270,25491.1,-04982.0,-110.585,25973.4
01 01 2026  07 52  -20.1272 25491.1 -04981.9 -11.0582 25973.4,1,1,2026,7,52,-201.272,25491.1,-04981.9,-110.582,25973.4
01 01 2026  07 53  -20.1275 25491.2 -04981.8 -11.0580 25973.5,1,1,2026,7,53,-201.275,25491.2,-04981.8,-110.580,25973.5
01 01 2026  07 54  -20.1281 25491.4 -04981.8 -11.0579 25973.6,1,1,2026,7,54,-201.281,25491.4,-04981.8,-110.579,25973.6
01 01 2026  07 55  -20.1284 25491.6 -04981.8 -11.0579 25973.9,1,1,2026,7,55,-201.284,25491.6,-04981.8,-110.579,25973.9
01 01 2026  07 56  -20.1290 25491.9 -04981.9 -11.0580 25974.1,1,1,2026,7,56,-201.290,25491.9,-04981.9,-110.580,25974.1
01 01 2026  07 57  -20.1297 25491.3 -04981.5 -11.0574 25973.4,1,1,2026,7,57,-201.297,25491.3,-04981.5,-110.574,25973.4
01 01 2026  07 58  -20.1303 25491.2 -04981.3 -11.0569 25973.4,1,1,2026,7,58,-201.303,25491.2,-04981.3,-110.569,25973.4
01 01 2026  07 59  -20.1306 25491.0 -04981.0 -11.0565 25973.1,1,1,2026,7,59,-201.306,25491.0,-04981.0,-110.565,25973.1
01 01 2026  08 00  -20.1308 25490.7 -04980.7 -11.0559 25972.8,1,1,2026,8,0,-201.308,25490.7,-04980.7,-110.559,25972.8
01 01 2026  08 01  -20.1311 25491.0 -04980.8 -11.0560 25973.1,1,1,2026,8,1,-201.311,25491.0,-04980.8,-110.560,25973.1
01 01 2026  08 02  -20.1313 25490.9 -04980.7 -11.0558 25973.0,1,1,2026,8,2,-201.313,25490.9,-04980.7,-110.558,25973.0
01 01 2026  08 03  -20.1318 25490.8 -04980.4 -11.0552 25972.8,1,1,2026,8,3,-201.318,25490.8,-04980.4,-110.552,25972.8
01 01 2026  08 04  -20.1320 25490.7 -04980.4 -11.0552 25972.7,1,1,2026,8,4,-201.320,25490.7,-04980.4,-110.552,25972.7
01 01 2026  08 05  -20.1329 25490.6 -04980.5 -11.0554 25972.6,1,1,2026,8,5,-201.329,25490.6,-04980.5,-110.554,25972.6
01 01 2026  08 06  -20.1337 25490.9 -04980.7 -11.0557 25972.9,1,1,2026,8,6,-201.337,25490.9,-04980.7,-110.557,25972.9
01 01 2026  08 07  -20.1343 25491.7 -04981.0 -11.0562 25973.8,1,1,2026,8,7,-201.343,25491.7,-04981.0,-110.562,25973.8
01 01 2026  08 08  -20.1350 25492.3 -04981.4 -11.0567 25974.5,1,1,2026,8,8,-201.350,25492.3,-04981.4,-110.567,25974.5
01 01 2026  08 09  -20.1354 25492.8 -04981.5 -11.0568 25974.9,1,1,2026,8,9,-201.354,25492.8,-04981.5,-110.568,25974.9
01 01 2026  08 10  -20.1357 25493.2 -04981.5 -11.0565 25975.3,1,1,2026,8,10,-201.357,25493.2,-04981.5,-110.565,25975.3
01 01 2026  08 11  -20.1360 25493.3 -04981.6 -11.0566 25975.5,1,1,2026,8,11,-201.360,25493.3,-04981.6,-110.566,25975.5
01 01 2026  08 12  -20.1369 25493.3 -04981.5 -11.0565 25975.5,1,1,2026,8,12,-201.369,25493.3,-04981.5,-110.565,25975.5
01 01 2026  08 13  -20.1376 25493.8 -04981.7 -11.0566 25976.0,1,1,2026,8,13,-201.376,25493.8,-04981.7,-110.566,25976.0
01 01 2026  08 14  -20.1384 25494.2 -04981.8 -11.0567 25976.4,1,1,2026,8,14,-201.384,25494.2,-04981.8,-110.567,25976.4
01 01 2026  08 15  -20.1386 25494.2 -04981.6 -11.0564 25976.4,1,1,2026,8,15,-201.386,25494.2,-04981.6,-110.564,25976.4
01 01 2026  08 16  -20.1389 25493.6 -04981.0 -11.0552 25975.6,1,1,2026,8,16,-201.389,25493.6,-04981.0,-110.552,25975.6
01 01 2026  08 17  -20.1392 25493.6 -04980.8 -11.0547 25975.6,1,1,2026,8,17,-201.392,25493.6,-04980.8,-110.547,25975.6
01 01 2026  08 18  -20.1392 25493.5 -04980.6 -11.0544 25975.5,1,1,2026,8,18,-201.392,25493.5,-04980.6,-110.544,25975.5
01 01 2026  08 19  -20.1397 25493.0 -04980.1 -11.0536 25974.9,1,1,2026,8,19,-201.397,25493.0,-04980.1,-110.536,25974.9
01 01 2026  08 20  -20.1404 25492.9 -04980.0 -11.0534 25974.8,1,1,2026,8,20,-201.404,25492.9,-04980.0,-110.534,25974.8
01 01 2026  08 21  -20.1412 25493.3 -04980.1 -11.0535 25975.1,1,1,2026,8,21,-201.412,25493.3,-04980.1,-110.535,25975.1
01 01 2026  08 22  -20.1418 25493.8 -04980.2 -11.0534 25975.7,1,1,2026,8,22,-201.418,25493.8,-04980.2,-110.534,25975.7
01 01 2026  08 23  -20.1425 25494.2 -04980.5 -11.0539 25976.1,1,1,2026,8,23,-201.425,25494.2,-04980.5,-110.539,25976.1
01 01 2026  08 24  -20.1431 25494.7 -04980.7 -11.0541 25976.7,1,1,2026,8,24,-201.431,25494.7,-04980.7,-110.541,25976.7
01 01 2026  08 25  -20.1436 25494.9 -04980.6 -11.0540 25976.9,1,1,2026,8,25,-201.436,25494.9,-04980.6,-110.540,25976.9
01 01 2026  08 26  -20.1440 25495.1 -04980.5 -11.0536 25977.0,1,1,2026,8,26,-201.440,25495.1,-04980.5,-110.536,25977.0
01 01 2026  08 27  -20.1445 25495.6 -04980.4 -11.0532 25977.5,1,1,2026,8,27,-201.445,25495.6,-04980.4,-110.532,25977.5
01 01 2026  08 28  -20.1449 25496.2 -04980.7 -11.0534 25978.1,1,1,2026,8,28,-201.449,25496.2,-04980.7,-110.534,25978.1
01 01 2026  08 29  -20.1454 25497.2 -04981.1 -11.0539 25979.2,1,1,2026,8,29,-201.454,25497.2,-04981.1,-110.539,25979.2
01 01 2026  08 30  -20.1459 25497.3 -04980.9 -11.0535 25979.3,1,1,2026,8,30,-201.459,25497.3,-04980.9,-110.535,25979.3
01 01 2026  08 31  -20.1462 25498.3 -04981.2 -11.0537 25980.3,1,1,2026,8,31,-201.462,25498.3,-04981.2,-110.537,25980.3
01 01 2026  08 32  -20.1463 25499.3 -04981.4 -11.0538 25981.3,1,1,2026,8,32,-201.463,25499.3,-04981.4,-110.538,25981.3
01 01 2026  08 33  -20.1468 25500.7 -04982.0 -11.0544 25982.8,1,1,2026,8,33,-201.468,25500.7,-04982.0,-110.544,25982.8
01 01 2026  08 34  -20.1468 25502.2 -04982.5 -11.0548 25984.4,1,1,2026,8,34,-201.468,25502.2,-04982.5,-110.548,25984.4
01 01 2026  08 35  -20.1468 25505.2 -04983.8 -11.0564 25987.5,1,1,2026,8,35,-201.468,25505.2,-04983.8,-110.564,25987.5
01 01 2026  08 36  -20.1473 25507.3 -04984.9 -11.0580 25989.8,1,1,2026,8,36,-201.473,25507.3,-04984.9,-110.580,25989.8
01 01 2026  08 37  -20.1481 25508.4 -04985.3 -11.0584 25991.0,1,1,2026,8,37,-201.481,25508.4,-04985.3,-110.584,25991.0
01 01 2026  08 38  -20.1478 25509.6 -04985.5 -11.0583 25992.2,1,1,2026,8,38,-201.478,25509.6,-04985.5,-110.583,25992.2
01 01 2026  08 39  -20.1478 25509.3 -04984.8 -11.0568 25991.8,1,1,2026,8,39,-201.478,25509.3,-04984.8,-110.568,25991.8
01 01 2026  08 40  -20.1473 25509.3 -04984.1 -11.0554 25991.7,1,1,2026,8,40,-201.473,25509.3,-04984.1,-110.554,25991.7
01 01 2026  08 41  -20.1466 25508.6 -04983.2 -11.0538 25990.8,1,1,2026,8,41,-201.466,25508.6,-04983.2,-110.538,25990.8
01 01 2026  08 42  -20.1460 25507.3 -04982.1 -11.0519 25989.3,1,1,2026,8,42,-201.460,25507.3,-04982.1,-110.519,25989.3
01 01 2026  08 43  -20.1452 25505.9 -04980.9 -11.0500 25987.7,1,1,2026,8,43,-201.452,25505.9,-04980.9,-110.500,25987.7
01 01 2026  08 44  -20.1445 25504.8 -04979.9 -11.0483 25986.4,1,1,2026,8,44,-201.445,25504.8,-04979.9,-110.483,25986.4
01 01 2026  08 45  -20.1427 25504.7 -04979.5 -11.0474 25986.2,1,1,2026,8,45,-201.427,25504.7,-04979.5,-110.474,25986.2
01 01 2026  08 46  -20.1412 25504.3 -04979.2 -11.0468 25985.8,1,1,2026,8,46,-201.412,25504.3,-04979.2,-110.468,25985.8
01 01 2026  08 47  -20.1398 25503.4 -04978.7 -11.0461 25984.8,1,1,2026,8,47,-201.398,25503.4,-04978.7,-110.461,25984.8
01 01 2026  08 48  -20.1390 25501.6 -04977.7 -11.0447 25982.9,1,1,2026,8,48,-201.390,25501.6,-04977.7,-110.447,25982.9
01 01 2026  08 49  -20.1375 25500.8 -04977.2 -11.0441 25982.0,1,1,2026,8,49,-201.375,25500.8,-04977.2,-110.441,25982.0
01 01 2026  08 50  -20.1363 25500.0 -04977.0 -11.0438 25981.1,1,1,2026,8,50,-201.363,25500.0,-04977.0,-110.438,25981.1
01 01 2026  08 51  -20.1357 25499.3 -04976.9 -11.0440 25980.4,1,1,2026,8,51,-201.357,25499.3,-04976.9,-110.440,25980.4
01 01 2026  08 52  -20.1344 25498.8 -04976.8 -11.0441 25980.0,1,1,2026,8,52,-201.344,25498.8,-04976.8,-110.441,25980.0
01 01 2026  08 53  -20.1335 25498.8 -04977.1 -11.0447 25980.0,1,1,2026,8,53,-201.335,25498.8,-04977.1,-110.447,25980.0
01 01 2026  08 54  -20.1327 25498.8 -04977.5 -11.0456 25980.0,1,1,2026,8,54,-201.327,25498.8,-04977.5,-110.456,25980.0
01 01 2026  08 55  -20.1322 25498.7 -04977.9 -11.0464 25980.1,1,1,2026,8,55,-201.322,25498.7,-04977.9,-110.464,25980.1
01 01 2026  08 56  -20.1315 25498.1 -04978.0 -11.0468 25979.5,1,1,2026,8,56,-201.315,25498.1,-04978.0,-110.468,25979.5
01 01 2026  08 57  -20.1309 25497.9 -04978.1 -11.0471 25979.3,1,1,2026,8,57,-201.309,25497.9,-04978.1,-110.471,25979.3
01 01 2026  08 58  -20.1304 25497.6 -04978.4 -11.0480 25979.1,1,1,2026,8,58,-201.304,25497.6,-04978.4,-110.480,25979.1
01 01 2026  08 59  -20.1301 25497.6 -04978.8 -11.0488 25979.1,1,1,2026,8,59,-201.301,25497.6,-04978.8,-110.488,25979.1
01 01 2026  09 00  -20.1296 25497.5 -04979.0 -11.0494 25979.1,1,1,2026,9,0,-201.296,25497.5,-04979.0,-110.494,25979.1
01 01 2026  09 01  -20.1291 25497.3 -04979.3 -11.0501 25978.9,1,1,2026,9,1,-201.291,25497.3,-04979.3,-110.501,25978.9
01 01 2026  09 02  -20.1300 25495.7 -04978.6 -11.0491 25977.2,1,1,2026,9,2,-201.300,25495.7,-04978.6,-110.491,25977.2
01 01 2026  09 03  -20.1308 25500.9 -04982.2 -11.0548 25983.1,1,1,2026,9,3,-201.308,25500.9,-04982.2,-110.548,25983.1
01 01 2026  09 04  -20.1323 25500.5 -04982.7 -11.0559 25982.8,1,1,2026,9,4,-201.323,25500.5,-04982.7,-110.559,25982.8
01 01 2026  09 05  -20.1321 25499.9 -04982.4 -11.0556 25982.1,1,1,2026,9,5,-201.321,25499.9,-04982.4,-110.556,25982.1
01 01 2026  09 06  -20.1328 25499.3 -04982.0 -11.0551 25981.4,1,1,2026,9,6,-201.328,25499.3,-04982.0,-110.551,25981.4
01 01 2026  09 07  -20.1329 25499.4 -04982.0 -11.0550 25981.6,1,1,2026,9,7,-201.329,25499.4,-04982.0,-110.550,25981.6
01 01 2026  09 08  -20.1332 25499.3 -04982.1 -11.0553 25981.5,1,1,2026,9,8,-201.332,25499.3,-04982.1,-110.553,25981.5
01 01 2026  09 09  -20.1341 25498.4 -04981.7 -11.0549 25980.5,1,1,2026,9,9,-201.341,25498.4,-04981.7,-110.549,25980.5
01 01 2026  09 10  -20.1346 25497.7 -04981.5 -11.0545 25979.8,1,1,2026,9,10,-201.346,25497.7,-04981.5,-110.545,25979.8
01 01 2026  09 11  -20.1351 25497.0 -04981.1 -11.0542 25979.0,1,1,2026,9,11,-201.351,25497.0,-04981.1,-110.542,25979.0
01 01 2026  09 12  -20.1352 25497.2 -04981.3 -11.0543 25979.2,1,1,2026,9,12,-201.352,25497.2,-04981.3,-110.543,25979.2
01 01 2026  09 13  -20.1356 25497.9 -04981.8 -11.0553 25980.0,1,1,2026,9,13,-201.356,25497.9,-04981.8,-110.553,25980.0
01 01 2026  09 14  -20.1361 25499.9 -04983.3 -11.0576 25982.2,1,1,2026,9,14,-201.361,25499.9,-04983.3,-110.576,25982.2
01 01 2026  09 15  -20.1371 25501.3 -04984.4 -11.0594 25983.9,1,1,2026,9,15,-201.371,25501.3,-04984.4,-110.594,25983.9
01 01 2026  09 16  -20.1377 25501.5 -04984.7 -11.0600 25984.2,1,1,2026,9,16,-201.377,25501.5,-04984.7,-110.600,25984.2
01 01 2026  09 17  -20.1375 25500.8 -04984.2 -11.0592 25983.3,1,1,2026,9,17,-201.375,25500.8,-04984.2,-110.592,25983.3
01 01 2026  09 18  -20.1371 25499.6 -04983.3 -11.0577 25982.0,1,1,2026,9,18,-201.371,25499.6,-04983.3,-110.577,25982.0
01 01 2026  09 19  -20.1362 25498.6 -04982.6 -11.0566 25980.9,1,1,2026,9,19,-201.362,25498.6,-04982.6,-110.566,25980.9
01 01 2026  09 20  -20.1351 25497.8 -04982.0 -11.0558 25979.9,1,1,2026,9,20,-201.351,25497.8,-04982.0,-110.558,25979.9
01 01 2026  09 21  -20.1341 25497.2 -04981.8 -11.0554 25979.3,1,1,2026,9,21,-201.341,25497.2,-04981.8,-110.554,25979.3
01 01 2026  09 22  -20.1333 25496.8 -04981.7 -11.0555 25978.9,1,1,2026,9,22,-201.333,25496.8,-04981.7,-110.555,25978.9
01 01 2026  09 23  -20.1330 25497.0 -04982.1 -11.0562 25979.2,1,1,2026,9,23,-201.330,25497.0,-04982.1,-110.562,25979.2
01 01 2026  09 24  -20.1330 25497.3 -04982.7 -11.0573 25979.6,1,1,2026,9,24,-201.330,25497.3,-04982.7,-110.573,25979.6
01 01 2026  09 25  -20.1335 25497.5 -04983.2 -11.0583 25979.8,1,1,2026,9,25,-201.335,25497.5,-04983.2,-110.583,25979.8
01 01 2026  09 26  -20.1337 25497.8 -04983.7 -11.0593 25980.3,1,1,2026,9,26,-201.337,25497.8,-04983.7,-110.593,25980.3
01 01 2026  09 27  -20.1339 25499.5 -04984.8 -11.0609 25982.2,1,1,2026,9,27,-201.339,25499.5,-04984.8,-110.609,25982.2
01 01 2026  09 28  -20.1348 25501.9 -04986.5 -11.0637 25984.8,1,1,2026,9,28,-201.348,25501.9,-04986.5,-110.637,25984.8
01 01 2026  09 29  -20.1356 25503.9 -04987.9 -11.0660 25987.1,1,1,2026,9,29,-201.356,25503.9,-04987.9,-110.660,25987.1
01 01 2026  09 30  -20.1357 25505.0 -04988.2 -11.0662 25988.2,1,1,2026,9,30,-201.357,25505.0,-04988.2,-110.662,25988.2
01 01 2026  09 31  -20.1362 25505.8 -04988.9 -11.0672 25989.1,1,1,2026,9,31,-201.362,25505.8,-04988.9,-110.672,25989.1
01 01 2026  09 32  -20.1366 25504.6 -04988.2 -11.0662 25987.8,1,1,2026,9,32,-201.366,25504.6,-04988.2,-110.662,25987.8
01 01 2026  09 33  -20.1360 25503.1 -04986.8 -11.0638 25986.0,1,1,2026,9,33,-201.360,25503.1,-04986.8,-110.638,25986.0
01 01 2026  09 34  -20.1359 25502.4 -04986.2 -11.0628 25985.3,1,1,2026,9,34,-201.359,25502.4,-04986.2,-110.628,25985.3
01 01 2026  09 35  -20.1362 25501.2 -04985.5 -11.0619 25983.9,1,1,2026,9,35,-201.362,25501.2,-04985.5,-110.619,25983.9
01 01 2026  09 36  -20.1365 25498.6 -04984.1 -11.0599 25981.1,1,1,2026,9,36,-201.365,25498.6,-04984.1,-110.599,25981.1
01 01 2026  09 37  -20.1371 25495.7 -04982.5 -11.0577 25978.0,1,1,2026,9,37,-201.371,25495.7,-04982.5,-110.577,25978.0
01 01 2026  09 38  -20.1374 25493.5 -04981.3 -11.0561 25975.6,1,1,2026,9,38,-201.374,25493.5,-04981.3,-110.561,25975.6
01 01 2026  09 39  -20.1381 25491.6 -04980.5 -11.0551 25973.6,1,1,2026,9,39,-201.381,25491.6,-04980.5,-110.551,25973.6
01 01 2026  09 40  -20.1386 25490.2 -04979.9 -11.0544 25972.1,1,1,2026,9,40,-201.386,25490.2,-04979.9,-110.544,25972.1
01 01 2026  09 41  -20.1397 25489.7 -04980.1 -11.0550 25971.6,1,1,2026,9,41,-201.397,25489.7,-04980.1,-110.550,25971.6
01 01 2026  09 42  -20.1408 25490.4 -04981.0 -11.0566 25972.5,1,1,2026,9,42,-201.408,25490.4,-04981.0,-110.566,25972.5
01 01 2026  09 43  -20.1422 25491.6 -04982.2 -11.0587 25973.9,1,1,2026,9,43,-201.422,25491.6,-04982.2,-110.587,25973.9
01 01 2026  09 44  -20.1433 25492.6 -04983.1 -11.0603 25975.1,1,1,2026,9,44,-201.433,25492.6,-04983.1,-110.603,25975.1
01 01 2026  09 45  -20.1440 25494.7 -04984.4 -11.0623 25977.3,1,1,2026,9,45,-201.440,25494.7,-04984.4,-110.623,25977.3
01 01 2026  09 46  -20.1454 25496.0 -04985.4 -11.0639 25978.9,1,1,2026,9,46,-201.454,25496.0,-04985.4,-110.639,25978.9
01 01 2026  09 47  -20.1466 25497.0 -04986.1 -11.0648 25979.9,1,1,2026,9,47,-201.466,25497.0,-04986.1,-110.648,25979.9
01 01 2026  09 48  -20.1475 25497.5 -04986.2 -11.0649 25980.5,1,1,2026,9,48,-201.475,25497.5,-04986.2,-110.649,25980.5
01 01 2026  09 49  -20.1484 25497.7 -04986.2 -11.0648 25980.6,1,1,2026,9,49,-201.484,25497.7,-04986.2,-110.648,25980.6
01 01 2026  09 50  -20.1489 25496.7 -04985.4 -11.0635 25979.6,1,1,2026,9,50,-201.489,25496.7,-04985.4,-110.635,25979.6
01 01 2026  09 51  -20.1492 25495.9 -04984.6 -11.0621 25978.6,1,1,2026,9,51,-201.492,25495.9,-04984.6,-110.621,25978.6
01 01 2026  09 52  -20.1495 25494.8 -04983.9 -11.0610 25977.4,1,1,2026,9,52,-201.495,25494.8,-04983.9,-110.610,25977.4
01 01 2026  09 53  -20.1497 25493.9 -04983.2 -11.0600 25976.4,1,1,2026,9,53,-201.497,25493.9,-04983.2,-110.600,25976.4
01 01 2026  09 54  -20.1493 25493.4 -04982.8 -11.0593 25975.8,1,1,2026,9,54,-201.493,25493.4,-04982.8,-110.593,25975.8
01 01 2026  09 55  -20.1491 25493.2 -04982.8 -11.0594 25975.6,1,1,2026,9,55,-201.491,25493.2,-04982.8,-110.594,25975.6
01 01 2026  09 56  -20.1489 25493.0 -04982.8 -11.0595 25975.4,1,1,2026,9,56,-201.489,25493.0,-04982.8,-110.595,25975.4
01 01 2026  09 57  -20.1489 25492.7 -04982.9 -11.0598 25975.1,1,1,2026,9,57,-201.489,25492.7,-04982.9,-110.598,25975.1
01 01 2026  09 58  -20.1488 25493.1 -04983.3 -11.0604 25975.6,1,1,2026,9,58,-201.488,25493.1,-04983.3,-110.604,25975.6
01 01 2026  09 59  -20.1488 25493.8 -04983.8 -11.0613 25976.3,1,1,2026,9,59,-201.488,25493.8,-04983.8,-110.613,25976.3
01 01 2026  10 00  -20.1487 25494.4 -04984.4 -11.0624 25977.1,1,1,2026,10,0,-201.487,25494.4,-04984.4,-110.624,25977.1
01 01 2026  10 01  -20.1488 25494.4 -04984.6 -11.0628 25977.1,1,1,2026,10,1,-201.488,25494.4,-04984.6,-110.628,25977.1
01 01 2026  10 02  -20.1485 25494.2 -04984.6 -11.0628 25977.0,1,1,2026,10,2,-201.485,25494.2,-04984.6,-110.628,25977.0
01 01 2026  10 03  -20.1484 25494.8 -04985.0 -11.0634 25977.6,1,1,2026,10,3,-201.484,25494.8,-04985.0,-110.634,25977.6
01 01 2026  10 04  -20.1486 25494.5 -04985.0 -11.0635 25977.3,1,1,2026,10,4,-201.486,25494.5,-04985.0,-110.635,25977.3
01 01 2026  10 05  -20.1485 25494.9 -04985.2 -11.0637 25977.7,1,1,2026,10,5,-201.485,25494.9,-04985.2,-110.637,25977.7
01 01 2026  10 06  -20.1482 25496.3 -04985.9 -11.0648 25979.2,1,1,2026,10,6,-201.482,25496.3,-04985.9,-110.648,25979.2
01 01 2026  10 07  -20.1486 25497.5 -04986.8 -11.0661 25980.6,1,1,2026,10,7,-201.486,25497.5,-04986.8,-110.661,25980.6
01 01 2026  10 08  -20.1491 25498.4 -04987.4 -11.0670 25981.6,1,1,2026,10,8,-201.491,25498.4,-04987.4,-110.670,25981.6
01 01 2026  10 09  -20.1497 25499.1 -04987.8 -11.0676 25982.3,1,1,2026,10,9,-201.497,25499.1,-04987.8,-110.676,25982.3
01 01 2026  10 10  -20.1500 25499.8 -04988.0 -11.0679 25983.1,1,1,2026,10,10,-201.500,25499.8,-04988.0,-110.679,25983.1
01 01 2026  10 11  -20.1500 25500.2 -04988.1 -11.0679 25983.5,1,1,2026,10,11,-201.500,25500.2,-04988.1,-110.679,25983.5
01 01 2026  10 12  -20.1497 25500.1 -04987.8 -11.0673 25983.4,1,1,2026,10,12,-201.497,25500.1,-04987.8,-110.673,25983.4
01 01 2026  10 13  -20.1495 25500.0 -04987.6 -11.0670 25983.2,1,1,2026,10,13,-201.495,25500.0,-04987.6,-110.670,25983.2
01 01 2026  10 14  -20.1492 25500.9 -04987.9 -11.0671 25984.2,1,1,2026,10,14,-201.492,25500.9,-04987.9,-110.671,25984.2
01 01 2026  10 15  -20.1493 25502.4 -04988.9 -11.0686 25985.8,1,1,2026,10,15,-201.493,25502.4,-04988.9,-110.686,25985.8
01 01 2026  10 16  -20.1490 25502.6 -04988.9 -11.0686 25986.0,1,1,2026,10,16,-201.490,25502.6,-04988.9,-110.686,25986.0
01 01 2026  10 17  -20.1485 25502.4 -04988.7 -11.0682 25985.7,1,1,2026,10,17,-201.485,25502.4,-04988.7,-110.682,25985.7
01 01 2026  10 18  -20.1482 25499.7 -04987.1 -11.0660 25982.8,1,1,2026,10,18,-201.482,25499.7,-04987.1,-110.660,25982.8
01 01 2026  10 19  -20.1473 25498.3 -04986.0 -11.0641 25981.3,1,1,2026,10,19,-201.473,25498.3,-04986.0,-110.641,25981.3
01 01 2026  10 20  -20.1462 25500.3 -04987.2 -11.0659 25983.4,1,1,2026,10,20,-201.462,25500.3,-04987.2,-110.659,25983.4
01 01 2026  10 21  -20.1463 25500.4 -04987.8 -11.0670 25983.6,1,1,2026,10,21,-201.463,25500.4,-04987.8,-110.670,25983.6
01 01 2026  10 22  -20.1462 25500.3 -04987.9 -11.0674 25983.6,1,1,2026,10,22,-201.462,25500.3,-04987.9,-110.674,25983.6
01 01 2026  10 23  -20.1460 25500.5 -04988.1 -11.0678 25983.8,1,1,2026,10,23,-201.460,25500.5,-04988.1,-110.678,25983.8
01 01 2026  10 24  -20.1459 25500.7 -04988.3 -11.0682 25984.0,1,1,2026,10,24,-201.459,25500.7,-04988.3,-110.682,25984.0
01 01 2026  10 25  -20.1457 25501.3 -04988.7 -11.0688 25984.7,1,1,2026,10,25,-201.457,25501.3,-04988.7,-110.688,25984.7
01 01 2026  10 26  -20.1459 25501.2 -04988.8 -11.0689 25984.6,1,1,2026,10,26,-201.459,25501.2,-04988.8,-110.689,25984.6
01 01 2026  10 27  -20.1454 25501.4 -04988.8 -11.0690 25984.8,1,1,2026,10,27,-201.454,25501.4,-04988.8,-110.690,25984.8
01 01 2026  10 28  -20.1451 25502.1 -04989.3 -11.0696 25985.6,1,1,2026,10,28,-201.451,25502.1,-04989.3,-110.696,25985.6
01 01 2026  10 29  -20.1450 25502.5 -04989.6 -11.0701 25986.1,1,1,2026,10,29,-201.450,25502.5,-04989.6,-110.701,25986.1
01 01 2026  10 30  -20.1450 25502.5 -04989.5 -11.0699 25986.0,1,1,2026,10,30,-201.450,25502.5,-04989.5,-110.699,25986.0
01 01 2026  10 31  -20.1454 25502.4 -04989.5 -11.0700 25985.9,1,1,2026,10,31,-201.454,25502.4,-04989.5,-110.700,25985.9
01 01 2026  10 32  -20.1457 25502.0 -04989.3 -11.0696 25985.5,1,1,2026,10,32,-201.457,25502.0,-04989.3,-110.696,25985.5
01 01 2026  10 33  -20.1458 25501.8 -04989.1 -11.0694 25985.3,1,1,2026,10,33,-201.458,25501.8,-04989.1,-110.694,25985.3
01 01 2026  10 34  -20.1458 25502.0 -04989.2 -11.0695 25985.4,1,1,2026,10,34,-201.458,25502.0,-04989.2,-110.695,25985.4
01 01 2026  10 35  -20.1456 25502.0 -04989.2 -11.0695 25985.4,1,1,2026,10,35,-201.456,25502.0,-04989.2,-110.695,25985.4
01 01 2026  10 36  -20.1454 25501.8 -04989.1 -11.0694 25985.3,1,1,2026,10,36,-201.454,25501.8,-04989.1,-110.694,25985.3
01 01 2026  10 37  -20.1451 25501.9 -04989.1 -11.0694 25985.3,1,1,2026,10,37,-201.451,25501.9,-04989.1,-110.694,25985.3
01 01 2026  10 38  -20.1447 25502.2 -04989.4 -11.0699 25985.7,1,1,2026,10,38,-201.447,25502.2,-04989.4,-110.699,25985.7
01 01 2026  10 39  -20.1443 25502.7 -04989.8 -11.0704 25986.2,1,1,2026,10,39,-201.443,25502.7,-04989.8,-110.704,25986.2
01 01 2026  10 40  -20.1438 25503.5 -04990.2 -11.0710 25987.1,1,1,2026,10,40,-201.438,25503.5,-04990.2,-110.710,25987.1
01 01 2026  10 41  -20.1431 25504.7 -04990.9 -11.0721 25988.4,1,1,2026,10,41,-201.431,25504.7,-04990.9,-110.721,25988.4
01 01 2026  10 42  -20.1427 25505.9 -04991.7 -11.0733 25989.8,1,1,2026,10,42,-201.427,25505.9,-04991.7,-110.733,25989.8
01 01 2026  10 43  -20.1423 25506.4 -04992.1 -11.0739 25990.3,1,1,2026,10,43,-201.423,25506.4,-04992.1,-110.739,25990.3
01 01 2026  10 44  -20.1422 25506.3 -04992.0 -11.0737 25990.3,1,1,2026,10,44,-201.422,25506.3,-04992.0,-110.737,25990.3
01 01 2026  10 45  -20.1420 25507.5 -04992.4 -11.0742 25991.4,1,1,2026,10,45,-201.420,25507.5,-04992.4,-110.742,25991.4
01 01 2026  10 46  -20.1420 25508.9 -04993.3 -11.0754 25993.0,1,1,2026,10,46,-201.420,25508.9,-04993.3,-110.754,25993.0
01 01 2026  10 47  -20.1418 25509.5 -04993.6 -11.0759 25993.7,1,1,2026,10,47,-201.418,25509.5,-04993.6,-110.759,25993.7
01 01 2026  10 48  -20.1416 25509.2 -04993.2 -11.0752 25993.3,1,1,2026,10,48,-201.416,25509.2,-04993.2,-110.752,25993.3
01 01 2026  10 49  -20.1416 25509.6 -04993.2 -11.0749 25993.7,1,1,2026,10,49,-201.416,25509.6,-04993.2,-110.749,25993.7
01 01 2026  10 50  -20.1417 25510.0 -04993.3 -11.0751 25994.1,1,1,2026,10,50,-201.417,25510.0,-04993.3,-110.751,25994.1
01 01 2026  10 51  -20.1414 25510.3 -04993.2 -11.0747 25994.4,1,1,2026,10,51,-201.414,25510.3,-04993.2,-110.747,25994.4
01 01 2026  10 52  -20.1418 25510.8 -04993.5 -11.0750 25995.0,1,1,2026,10,52,-201.418,25510.8,-04993.5,-110.750,25995.0
01 01 2026  10 53  -20.1422 25511.2 -04993.4 -11.0747 25995.3,1,1,2026,10,53,-201.422,25511.2,-04993.4,-110.747,25995.3
01 01 2026  10 54  -20.1426 25510.8 -04993.0 -11.0741 25994.8,1,1,2026,10,54,-201.426,25510.8,-04993.0,-110.741,25994.8
01 01 2026  10 55  -20.1420 25510.7 -04992.7 -11.0734 25994.7,1,1,2026,10,55,-201.420,25510.7,-04992.7,-110.734,25994.7
01 01 2026  10 56  -20.1421 25509.7 -04992.2 -11.0728 25993.6,1,1,2026,10,56,-201.421,25509.7,-04992.2,-110.728,25993.6
01 01 2026  10 57  -20.1418 25506.2 -04990.1 -11.0696 25989.8,1,1,2026,10,57,-201.418,25506.2,-04990.1,-110.696,25989.8
01 01 2026  10 58  -20.1412 25503.3 -04988.1 -11.0667 25986.5,1,1,2026,10,58,-201.412,25503.3,-04988.1,-110.667,25986.5
01 01 2026  10 59  -20.1418 25502.2 -04987.7 -11.0662 25985.3,1,1,2026,10,59,-201.418,25502.2,-04987.7,-110.662,25985.3
01 01 2026  11 00  -20.1422 25500.9 -04987.4 -11.0661 25984.0,1,1,2026,11,0,-201.422,25500.9,-04987.4,-110.661,25984.0
01 01 2026  11 01  -20.1424 25500.4 -04987.4 -11.0663 25983.5,1,1,2026,11,1,-201.424,25500.4,-04987.4,-110.663,25983.5
01 01 2026  11 02  -20.1422 25501.5 -04988.5 -11.0681 25984.8,1,1,2026,11,2,-201.422,25501.5,-04988.5,-110.681,25984.8
01 01 2026  11 03  -20.1416 25503.8 -04990.1 -11.0707 25987.4,1,1,2026,11,3,-201.416,25503.8,-04990.1,-110.707,25987.4
01 01 2026  11 04  -20.1413 25504.9 -04991.4 -11.0729 25988.7,1,1,2026,11,4,-201.413,25504.9,-04991.4,-110.729,25988.7
01 01 2026  11 05  -20.1415 25504.9 -04991.6 -11.0733 25988.8,1,1,2026,11,5,-201.415,25504.9,-04991.6,-110.733,25988.8
01 01 2026  11 06  -20.1418 25505.5 -04992.0 -11.0740 25989.5,1,1,2026,11,6,-201.418,25505.5,-04992.0,-110.740,25989.5
01 01 2026  11 07  -20.1420 25506.4 -04992.3 -11.0744 25990.4,1,1,2026,11,7,-201.420,25506.4,-04992.3,-110.744,25990.4
01 01 2026  11 08  -20.1417 25506.9 -04992.7 -11.0749 25991.0,1,1,2026,11,8,-201.417,25506.9,-04992.7,-110.749,25991.0
01 01 2026  11 09  -20.1417 25506.0 -04992.2 -11.0744 25990.0,1,1,2026,11,9,-201.417,25506.0,-04992.2,-110.744,25990.0
01 01 2026  11 10  -20.1413 25504.8 -04991.4 -11.0730 25988.6,1,1,2026,11,10,-201.413,25504.8,-04991.4,-110.730,25988.6
01 01 2026  11 11  -20.1412 25504.6 -04991.3 -11.0728 25988.4,1,1,2026,11,11,-201.412,25504.6,-04991.3,-110.728,25988.4
01 01 2026  11 12  -20.1407 25505.1 -04991.7 -11.0735 25989.0,1,1,2026,11,12,-201.407,25505.1,-04991.7,-110.735,25989.0
01 01 2026  11 13  -20.1407 25504.3 -04991.4 -11.0734 25988.1,1,1,2026,11,13,-201.407,25504.3,-04991.4,-110.734,25988.1
01 01 2026  11 14  -20.1407 25503.8 -04991.2 -11.0730 25987.6,1,1,2026,11,14,-201.407,25503.8,-04991.2,-110.730,25987.6
01 01 2026  11 15  -20.1408 25504.2 -04991.5 -11.0734 25988.1,1,1,2026,11,15,-201.408,25504.2,-04991.5,-110.734,25988.1
01 01 2026  11 16  -20.1410 25504.6 -04991.8 -11.0741 25988.5,1,1,2026,11,16,-201.410,25504.6,-04991.8,-110.741,25988.5
01 01 2026  11 17  -20.1412 25504.3 -04991.8 -11.0741 25988.2,1,1,2026,11,17,-201.412,25504.3,-04991.8,-110.741,25988.2
01 01 2026  11 18  -20.1410 25505.2 -04992.3 -11.0748 25989.2,1,1,2026,11,18,-201.410,25505.2,-04992.3,-110.748,25989.2
01 01 2026  11 19  -20.1408 25506.2 -04992.9 -11.0758 25990.3,1,1,2026,11,19,-201.408,25506.2,-04992.9,-110.758,25990.3
01 01 2026  11 20  -20.1399 25507.0 -04993.1 -11.0759 25991.1,1,1,2026,11,20,-201.399,25507.0,-04993.1,-110.759,25991.1
01 01 2026  11 21  -20.1391 25507.8 -04993.6 -11.0765 25992.0,1,1,2026,11,21,-201.391,25507.8,-04993.6,-110.765,25992.0
01 01 2026  11 22  -20.1388 25508.5 -04994.0 -11.0772 25992.8,1,1,2026,11,22,-201.388,25508.5,-04994.0,-110.772,25992.8
01 01 2026  11 23  -20.1381 25508.9 -04994.1 -11.0772 25993.2,1,1,2026,11,23,-201.381,25508.9,-04994.1,-110.772,25993.2
01 01 2026  11 24  -20.1380 25509.5 -04994.4 -11.0775 25993.8,1,1,2026,11,24,-201.380,25509.5,-04994.4,-110.775,25993.8
01 01 2026  11 25  -20.1382 25509.5 -04994.2 -11.0772 25993.8,1,1,2026,11,25,-201.382,25509.5,-04994.2,-110.772,25993.8
01 01 2026  11 26  -20.1378 25509.8 -04994.2 -11.0770 25994.1,1,1,2026,11,26,-201.378,25509.8,-04994.2,-110.770,25994.1
01 01 2026  11 27  -20.1376 25510.5 -04994.3 -11.0769 25994.8,1,1,2026,11,27,-201.376,25510.5,-04994.3,-110.769,25994.8
01 01 2026  11 28  -20.1377 25511.5 -04994.7 -11.0773 25995.8,1,1,2026,11,28,-201.377,25511.5,-04994.7,-110.773,25995.8
01 01 2026  11 29  -20.1374 25512.0 -04994.8 -11.0773 25996.3,1,1,2026,11,29,-201.374,25512.0,-04994.8,-110.773,25996.3
01 01 2026  11 30  -20.1369 25512.7 -04994.8 -11.0771 25997.1,1,1,2026,11,30,-201.369,25512.7,-04994.8,-110.771,25997.1
01 01 2026  11 31  -20.1370 25513.6 -04995.0 -11.0772 25997.9,1,1,2026,11,31,-201.370,25513.6,-04995.0,-110.772,25997.9
01 01 2026  11 32  -20.1364 25513.7 -04994.7 -11.0763 25998.0,1,1,2026,11,32,-201.364,25513.7,-04994.7,-110.763,25998.0
01 01 2026  11 33  -20.1360 25514.0 -04994.5 -11.0759 25998.2,1,1,2026,11,33,-201.360,25514.0,-04994.5,-110.759,25998.2
01 01 2026  11 34  -20.1355 25514.8 -04994.8 -11.0762 25999.1,1,1,2026,11,34,-201.355,25514.8,-04994.8,-110.762,25999.1
01 01 2026  11 35  -20.1351 25515.5 -04995.0 -11.0763 25999.9,1,1,2026,11,35,-201.351,25515.5,-04995.0,-110.763,25999.9
01 01 2026  11 36  -20.1343 25516.3 -04995.1 -11.0761 26000.6,1,1,2026,11,36,-201.343,25516.3,-04995.1,-110.761,26000.6
01 01 2026  11 37  -20.1336 25517.2 -04995.2 -11.0761 26001.5,1,1,2026,11,37,-201.336,25517.2,-04995.2,-110.761,26001.5
01 01 2026  11 38  -20.1336 25518.5 -04995.6 -11.0763 26002.8,1,1,2026,11,38,-201.336,25518.5,-04995.6,-110.763,26002.8
01 01 2026  11 39  -20.1331 25518.8 -04995.5 -11.0760 26003.2,1,1,2026,11,39,-201.331,25518.8,-04995.5,-110.760,26003.2
01 01 2026  11 40  -20.1323 25518.5 -04994.9 -11.0747 26002.8,1,1,2026,11,40,-201.323,25518.5,-04994.9,-110.747,26002.8
01 01 2026  11 41  -20.1315 25518.0 -04994.3 -11.0737 26002.1,1,1,2026,11,41,-201.315,25518.0,-04994.3,-110.737,26002.1
01 01 2026  11 42  -20.1310 25517.4 -04993.6 -11.0725 26001.5,1,1,2026,11,42,-201.310,25517.4,-04993.6,-110.725,26001.5
01 01 2026  11 43  -20.1307 25517.2 -04993.3 -11.0719 26001.2,1,1,2026,11,43,-201.307,25517.2,-04993.3,-110.719,26001.2
01 01 2026  11 44  -20.1301 25516.7 -04992.8 -11.0711 26000.6,1,1,2026,11,44,-201.301,25516.7,-04992.8,-110.711,26000.6
01 01 2026  11 45  -20.1295 25515.9 -04992.2 -11.0701 25999.7,1,1,2026,11,45,-201.295,25515.9,-04992.2,-110.701,25999.7
01 01 2026  11 46  -20.1292 25514.9 -04991.6 -11.0692 25998.6,1,1,2026,11,46,-201.292,25514.9,-04991.6,-110.692,25998.6
01 01 2026  11 47  -20.1289 25514.9 -04991.7 -11.0695 25998.6,1,1,2026,11,47,-201.289,25514.9,-04991.7,-110.695,25998.6
01 01 2026  11 48  -20.1286 25514.7 -04991.6 -11.0693 25998.4,1,1,2026,11,48,-201.286,25514.7,-04991.6,-110.693,25998.4
01 01 2026  11 49  -20.1286 25515.2 -04992.0 -11.0700 25999.0,1,1,2026,11,49,-201.286,25515.2,-04992.0,-110.700,25999.0
01 01 2026  11 50  -20.1289 25514.6 -04991.9 -11.0700 25998.4,1,1,2026,11,50,-201.289,25514.6,-04991.9,-110.700,25998.4
01 01 2026  11 51  -20.1283 25513.7 -04991.3 -11.0690 25997.3,1,1,2026,11,51,-201.283,25513.7,-04991.3,-110.690,25997.3
01 01 2026  11 52  -20.1279 25513.6 -04991.1 -11.0686 25997.2,1,1,2026,11,52,-201.279,25513.6,-04991.1,-110.686,25997.2
01 01 2026  11 53  -20.1284 25514.1 -04991.5 -11.0693 25997.8,1,1,2026,11,53,-201.284,25514.1,-04991.5,-110.693,25997.8
01 01 2026  11 54  -20.1290 25514.4 -04991.8 -11.0699 25998.1,1,1,2026,11,54,-201.290,25514.4,-04991.8,-110.699,25998.1
01 01 2026  11 55  -20.1296 25514.3 -04991.7 -11.0697 25998.0,1,1,2026,11,55,-201.296,25514.3,-04991.7,-110.697,25998.0
01 01 2026  11 56  -20.1299 25515.2 -04992.1 -11.0701 25999.0,1,1,2026,11,56,-201.299,25515.2,-04992.1,-110.701,25999.0
01 01 2026  11 57  -20.1296 25515.4 -04992.2 -11.0704 25999.2,1,1,2026,11,57,-201.296,25515.4,-04992.2,-110.704,25999.2
01 01 2026  11 58  -20.1290 25515.0 -04992.0 -11.0700 25998.7,1,1,2026,11,58,-201.290,25515.0,-04992.0,-110.700,25998.7
01 01 2026  11 59  -20.1291 25514.8 -04991.8 -11.0698 25998.5,1,1,2026,11,59,-201.291,25514.8,-04991.8,-110.698,25998.5
01 01 2026  12 00  -20.1296 25514.7 -04991.7 -11.0695 25998.4,1,1,2026,12,0,-201.296,25514.7,-04991.7,-110.695,25998.4
01 01 2026  12 01  -20.1296 25515.3 -04992.0 -11.0699 25999.0,1,1,2026,12,1,-201.296,25515.3,-04992.0,-110.699,25999.0
01 01 2026  12 02  -20.1298 25515.4 -04992.1 -11.0700 25999.2,1,1,2026,12,2,-201.298,25515.4,-04992.1,-110.700,25999.2
01 01 2026  12 03  -20.1297 25515.2 -04991.9 -11.0696 25999.0,1,1,2026,12,3,-201.297,25515.2,-04991.9,-110.696,25999.0
01 01 2026  12 04  -20.1285 25515.0 -04991.6 -11.0691 25998.7,1,1,2026,12,4,-201.285,25515.0,-04991.6,-110.691,25998.7
01 01 2026  12 05  -20.1274 25515.2 -04991.5 -11.0689 25998.8,1,1,2026,12,5,-201.274,25515.2,-04991.5,-110.689,25998.8
01 01 2026  12 06  -20.1273 25515.5 -04991.6 -11.0690 25999.1,1,1,2026,12,6,-201.273,25515.5,-04991.6,-110.690,25999.1
01 01 2026  12 07  -20.1268 25515.7 -04991.6 -11.0689 25999.3,1,1,2026,12,7,-201.268,25515.7,-04991.6,-110.689,25999.3
01 01 2026  12 08  -20.1261 25515.1 -04991.3 -11.0684 25998.7,1,1,2026,12,8,-201.261,25515.1,-04991.3,-110.684,25998.7
01 01 2026  12 09  -20.1264 25513.9 -04990.6 -11.0675 25997.4,1,1,2026,12,9,-201.264,25513.9,-04990.6,-110.675,25997.4
01 01 2026  12 10  -20.1271 25512.5 -04989.7 -11.0662 25995.8,1,1,2026,12,10,-201.271,25512.5,-04989.7,-110.662,25995.8
01 01 2026  12 11  -20.1271 25512.4 -04989.6 -11.0659 25995.8,1,1,2026,12,11,-201.271,25512.4,-04989.6,-110.659,25995.8
01 01 2026  12 12  -20.1264 25512.6 -04989.7 -11.0661 25995.9,1,1,2026,12,12,-201.264,25512.6,-04989.7,-110.661,25995.9
01 01 2026  12 13  -20.1255 25511.9 -04989.6 -11.0660 25995.3,1,1,2026,12,13,-201.255,25511.9,-04989.6,-110.660,25995.3
01 01 2026  12 14  -20.1242 25511.5 -04989.4 -11.0659 25994.8,1,1,2026,12,14,-201.242,25511.5,-04989.4,-110.659,25994.8
01 01 2026  12 15  -20.1234 25511.1 -04989.3 -11.0660 25994.4,1,1,2026,12,15,-201.234,25511.1,-04989.3,-110.660,25994.4
01 01 2026  12 16  -20.1236 25510.6 -04989.4 -11.0663 25993.9,1,1,2026,12,16,-201.236,25510.6,-04989.4,-110.663,25993.9
01 01 2026  12 17  -20.1240 25510.7 -04989.8 -11.0670 25994.1,1,1,2026,12,17,-201.240,25510.7,-04989.8,-110.670,25994.1
01 01 2026  12 18  -20.1246 25510.7 -04990.1 -11.0678 25994.2,1,1,2026,12,18,-201.246,25510.7,-04990.1,-110.678,25994.2
01 01 2026  12 19  -20.1240 25511.4 -04990.7 -11.0687 25995.0,1,1,2026,12,19,-201.240,25511.4,-04990.7,-110.687,25995.0
01 01 2026  12 20  -20.1228 25512.3 -04991.3 -11.0697 25995.9,1,1,2026,12,20,-201.228,25512.3,-04991.3,-110.697,25995.9
01 01 2026  12 21  -20.1222 25512.2 -04991.5 -11.0702 25995.9,1,1,2026,12,21,-201.222,25512.2,-04991.5,-110.702,25995.9
01 01 2026  12 22  -20.1221 25511.4 -04991.3 -11.0700 25995.1,1,1,2026,12,22,-201.221,25511.4,-04991.3,-110.700,25995.1
01 01 2026  12 23  -20.1226 25511.1 -04991.3 -11.0702 25994.8,1,1,2026,12,23,-201.226,25511.1,-04991.3,-110.702,25994.8
01 01 2026  12 24  -20.1225 25510.4 -04991.1 -11.0701 25994.1,1,1,2026,12,24,-201.225,25510.4,-04991.1,-110.701,25994.1
01 01 2026  12 25  -20.1233 25509.4 -04990.9 -11.0699 25993.1,1,1,2026,12,25,-201.233,25509.4,-04990.9,-110.699,25993.1
01 01 2026  12 26  -20.1238 25508.8 -04990.7 -11.0699 25992.4,1,1,2026,12,26,-201.238,25508.8,-04990.7,-110.699,25992.4
01 01 2026  12 27  -20.1237 25508.1 -04990.6 -11.0699 25991.7,1,1,2026,12,27,-201.237,25508.1,-04990.6,-110.699,25991.7
01 01 2026  12 28  -20.1233 25508.0 -04990.7 -11.0703 25991.7,1,1,2026,12,28,-201.233,25508.0,-04990.7,-110.703,25991.7
01 01 2026  12 29  -20.1230 25508.6 -04991.3 -11.0713 25992.3,1,1,2026,12,29,-201.230,25508.6,-04991.3,-110.713,25992.3
01 01 2026  12 30  -20.1231 25509.1 -04991.8 -11.0722 25992.9,1,1,2026,12,30,-201.231,25509.1,-04991.8,-110.722,25992.9
01 01 2026  12 31  -20.1226 25509.9 -04992.6 -11.0734 25993.9,1,1,2026,12,31,-201.226,25509.9,-04992.6,-110.734,25993.9
01 01 2026  12 32  -20.1225 25510.3 -04993.0 -11.0742 25994.3,1,1,2026,12,32,-201.225,25510.3,-04993.0,-110.742,25994.3
01 01 2026  12 33  -20.1225 25510.9 -04993.4 -11.0749 25995.0,1,1,2026,12,33,-201.225,25510.9,-04993.4,-110.749,25995.0
01 01 2026  12 34  -20.1219 25511.9 -04994.1 -11.0759 25996.1,1,1,2026,12,34,-201.219,25511.9,-04994.1,-110.759,25996.1
01 01 2026  12 35  -20.1208 25512.4 -04994.4 -11.0763 25996.6,1,1,2026,12,35,-201.208,25512.4,-04994.4,-110.763,25996.6
01 01 2026  12 36  -20.1204 25513.1 -04994.9 -11.0771 25997.4,1,1,2026,12,36,-201.204,25513.1,-04994.9,-110.771,25997.4
01 01 2026  12 37  -20.1203 25513.3 -04995.3 -11.0778 25997.7,1,1,2026,12,37,-201.203,25513.3,-04995.3,-110.778,25997.7
01 01 2026  12 38  -20.1200 25513.8 -04995.6 -11.0783 25998.2,1,1,2026,12,38,-201.200,25513.8,-04995.6,-110.783,25998.2
01 01 2026  12 39  -20.1195 25514.0 -04995.7 -11.0784 25998.5,1,1,2026,12,39,-201.195,25514.0,-04995.7,-110.784,25998.5
01 01 2026  12 40  -20.1197 25514.1 -04995.9 -11.0788 25998.7,1,1,2026,12,40,-201.197,25514.1,-04995.9,-110.788,25998.7
01 01 2026  12 41  -20.1202 25514.5 -04996.0 -11.0790 25999.0,1,1,2026,12,41,-201.202,25514.5,-04996.0,-110.790,25999.0
01 01 2026  12 42  -20.1196 25515.4 -04996.6 -11.0798 26000.0,1,1,2026,12,42,-201.196,25515.4,-04996.6,-110.798,26000.0
01 01 2026  12 43  -20.1191 25516.0 -04996.8 -11.0801 26000.7,1,1,2026,12,43,-201.191,25516.0,-04996.8,-110.801,26000.7
01 01 2026  12 44  -20.1191 25516.5 -04997.0 -11.0803 26001.1,1,1,2026,12,44,-201.191,25516.5,-04997.0,-110.803,26001.1
01 01 2026  12 45  -20.1196 25516.7 -04997.1 -11.0804 26001.4,1,1,2026,12,45,-201.196,25516.7,-04997.1,-110.804,26001.4
01 01 2026  12 46  -20.1196 25517.2 -04997.4 -11.0808 26001.9,1,1,2026,12,46,-201.196,25517.2,-04997.4,-110.808,26001.9
01 01 2026  12 47  -20.1195 25517.3 -04997.4 -11.0807 26002.1,1,1,2026,12,47,-201.195,25517.3,-04997.4,-110.807,26002.1
01 01 2026  12 48  -20.1189 25517.9 -04997.7 -11.0812 26002.8,1,1,2026,12,48,-201.189,25517.9,-04997.7,-110.812,26002.8
01 01 2026  12 49  -20.1179 25518.4 -04997.9 -11.0814 26003.2,1,1,2026,12,49,-201.179,25518.4,-04997.9,-110.814,26003.2
01 01 2026  12 50  -20.1180 25518.8 -04998.1 -11.0816 26003.6,1,1,2026,12,50,-201.180,25518.8,-04998.1,-110.816,26003.6
01 01 2026  12 51  -20.1181 25520.1 -04998.8 -11.0825 26005.0,1,1,2026,12,51,-201.181,25520.1,-04998.8,-110.825,26005.0
01 01 2026  12 52  -20.1190 25520.2 -04998.9 -11.0827 26005.2,1,1,2026,12,52,-201.190,25520.2,-04998.9,-110.827,26005.2
01 01 2026  12 53  -20.1195 25520.5 -04998.9 -11.0826 26005.5,1,1,2026,12,53,-201.195,25520.5,-04998.9,-110.826,26005.5
01 01 2026  12 54  -20.1197 25519.8 -04998.4 -11.0819 26004.7,1,1,2026,12,54,-201.197,25519.8,-04998.4,-110.819,26004.7
01 01 2026  12 55  -20.1200 25519.4 -04998.1 -11.0813 26004.3,1,1,2026,12,55,-201.200,25519.4,-04998.1,-110.813,26004.3
01 01 2026  12 56  -20.1191 25518.9 -04997.7 -11.0807 26003.7,1,1,2026,12,56,-201.191,25518.9,-04997.7,-110.807,26003.7
01 01 2026  12 57  -20.1191 25519.4 -04998.0 -11.0811 26004.2,1,1,2026,12,57,-201.191,25519.4,-04998.0,-110.811,26004.2
01 01 2026  12 58  -20.1190 25519.6 -04998.1 -11.0813 26004.5,1,1,2026,12,58,-201.190,25519.6,-04998.1,-110.813,26004.5
01 01 2026  12 59  -20.1186 25520.2 -04998.6 -11.0820 26005.2,1,1,2026,12,59,-201.186,25520.2,-04998.6,-110.820,26005.2
01 01 2026  13 00  -20.1178 25520.1 -04998.6 -11.0822 26005.0,1,1,2026,13,0,-201.178,25520.1,-04998.6,-110.822,26005.0
01 01 2026  13 01  -20.1185 25518.5 -04997.9 -11.0813 26003.3,1,1,2026,13,1,-201.185,25518.5,-04997.9,-110.813,26003.3
01 01 2026  13 02  -20.1181 25519.1 -04998.4 -11.0821 26004.0,1,1,2026,13,2,-201.181,25519.1,-04998.4,-110.821,26004.0
01 01 2026  13 03  -20.1161 25519.0 -04998.3 -11.0820 26003.9,1,1,2026,13,3,-201.161,25519.0,-04998.3,-110.820,26003.9
01 01 2026  13 04  -20.1152 25519.2 -04998.6 -11.0825 26004.1,1,1,2026,13,4,-201.152,25519.2,-04998.6,-110.825,26004.1
01 01 2026  13 05  -20.1142 25521.1 -04999.7 -11.0842 26006.2,1,1,2026,13,5,-201.142,25521.1,-04999.7,-110.842,26006.2
01 01 2026  13 06  -20.1130 25522.3 -05000.6 -11.0855 26007.5,1,1,2026,13,6,-201.130,25522.3,-05000.6,-110.855,26007.5
01 01 2026  13 07  -20.1129 25522.5 -05000.6 -11.0855 26007.8,1,1,2026,13,7,-201.129,25522.5,-05000.6,-110.855,26007.8
01 01 2026  13 08  -20.1136 25522.5 -05000.6 -11.0854 26007.8,1,1,2026,13,8,-201.136,25522.5,-05000.6,-110.854,26007.8
01 01 2026  13 09  -20.1143 25522.7 -05000.5 -11.0853 26007.9,1,1,2026,13,9,-201.143,25522.7,-05000.5,-110.853,26007.9
01 01 2026  13 10  -20.1143 25522.7 -05000.4 -11.0850 26007.9,1,1,2026,13,10,-201.143,25522.7,-05000.4,-110.850,26007.9
01 01 2026  13 11  -20.1151 25521.0 -04999.4 -11.0836 26006.1,1,1,2026,13,11,-201.151,25521.0,-04999.4,-110.836,26006.1
01 01 2026  13 12  -20.1164 25520.8 -04999.3 -11.0833 26005.8,1,1,2026,13,12,-201.164,25520.8,-04999.3,-110.833,26005.8
01 01 2026  13 13  -20.1164 25521.1 -04999.3 -11.0832 26006.2,1,1,2026,13,13,-201.164,25521.1,-04999.3,-110.832,26006.2
01 01 2026  13 14  -20.1157 25521.6 -04999.6 -11.0836 26006.7,1,1,2026,13,14,-201.157,25521.6,-04999.6,-110.836,26006.7
01 01 2026  13 15  -20.1154 25522.8 -05000.2 -11.0845 26008.0,1,1,2026,13,15,-201.154,25522.8,-05000.2,-110.845,26008.0
01 01 2026  13 16  -20.1152 25525.1 -05001.6 -11.0864 26010.5,1,1,2026,13,16,-201.152,25525.1,-05001.6,-110.864,26010.5
01 01 2026  13 17  -20.1142 25526.5 -05002.5 -11.0878 26012.1,1,1,2026,13,17,-201.142,25526.5,-05002.5,-110.878,26012.1
01 01 2026  13 18  -20.1137 25527.7 -05002.9 -11.0883 26013.3,1,1,2026,13,18,-201.137,25527.7,-05002.9,-110.883,26013.3
01 01 2026  13 19  -20.1133 25528.7 -05003.4 -11.0889 26014.3,1,1,2026,13,19,-201.133,25528.7,-05003.4,-110.889,26014.3
01 01 2026  13 20  -20.1131 25529.9 -05003.8 -11.0891 26015.6,1,1,2026,13,20,-201.131,25529.9,-05003.8,-110.891,26015.6
01 01 2026  13 21  -20.1125 25531.2 -05004.3 -11.0898 26017.0,1,1,2026,13,21,-201.125,25531.2,-05004.3,-110.898,26017.0
01 01 2026  13 22  -20.1122 25531.4 -05004.2 -11.0895 26017.2,1,1,2026,13,22,-201.122,25531.4,-05004.2,-110.895,26017.2
01 01 2026  13 23  -20.1115 25531.4 -05003.9 -11.0888 26017.1,1,1,2026,13,23,-201.115,25531.4,-05003.9,-110.888,26017.1
01 01 2026  13 24  -20.1117 25531.9 -05004.0 -11.0887 26017.6,1,1,2026,13,24,-201.117,25531.9,-05004.0,-110.887,26017.6
01 01 2026  13 25  -20.1116 25532.6 -05004.1 -11.0887 26018.4,1,1,2026,13,25,-201.116,25532.6,-05004.1,-110.887,26018.4
01 01 2026  13 26  -20.1114 25533.9 -05004.4 -11.0889 26019.7,1,1,2026,13,26,-201.114,25533.9,-05004.4,-110.889,26019.7
01 01 2026  13 27  -20.1109 25534.8 -05004.6 -11.0890 26020.6,1,1,2026,13,27,-201.109,25534.8,-05004.6,-110.890,26020.6
01 01 2026  13 28  -20.1113 25535.9 -05004.9 -11.0891 26021.7,1,1,2026,13,28,-201.113,25535.9,-05004.9,-110.891,26021.7
01 01 2026  13 29  -20.1120 25537.3 -05005.4 -11.0895 26023.2,1,1,2026,13,29,-201.120,25537.3,-05005.4,-110.895,26023.2
01 01 2026  13 30  -20.1121 25538.6 -05005.7 -11.0896 26024.5,1,1,2026,13,30,-201.121,25538.6,-05005.7,-110.896,26024.5
01 01 2026  13 31  -20.1119 25540.4 -05006.2 -11.0900 26026.4,1,1,2026,13,31,-201.119,25540.4,-05006.2,-110.900,26026.4
01 01 2026  13 32  -20.1119 25541.0 -05006.1 -11.0894 26027.0,1,1,2026,13,32,-201.119,25541.0,-05006.1,-110.894,26027.0
01 01 2026  13 33  -20.1122 25539.6 -05004.8 -11.0873 26025.3,1,1,2026,13,33,-201.122,25539.6,-05004.8,-110.873,26025.3
01 01 2026  13 34  -20.1119 25540.5 -05004.7 -11.0867 26026.2,1,1,2026,13,34,-201.119,25540.5,-05004.7,-110.867,26026.2
01 01 2026  13 35  -20.1113 25541.2 -05004.8 -11.0865 26026.9,1,1,2026,13,35,-201.113,25541.2,-05004.8,-110.865,26026.9
01 01 2026  13 36  -20.1114 25540.1 -05003.7 -11.0848 26025.6,1,1,2026,13,36,-201.114,25540.1,-05003.7,-110.848,26025.6
01 01 2026  13 37  -20.1113 25539.2 -05002.8 -11.0833 26024.6,1,1,2026,13,37,-201.113,25539.2,-05002.8,-110.833,26024.6
01 01 2026  13 38  -20.1115 25540.2 -05003.2 -11.0835 26025.6,1,1,2026,13,38,-201.115,25540.2,-05003.2,-110.835,26025.6
01 01 2026  13 39  -20.1122 25540.4 -05003.2 -11.0835 26025.8,1,1,2026,13,39,-201.122,25540.4,-05003.2,-110.835,26025.8
01 01 2026  13 40  -20.1122 25540.8 -05003.2 -11.0833 26026.2,1,1,2026,13,40,-201.122,25540.8,-05003.2,-110.833,26026.2
01 01 2026  13 41  -20.1117 25540.3 -05002.6 -11.0822 26025.6,1,1,2026,13,41,-201.117,25540.3,-05002.6,-110.822,26025.6
01 01 2026  13 42  -20.1111 25541.0 -05002.7 -11.0821 26026.4,1,1,2026,13,42,-201.111,25541.0,-05002.7,-110.821,26026.4
01 01 2026  13 43  -20.1113 25540.0 -05001.9 -11.0809 26025.2,1,1,2026,13,43,-201.113,25540.0,-05001.9,-110.809,26025.2
01 01 2026  13 44  -20.1116 25539.8 -05001.6 -11.0803 26025.0,1,1,2026,13,44,-201.116,25539.8,-05001.6,-110.803,26025.0
01 01 2026  13 45  -20.1120 25540.5 -05001.8 -11.0805 26025.7,1,1,2026,13,45,-201.120,25540.5,-05001.8,-110.805,26025.7
01 01 2026  13 46  -20.1126 25541.2 -05002.1 -11.0807 26026.4,1,1,2026,13,46,-201.126,25541.2,-05002.1,-110.807,26026.4
01 01 2026  13 47  -20.1134 25541.2 -05001.9 -11.0804 26026.4,1,1,2026,13,47,-201.134,25541.2,-05001.9,-110.804,26026.4
01 01 2026  13 48  -20.1132 25541.1 -05001.5 -11.0796 26026.2,1,1,2026,13,48,-201.132,25541.1,-05001.5,-110.796,26026.2
01 01 2026  13 49  -20.1128 25541.2 -05001.2 -11.0788 26026.2,1,1,2026,13,49,-201.128,25541.2,-05001.2,-110.788,26026.2
01 01 2026  13 50  -20.1119 25542.4 -05001.4 -11.0787 26027.5,1,1,2026,13,50,-201.119,25542.4,-05001.4,-110.787,26027.5
01 01 2026  13 51  -20.1122 25543.0 -05001.5 -11.0787 26028.0,1,1,2026,13,51,-201.122,25543.0,-05001.5,-110.787,26028.0
01 01 2026  13 52  -20.1125 25544.3 -05002.0 -11.0793 26029.4,1,1,2026,13,52,-201.125,25544.3,-05002.0,-110.793,26029.4
01 01 2026  13 53  -20.1121 25544.8 -05001.8 -11.0786 26029.9,1,1,2026,13,53,-201.121,25544.8,-05001.8,-110.786,26029.9
01 01 2026  13 54  -20.1120 25545.0 -05001.5 -11.0779 26030.0,1,1,2026,13,54,-201.120,25545.0,-05001.5,-110.779,26030.0
01 01 2026  13 55  -20.1113 25543.8 -05000.4 -11.0760 26028.6,1,1,2026,13,55,-201.113,25543.8,-05000.4,-110.760,26028.6
01 01 2026  13 56  -20.1113 25544.4 -05000.2 -11.0754 26029.2,1,1,2026,13,56,-201.113,25544.4,-05000.2,-110.754,26029.2
01 01 2026  13 57  -20.1112 25543.7 -04999.6 -11.0743 26028.4,1,1,2026,13,57,-201.112,25543.7,-04999.6,-110.743,26028.4
01 01 2026  13 58  -20.1107 25543.7 -04999.1 -11.0732 26028.2,1,1,2026,13,58,-201.107,25543.7,-04999.1,-110.732,26028.2
01 01 2026  13 59  -20.1096 25542.7 -04998.3 -11.0720 26027.2,1,1,2026,13,59,-201.096,25542.7,-04998.3,-110.720,26027.2
01 01 2026  14 00  -20.1096 25541.5 -04997.7 -11.0711 26025.9,1,1,2026,14,0,-201.096,25541.5,-04997.7,-110.711,26025.9
01 01 2026  14 01  -20.1093 25540.5 -04997.1 -11.0702 26024.7,1,1,2026,14,1,-201.093,25540.5,-04997.1,-110.702,26024.7
01 01 2026  14 02  -20.1095 25538.8 -04996.2 -11.0690 26023.0,1,1,2026,14,2,-201.095,25538.8,-04996.2,-110.690,26023.0
01 01 2026  14 03  -20.1099 25538.8 -04996.3 -11.0692 26023.0,1,1,2026,14,3,-201.099,25538.8,-04996.3,-110.692,26023.0
01 01 2026  14 04  -20.1098 25539.9 -04997.0 -11.0703 26024.2,1,1,2026,14,4,-201.098,25539.9,-04997.0,-110.703,26024.2
01 01 2026  14 05  -20.1107 25540.6 -04997.7 -11.0715 26025.0,1,1,2026,14,5,-201.107,25540.6,-04997.7,-110.715,26025.0
01 01 2026  14 06  -20.1114 25540.0 -04997.2 -11.0707 26024.2,1,1,2026,14,6,-201.114,25540.0,-04997.2,-110.707,26024.2
01 01 2026  14 07  -20.1114 25540.1 -04997.0 -11.0703 26024.3,1,1,2026,14,7,-201.114,25540.1,-04997.0,-110.703,26024.3
01 01 2026  14 08  -20.1114 25540.1 -04997.1 -11.0704 26024.3,1,1,2026,14,8,-201.114,25540.1,-04997.1,-110.704,26024.3
01 01 2026  14 09  -20.1115 25540.2 -04997.1 -11.0704 26024.5,1,1,2026,14,9,-201.115,25540.2,-04997.1,-110.704,26024.5
01 01 2026  14 10  -20.1119 25540.1 -04997.1 -11.0704 26024.3,1,1,2026,14,10,-201.119,25540.1,-04997.1,-110.704,26024.3
01 01 2026  14 11  -20.1119 25539.2 -04996.6 -11.0698 26023.4,1,1,2026,14,11,-201.119,25539.2,-04996.6,-110.698,26023.4
01 01 2026  14 12  -20.1117 25537.8 -04995.7 -11.0684 26021.8,1,1,2026,14,12,-201.117,25537.8,-04995.7,-110.684,26021.8
01 01 2026  14 13  -20.1114 25536.2 -04994.8 -11.0672 26020.1,1,1,2026,14,13,-201.114,25536.2,-04994.8,-110.672,26020.1
01 01 2026  14 14  -20.1115 25534.2 -04994.0 -11.0663 26018.0,1,1,2026,14,14,-201.115,25534.2,-04994.0,-110.663,26018.0
01 01 2026  14 15  -20.1117 25532.7 -04993.4 -11.0656 26016.3,1,1,2026,14,15,-201.117,25532.7,-04993.4,-110.656,26016.3
01 01 2026  14 16  -20.1121 25531.5 -04993.0 -11.0652 26015.2,1,1,2026,14,16,-201.121,25531.5,-04993.0,-110.652,26015.2
01 01 2026  14 17  -20.1126 25529.8 -04992.4 -11.0647 26013.4,1,1,2026,14,17,-201.126,25529.8,-04992.4,-110.647,26013.4
01 01 2026  14 18  -20.1123 25529.2 -04992.2 -11.0646 26012.7,1,1,2026,14,18,-201.123,25529.2,-04992.2,-110.646,26012.7
01 01 2026  14 19  -20.1120 25530.1 -04993.1 -11.0660 26013.8,1,1,2026,14,19,-201.120,25530.1,-04993.1,-110.660,26013.8
01 01 2026  14 20  -20.1119 25530.6 -04993.7 -11.0671 26014.4,1,1,2026,14,20,-201.119,25530.6,-04993.7,-110.671,26014.4
01 01 2026  14 21  -20.1124 25531.0 -04994.2 -11.0680 26014.9,1,1,2026,14,21,-201.124,25531.0,-04994.2,-110.680,26014.9
01 01 2026  14 22  -20.1126 25530.9 -04994.4 -11.0684 26014.8,1,1,2026,14,22,-201.126,25530.9,-04994.4,-110.684,26014.8
01 01 2026  14 23  -20.1134 25529.8 -04994.0 -11.0681 26013.6,1,1,2026,14,23,-201.134,25529.8,-04994.0,-110.681,26013.6
01 01 2026  14 24  -20.1146 25527.9 -04993.1 -11.0669 26011.6,1,1,2026,14,24,-201.146,25527.9,-04993.1,-110.669,26011.6
01 01 2026  14 25  -20.1151 25526.9 -04992.5 -11.0661 26010.5,1,1,2026,14,25,-201.151,25526.9,-04992.5,-110.661,26010.5
01 01 2026  14 26  -20.1146 25525.7 -04992.0 -11.0655 26009.2,1,1,2026,14,26,-201.146,25525.7,-04992.0,-110.655,26009.2
01 01 2026  14 27  -20.1144 25524.9 -04991.6 -11.0651 26008.5,1,1,2026,14,27,-201.144,25524.9,-04991.6,-110.651,26008.5
01 01 2026  14 28  -20.1153 25524.6 -04991.6 -11.0652 26008.1,1,1,2026,14,28,-201.153,25524.6,-04991.6,-110.652,26008.1
01 01 2026  14 29  -20.1151 25525.2 -04992.2 -11.0660 26008.8,1,1,2026,14,29,-201.151,25525.2,-04992.2,-110.660,26008.8
01 01 2026  14 30  -20.1147 25524.2 -04991.8 -11.0658 26007.8,1,1,2026,14,30,-201.147,25524.2,-04991.8,-110.658,26007.8
01 01 2026  14 31  -20.1158 25523.0 -04991.4 -11.0655 26006.5,1,1,2026,14,31,-201.158,25523.0,-04991.4,-110.655,26006.5
01 01 2026  14 32  -20.1160 25521.5 -04990.6 -11.0642 26004.8,1,1,2026,14,32,-201.160,25521.5,-04990.6,-110.642,26004.8
01 01 2026  14 33  -20.1152 25522.6 -04991.1 -11.0649 26006.0,1,1,2026,14,33,-201.152,25522.6,-04991.1,-110.649,26006.0
01 01 2026  14 34  -20.1154 25525.5 -04993.1 -11.0680 26009.3,1,1,2026,14,34,-201.154,25525.5,-04993.1,-110.680,26009.3
01 01 2026  14 35  -20.1159 25526.1 -04993.8 -11.0691 26010.0,1,1,2026,14,35,-201.159,25526.1,-04993.8,-110.691,26010.0
01 01 2026  14 36  -20.1157 25526.0 -04993.5 -11.0687 26009.9,1,1,2026,14,36,-201.157,25526.0,-04993.5,-110.687,26009.9
01 01 2026  14 37  -20.1155 25526.7 -04993.4 -11.0682 26010.5,1,1,2026,14,37,-201.155,25526.7,-04993.4,-110.682,26010.5
01 01 2026  14 38  -20.1162 25527.5 -04993.8 -11.0687 26011.3,1,1,2026,14,38,-201.162,25527.5,-04993.8,-110.687,26011.3
01 01 2026  14 39  -20.1164 25527.6 -04993.8 -11.0686 26011.5,1,1,2026,14,39,-201.164,25527.6,-04993.8,-110.686,26011.5
01 01 2026  14 40  -20.1157 25528.2 -04993.9 -11.0686 26012.1,1,1,2026,14,40,-201.157,25528.2,-04993.9,-110.686,26012.1
01 01 2026  14 41  -20.1166 25530.4 -04995.0 -11.0700 26014.5,1,1,2026,14,41,-201.166,25530.4,-04995.0,-110.700,26014.5
01 01 2026  14 42  -20.1187 25530.0 -04994.7 -11.0696 26014.0,1,1,2026,14,42,-201.187,25530.0,-04994.7,-110.696,26014.0
01 01 2026  14 43  -20.1191 25528.2 -04993.3 -11.0673 26011.9,1,1,2026,14,43,-201.191,25528.2,-04993.3,-110.673,26011.9
01 01 2026  14 44  -20.1182 25527.1 -04992.0 -11.0650 26010.6,1,1,2026,14,44,-201.182,25527.1,-04992.0,-110.650,26010.6
01 01 2026  14 45  -20.1182 25527.7 -04992.1 -11.0649 26011.2,1,1,2026,14,45,-201.182,25527.7,-04992.1,-110.649,26011.2
01 01 2026  14 46  -20.1183 25528.3 -04992.4 -11.0653 26011.8,1,1,2026,14,46,-201.183,25528.3,-04992.4,-110.653,26011.8
01 01 2026  14 47  -20.1176 25528.8 -04992.6 -11.0656 26012.4,1,1,2026,14,47,-201.176,25528.8,-04992.6,-110.656,26012.4
01 01 2026  14 48  -20.1179 25529.8 -04993.2 -11.0663 26013.5,1,1,2026,14,48,-201.179,25529.8,-04993.2,-110.663,26013.5
01 01 2026  14 49  -20.1186 25530.8 -04993.7 -11.0671 26014.6,1,1,2026,14,49,-201.186,25530.8,-04993.7,-110.671,26014.6
01 01 2026  14 50  -20.1185 25531.7 -04994.0 -11.0673 26015.5,1,1,2026,14,50,-201.185,25531.7,-04994.0,-110.673,26015.5
01 01 2026  14 51  -20.1186 25532.0 -04994.0 -11.0672 26015.9,1,1,2026,14,51,-201.186,25532.0,-04994.0,-110.672,26015.9
01 01 2026  14 52  -20.1188 25532.5 -04994.1 -11.0673 26016.3,1,1,2026,14,52,-201.188,25532.5,-04994.1,-110.673,26016.3
01 01 2026  14 53  -20.1192 25532.2 -04993.9 -11.0668 26016.0,1,1,2026,14,53,-201.192,25532.2,-04993.9,-110.668,26016.0
01 01 2026  14 54  -20.1199 25532.4 -04993.7 -11.0665 26016.2,1,1,2026,14,54,-201.199,25532.4,-04993.7,-110.665,26016.2
01 01 2026  14 55  -20.1204 25532.4 -04993.6 -11.0661 26016.1,1,1,2026,14,55,-201.204,25532.4,-04993.6,-110.661,26016.1
01 01 2026  14 56  -20.1213 25531.7 -04993.0 -11.0652 26015.4,1,1,2026,14,56,-201.213,25531.7,-04993.0,-110.652,26015.4
01 01 2026  14 57  -20.1215 25532.8 -04993.5 -11.0658 26016.5,1,1,2026,14,57,-201.215,25532.8,-04993.5,-110.658,26016.5
01 01 2026  14 58  -20.1215 25533.8 -04993.9 -11.0663 26017.5,1,1,2026,14,58,-201.215,25533.8,-04993.9,-110.663,26017.5
01 01 2026  14 59  -20.1216 25534.0 -04993.9 -11.0660 26017.8,1,1,2026,14,59,-201.216,25534.0,-04993.9,-110.660,26017.8
01 01 2026  15 00  -20.1215 25534.0 -04993.7 -11.0656 26017.8,1,1,2026,15,0,-201.215,25534.0,-04993.7,-110.656,26017.8
01 01 2026  15 01  -20.1216 25533.8 -04993.4 -11.0650 26017.5,1,1,2026,15,1,-201.216,25533.8,-04993.4,-110.650,26017.5
01 01 2026  15 02  -20.1221 25533.2 -04992.8 -11.0642 26016.8,1,1,2026,15,2,-201.221,25533.2,-04992.8,-110.642,26016.8
01 01 2026  15 03  -20.1228 25533.4 -04992.6 -11.0636 26016.9,1,1,2026,15,3,-201.228,25533.4,-04992.6,-110.636,26016.9
01 01 2026  15 04  -20.1226 25534.1 -04992.7 -11.0636 26017.6,1,1,2026,15,4,-201.226,25534.1,-04992.7,-110.636,26017.6
01 01 2026  15 05  -20.1225 25534.4 -04992.7 -11.0634 26018.0,1,1,2026,15,5,-201.225,25534.4,-04992.7,-110.634,26018.0
01 01 2026  15 06  -20.1227 25534.6 -04992.5 -11.0629 26018.1,1,1,2026,15,6,-201.227,25534.6,-04992.5,-110.629,26018.1
01 01 2026  15 07  -20.1228 25534.9 -04992.3 -11.0623 26018.4,1,1,2026,15,7,-201.228,25534.9,-04992.3,-110.623,26018.4
01 01 2026  15 08  -20.1227 25535.3 -04992.3 -11.0621 26018.7,1,1,2026,15,8,-201.227,25535.3,-04992.3,-110.621,26018.7
01 01 2026  15 09  -20.1234 25535.8 -04992.4 -11.0621 26019.3,1,1,2026,15,9,-201.234,25535.8,-04992.4,-110.621,26019.3
01 01 2026  15 10  -20.1227 25536.9 -04992.7 -11.0624 26020.4,1,1,2026,15,10,-201.227,25536.9,-04992.7,-110.624,26020.4
01 01 2026  15 11  -20.1220 25537.0 -04992.5 -11.0619 26020.4,1,1,2026,15,11,-201.220,25537.0,-04992.5,-110.619,26020.4
01 01 2026  15 12  -20.1224 25535.8 -04991.6 -11.0604 26019.1,1,1,2026,15,12,-201.224,25535.8,-04991.6,-110.604,26019.1
01 01 2026  15 13  -20.1232 25536.0 -04991.5 -11.0600 26019.3,1,1,2026,15,13,-201.232,25536.0,-04991.5,-110.600,26019.3
01 01 2026  15 14  -20.1239 25536.6 -04991.6 -11.0601 26019.9,1,1,2026,15,14,-201.239,25536.6,-04991.6,-110.601,26019.9
01 01 2026  15 15  -20.1250 25536.5 -04991.5 -11.0599 26019.8,1,1,2026,15,15,-201.250,25536.5,-04991.5,-110.599,26019.8
01 01 2026  15 16  -20.1250 25538.1 -04992.1 -11.0605 26021.5,1,1,2026,15,16,-201.250,25538.1,-04992.1,-110.605,26021.5
01 01 2026  15 17  -20.1244 25538.6 -04992.2 -11.0606 26022.0,1,1,2026,15,17,-201.244,25538.6,-04992.2,-110.606,26022.0
01 01 2026  15 18  -20.1240 25540.9 -04993.1 -11.0615 26024.4,1,1,2026,15,18,-201.240,25540.9,-04993.1,-110.615,26024.4
01 01 2026  15 19  -20.1235 25542.7 -04993.7 -11.0621 26026.3,1,1,2026,15,19,-201.235,25542.7,-04993.7,-110.621,26026.3
01 01 2026  15 20  -20.1234 25543.4 -04993.5 -11.0612 26026.9,1,1,2026,15,20,-201.234,25543.4,-04993.5,-110.612,26026.9
01 01 2026  15 21  -20.1227 25543.5 -04992.8 -11.0598 26026.8,1,1,2026,15,21,-201.227,25543.5,-04992.8,-110.598,26026.8
01 01 2026  15 22  -20.1223 25543.5 -04992.0 -11.0581 26026.7,1,1,2026,15,22,-201.223,25543.5,-04992.0,-110.581,26026.7
01 01 2026  15 23  -20.1221 25544.6 -04992.2 -11.0579 26027.9,1,1,2026,15,23,-201.221,25544.6,-04992.2,-110.579,26027.9
01 01 2026  15 24  -20.1225 25545.8 -04992.5 -11.0581 26029.1,1,1,2026,15,24,-201.225,25545.8,-04992.5,-110.581,26029.1
01 01 2026  15 25  -20.1227 25545.0 -04991.9 -11.0572 26028.2,1,1,2026,15,25,-201.227,25545.0,-04991.9,-110.572,26028.2
01 01 2026  15 26  -20.1233 25542.7 -04990.3 -11.0547 26025.7,1,1,2026,15,26,-201.233,25542.7,-04990.3,-110.547,26025.7
01 01 2026  15 27  -20.1231 25541.2 -04989.4 -11.0534 26024.0,1,1,2026,15,27,-201.231,25541.2,-04989.4,-110.534,26024.0
01 01 2026  15 28  -20.1236 25539.4 -04988.6 -11.0524 26022.1,1,1,2026,15,28,-201.236,25539.4,-04988.6,-110.524,26022.1
01 01 2026  15 29  -20.1238 25538.2 -04988.2 -11.0520 26020.8,1,1,2026,15,29,-201.238,25538.2,-04988.2,-110.520,26020.8
01 01 2026  15 30  -20.1240 25537.6 -04988.1 -11.0520 26020.1,1,1,2026,15,30,-201.240,25537.6,-04988.1,-110.520,26020.1
01 01 2026  15 31  -20.1248 25536.7 -04988.0 -11.0523 26019.3,1,1,2026,15,31,-201.248,25536.7,-04988.0,-110.523,26019.3
01 01 2026  15 32  -20.1259 25535.6 -04987.6 -11.0518 26018.1,1,1,2026,15,32,-201.259,25535.6,-04987.6,-110.518,26018.1
01 01 2026  15 33  -20.1264 25535.2 -04987.7 -11.0522 26017.8,1,1,2026,15,33,-201.264,25535.2,-04987.7,-110.522,26017.8
01 01 2026  15 34  -20.1265 25533.9 -04987.4 -11.0520 26016.4,1,1,2026,15,34,-201.265,25533.9,-04987.4,-110.520,26016.4
01 01 2026  15 35  -20.1270 25532.3 -04986.9 -11.0516 26014.8,1,1,2026,15,35,-201.270,25532.3,-04986.9,-110.516,26014.8
01 01 2026  15 36  -20.1280 25530.5 -04986.3 -11.0511 26012.9,1,1,2026,15,36,-201.280,25530.5,-04986.3,-110.511,26012.9
01 01 2026  15 37  -20.1284 25529.5 -04985.9 -11.0506 26011.8,1,1,2026,15,37,-201.284,25529.5,-04985.9,-110.506,26011.8
01 01 2026  15 38  -20.1294 25529.3 -04986.2 -11.0514 26011.7,1,1,2026,15,38,-201.294,25529.3,-04986.2,-110.514,26011.7
01 01 2026  15 39  -20.1301 25529.4 -04986.6 -11.0522 26011.9,1,1,2026,15,39,-201.301,25529.4,-04986.6,-110.522,26011.9
01 01 2026  15 40  -20.1310 25529.9 -04987.1 -11.0532 26012.4,1,1,2026,15,40,-201.310,25529.9,-04987.1,-110.532,26012.4
01 01 2026  15 41  -20.1323 25530.4 -04987.5 -11.0538 26013.0,1,1,2026,15,41,-201.323,25530.4,-04987.5,-110.538,26013.0
01 01 2026  15 42  -20.1338 25530.7 -04987.7 -11.0540 26013.4,1,1,2026,15,42,-201.338,25530.7,-04987.7,-110.540,26013.4
01 01 2026  15 43  -20.1344 25530.8 -04987.7 -11.0542 26013.4,1,1,2026,15,43,-201.344,25530.8,-04987.7,-110.542,26013.4
01 01 2026  15 44  -20.1354 25531.6 -04988.2 -11.0548 26014.3,1,1,2026,15,44,-201.354,25531.6,-04988.2,-110.548,26014.3
01 01 2026  15 45  -20.1365 25531.9 -04988.4 -11.0550 26014.7,1,1,2026,15,45,-201.365,25531.9,-04988.4,-110.550,26014.7
01 01 2026  15 46  -20.1370 25532.7 -04988.7 -11.0555 26015.5,1,1,2026,15,46,-201.370,25532.7,-04988.7,-110.555,26015.5
01 01 2026  15 47  -20.1376 25532.5 -04988.5 -11.0551 26015.2,1,1,2026,15,47,-201.376,25532.5,-04988.5,-110.551,26015.2
01 01 2026  15 48  -20.1377 25531.6 -04987.9 -11.0541 26014.3,1,1,2026,15,48,-201.377,25531.6,-04987.9,-110.541,26014.3
01 01 2026  15 49  -20.1383 25531.5 -04987.6 -11.0536 26014.1,1,1,2026,15,49,-201.383,25531.5,-04987.6,-110.536,26014.1
01 01 2026  15 50  -20.1393 25532.2 -04987.6 -11.0532 26014.8,1,1,2026,15,50,-201.393,25532.2,-04987.6,-110.532,26014.8
01 01 2026  15 51  -20.1407 25533.0 -04988.2 -11.0541 26015.7,1,1,2026,15,51,-201.407,25533.0,-04988.2,-110.541,26015.7
01 01 2026  15 52  -20.1418 25533.4 -04988.2 -11.0540 26016.1,1,1,2026,15,52,-201.418,25533.4,-04988.2,-110.540,26016.1
01 01 2026  15 53  -20.1428 25533.5 -04988.0 -11.0536 26016.1,1,1,2026,15,53,-201.428,25533.5,-04988.0,-110.536,26016.1
01 01 2026  15 54  -20.1438 25533.8 -04988.0 -11.0534 26016.4,1,1,2026,15,54,-201.438,25533.8,-04988.0,-110.534,26016.4
01 01 2026  15 55  -20.1441 25534.6 -04988.2 -11.0536 26017.3,1,1,2026,15,55,-201.441,25534.6,-04988.2,-110.536,26017.3
01 01 2026  15 56  -20.1433 25534.7 -04988.0 -11.0532 26017.3,1,1,2026,15,56,-201.433,25534.7,-04988.0,-110.532,26017.3
01 01 2026  15 57  -20.1433 25534.5 -04987.8 -11.0528 26017.1,1,1,2026,15,57,-201.433,25534.5,-04987.8,-110.528,26017.1
01 01 2026  15 58  -20.1428 25535.4 -04988.1 -11.0529 26018.1,1,1,2026,15,58,-201.428,25535.4,-04988.1,-110.529,26018.1
01 01 2026  15 59  -20.1430 25536.2 -04988.3 -11.0530 26018.9,1,1,2026,15,59,-201.430,25536.2,-04988.3,-110.530,26018.9
01 01 2026  16 00  -20.1436 25536.8 -04988.4 -11.0531 26019.5,1,1,2026,16,0,-201.436,25536.8,-04988.4,-110.531,26019.5
01 01 2026  16 01  -20.1441 25537.3 -04988.4 -11.0528 26019.9,1,1,2026,16,1,-201.441,25537.3,-04988.4,-110.528,26019.9
01 01 2026  16 02  -20.1452 25538.2 -04988.6 -11.0529 26020.9,1,1,2026,16,2,-201.452,25538.2,-04988.6,-110.529,26020.9
01 01 2026  16 03  -20.1465 25538.8 -04988.6 -11.0527 26021.4,1,1,2026,16,3,-201.465,25538.8,-04988.6,-110.527,26021.4
01 01 2026  16 04  -20.1469 25539.0 -04988.5 -11.0523 26021.7,1,1,2026,16,4,-201.469,25539.0,-04988.5,-110.523,26021.7
01 01 2026  16 05  -20.1465 25538.7 -04987.9 -11.0512 26021.2,1,1,2026,16,5,-201.465,25538.7,-04987.9,-110.512,26021.2
01 01 2026  16 06  -20.1464 25538.9 -04987.7 -11.0506 26021.4,1,1,2026,16,6,-201.464,25538.9,-04987.7,-110.506,26021.4
01 01 2026  16 07  -20.1473 25539.4 -04987.8 -11.0506 26021.9,1,1,2026,16,7,-201.473,25539.4,-04987.8,-110.506,26021.9
01 01 2026  16 08  -20.1478 25539.6 -04987.7 -11.0503 26022.1,1,1,2026,16,8,-201.478,25539.6,-04987.7,-110.503,26022.1
01 01 2026  16 09  -20.1480 25539.8 -04987.5 -11.0499 26022.3,1,1,2026,16,9,-201.480,25539.8,-04987.5,-110.499,26022.3
01 01 2026  16 10  -20.1478 25539.6 -04987.1 -11.0490 26021.9,1,1,2026,16,10,-201.478,25539.6,-04987.1,-110.490,26021.9
01 01 2026  16 11  -20.1479 25539.3 -04986.6 -11.0480 26021.6,1,1,2026,16,11,-201.479,25539.3,-04986.6,-110.480,26021.6
01 01 2026  16 12  -20.1487 25539.1 -04986.1 -11.0470 26021.2,1,1,2026,16,12,-201.487,25539.1,-04986.1,-110.470,26021.2
01 01 2026  16 13  -20.1494 25539.3 -04985.8 -11.0464 26021.4,1,1,2026,16,13,-201.494,25539.3,-04985.8,-110.464,26021.4
01 01 2026  16 14  -20.1494 25539.7 -04985.6 -11.0457 26021.8,1,1,2026,16,14,-201.494,25539.7,-04985.6,-110.457,26021.8
01 01 2026  16 15  -20.1500 25539.8 -04985.2 -11.0449 26021.8,1,1,2026,16,15,-201.500,25539.8,-04985.2,-110.449,26021.8
01 01 2026  16 16  -20.1515 25539.9 -04985.0 -11.0444 26021.8,1,1,2026,16,16,-201.515,25539.9,-04985.0,-110.444,26021.8
01 01 2026  16 17  -20.1523 25539.5 -04984.5 -11.0434 26021.4,1,1,2026,16,17,-201.523,25539.5,-04984.5,-110.434,26021.4
01 01 2026  16 18  -20.1525 25539.7 -04984.1 -11.0426 26021.4,1,1,2026,16,18,-201.525,25539.7,-04984.1,-110.426,26021.4
01 01 2026  16 19  -20.1523 25539.2 -04983.4 -11.0413 26020.8,1,1,2026,16,19,-201.523,25539.2,-04983.4,-110.413,26020.8
01 01 2026  16 20  -20.1523 25538.2 -04982.2 -11.0391 26019.7,1,1,2026,16,20,-201.523,25538.2,-04982.2,-110.391,26019.7
01 01 2026  16 21  -20.1527 25537.5 -04981.8 -11.0384 26018.9,1,1,2026,16,21,-201.527,25537.5,-04981.8,-110.384,26018.9
01 01 2026  16 22  -20.1532 25537.5 -04981.5 -11.0379 26018.8,1,1,2026,16,22,-201.532,25537.5,-04981.5,-110.379,26018.8
01 01 2026  16 23  -20.1537 25537.4 -04981.3 -11.0374 26018.7,1,1,2026,16,23,-201.537,25537.4,-04981.3,-110.374,26018.7
01 01 2026  16 24  -20.1541 25536.8 -04980.7 -11.0364 26018.0,1,1,2026,16,24,-201.541,25536.8,-04980.7,-110.364,26018.0
01 01 2026  16 25  -20.1548 25536.5 -04980.3 -11.0357 26017.7,1,1,2026,16,25,-201.548,25536.5,-04980.3,-110.357,26017.7
01 01 2026  16 26  -20.1553 25536.6 -04980.1 -11.0351 26017.6,1,1,2026,16,26,-201.553,25536.6,-04980.1,-110.351,26017.6
01 01 2026  16 27  -20.1560 25536.4 -04979.7 -11.0344 26017.5,1,1,2026,16,27,-201.560,25536.4,-04979.7,-110.344,26017.5
01 01 2026  16 28  -20.1572 25536.7 -04979.6 -11.0341 26017.7,1,1,2026,16,28,-201.572,25536.7,-04979.6,-110.341,26017.7
01 01 2026  16 29  -20.1588 25537.0 -04979.4 -11.0335 26017.9,1,1,2026,16,29,-201.588,25537.0,-04979.4,-110.335,26017.9
01 01 2026  16 30  -20.1595 25537.1 -04979.1 -11.0328 26018.0,1,1,2026,16,30,-201.595,25537.1,-04979.1,-110.328,26018.0
01 01 2026  16 31  -20.1600 25537.4 -04978.7 -11.0318 26018.2,1,1,2026,16,31,-201.600,25537.4,-04978.7,-110.318,26018.2
01 01 2026  16 32  -20.1603 25537.8 -04978.5 -11.0311 26018.6,1,1,2026,16,32,-201.603,25537.8,-04978.5,-110.311,26018.6
01 01 2026  16 33  -20.1607 25537.9 -04978.2 -11.0306 26018.6,1,1,2026,16,33,-201.607,25537.9,-04978.2,-110.306,26018.6
01 01 2026  16 34  -20.1610 25538.9 -04978.3 -11.0304 26019.6,1,1,2026,16,34,-201.610,25538.9,-04978.3,-110.304,26019.6
01 01 2026  16 35  -20.1612 25539.5 -04978.1 -11.0297 26020.1,1,1,2026,16,35,-201.612,25539.5,-04978.1,-110.297,26020.1
01 01 2026  16 36  -20.1617 25539.7 -04977.7 -11.0287 26020.3,1,1,2026,16,36,-201.617,25539.7,-04977.7,-110.287,26020.3
01 01 2026  16 37  -20.1611 25539.7 -04977.2 -11.0277 26020.2,1,1,2026,16,37,-201.611,25539.7,-04977.2,-110.277,26020.2
01 01 2026  16 38  -20.1605 25539.3 -04976.4 -11.0261 26019.6,1,1,2026,16,38,-201.605,25539.3,-04976.4,-110.261,26019.6
01 01 2026  16 39  -20.1607 25539.0 -04975.9 -11.0251 26019.2,1,1,2026,16,39,-201.607,25539.0,-04975.9,-110.251,26019.2
01 01 2026  16 40  -20.1614 25538.6 -04975.5 -11.0244 26018.7,1,1,2026,16,40,-201.614,25538.6,-04975.5,-110.244,26018.7
01 01 2026  16 41  -20.1616 25538.9 -04975.3 -11.0239 26019.0,1,1,2026,16,41,-201.616,25538.9,-04975.3,-110.239,26019.0
01 01 2026  16 42  -20.1625 25538.6 -04975.0 -11.0232 26018.6,1,1,2026,16,42,-201.625,25538.6,-04975.0,-110.232,26018.6
01 01 2026  16 43  -20.1631 25538.1 -04974.4 -11.0222 26018.1,1,1,2026,16,43,-201.631,25538.1,-04974.4,-110.222,26018.1
01 01 2026  16 44  -20.1629 25537.4 -04973.7 -11.0211 26017.2,1,1,2026,16,44,-201.629,25537.4,-04973.7,-110.211,26017.2
01 01 2026  16 45  -20.1630 25536.7 -04973.1 -11.0200 26016.4,1,1,2026,16,45,-201.630,25536.7,-04973.1,-110.200,26016.4
01 01 2026  16 46  -20.1625 25535.7 -04972.3 -11.0187 26015.3,1,1,2026,16,46,-201.625,25535.7,-04972.3,-110.187,26015.3
01 01 2026  16 47  -20.1620 25535.9 -04972.6 -11.0193 26015.6,1,1,2026,16,47,-201.620,25535.9,-04972.6,-110.193,26015.6
01 01 2026  16 48  -20.1625 25535.7 -04972.6 -11.0193 26015.4,1,1,2026,16,48,-201.625,25535.7,-04972.6,-110.193,26015.4
01 01 2026  16 49  -20.1635 25534.5 -04971.9 -11.0183 26014.0,1,1,2026,16,49,-201.635,25534.5,-04971.9,-110.183,26014.0
01 01 2026  16 50  -20.1643 25533.9 -04971.4 -11.0175 26013.4,1,1,2026,16,50,-201.643,25533.9,-04971.4,-110.175,26013.4
01 01 2026  16 51  -20.1646 25534.0 -04971.4 -11.0175 26013.5,1,1,2026,16,51,-201.646,25534.0,-04971.4,-110.175,26013.5
01 01 2026  16 52  -20.1649 25533.5 -04971.0 -11.0169 26012.8,1,1,2026,16,52,-201.649,25533.5,-04971.0,-110.169,26012.8
01 01 2026  16 53  -20.1646 25533.2 -04970.7 -11.0162 26012.5,1,1,2026,16,53,-201.646,25533.2,-04970.7,-110.162,26012.5
01 01 2026  16 54  -20.1659 25533.5 -04970.7 -11.0161 26012.8,1,1,2026,16,54,-201.659,25533.5,-04970.7,-110.161,26012.8
01 01 2026  16 55  -20.1669 25533.4 -04970.5 -11.0157 26012.7,1,1,2026,16,55,-201.669,25533.4,-04970.5,-110.157,26012.7
01 01 2026  16 56  -20.1675 25533.7 -04970.3 -11.0153 26013.0,1,1,2026,16,56,-201.675,25533.7,-04970.3,-110.153,26013.0
01 01 2026  16 57  -20.1677 25533.6 -04970.0 -11.0145 26012.8,1,1,2026,16,57,-201.677,25533.6,-04970.0,-110.145,26012.8
01 01 2026  16 58  -20.1677 25533.1 -04969.5 -11.0136 26012.2,1,1,2026,16,58,-201.677,25533.1,-04969.5,-110.136,26012.2
01 01 2026  16 59  -20.1681 25532.8 -04969.0 -11.0127 26011.8,1,1,2026,16,59,-201.681,25532.8,-04969.0,-110.127,26011.8
01 01 2026  17 00  -20.1691 25532.7 -04968.5 -11.0118 26011.6,1,1,2026,17,0,-201.691,25532.7,-04968.5,-110.118,26011.6
01 01 2026  17 01  -20.1696 25533.1 -04968.5 -11.0115 26012.0,1,1,2026,17,1,-201.696,25533.1,-04968.5,-110.115,26012.0
01 01 2026  17 02  -20.1699 25533.0 -04968.2 -11.0110 26011.8,1,1,2026,17,2,-201.699,25533.0,-04968.2,-110.110,26011.8
01 01 2026  17 03  -20.1700 25533.2 -04968.0 -11.0104 26012.0,1,1,2026,17,3,-201.700,25533.2,-04968.0,-110.104,26012.0
01 01 2026  17 04  -20.1702 25534.7 -04968.4 -11.0106 26013.6,1,1,2026,17,4,-201.702,25534.7,-04968.4,-110.106,26013.6
01 01 2026  17 05  -20.1712 25535.5 -04968.5 -11.0106 26014.4,1,1,2026,17,5,-201.712,25535.5,-04968.5,-110.106,26014.4
01 01 2026  17 06  -20.1726 25535.9 -04968.3 -11.0100 26014.7,1,1,2026,17,6,-201.726,25535.9,-04968.3,-110.100,26014.7
01 01 2026  17 07  -20.1736 25535.9 -04967.8 -11.0088 26014.6,1,1,2026,17,7,-201.736,25535.9,-04967.8,-110.088,26014.6
01 01 2026  17 08  -20.1742 25535.6 -04967.1 -11.0075 26014.2,1,1,2026,17,8,-201.742,25535.6,-04967.1,-110.075,26014.2
01 01 2026  17 09  -20.1728 25534.7 -04965.9 -11.0053 26013.1,1,1,2026,17,9,-201.728,25534.7,-04965.9,-110.053,26013.1
01 01 2026  17 10  -20.1722 25533.2 -04964.6 -11.0032 26011.4,1,1,2026,17,10,-201.722,25533.2,-04964.6,-110.032,26011.4
01 01 2026  17 11  -20.1707 25532.1 -04963.5 -11.0012 26010.1,1,1,2026,17,11,-201.707,25532.1,-04963.5,-110.012,26010.1
01 01 2026  17 12  -20.1704 25531.8 -04963.1 -11.0004 26009.8,1,1,2026,17,12,-201.704,25531.8,-04963.1,-110.004,26009.8
01 01 2026  17 13  -20.1697 25530.8 -04962.4 -10.9994 26008.6,1,1,2026,17,13,-201.697,25530.8,-04962.4,-109.994,26008.6
01 01 2026  17 14  -20.1678 25529.8 -04961.8 -10.9984 26007.5,1,1,2026,17,14,-201.678,25529.8,-04961.8,-109.984,26007.5
01 01 2026  17 15  -20.1668 25529.4 -04961.5 -10.9980 26007.0,1,1,2026,17,15,-201.668,25529.4,-04961.5,-109.980,26007.0
01 01 2026  17 16  -20.1667 25529.4 -04961.6 -10.9983 26007.0,1,1,2026,17,16,-201.667,25529.4,-04961.6,-109.983,26007.0
01 01 2026  17 17  -20.1663 25528.9 -04961.4 -10.9980 26006.5,1,1,2026,17,17,-201.663,25528.9,-04961.4,-109.980,26006.5
01 01 2026  17 18  -20.1661 25528.4 -04961.2 -10.9979 26006.0,1,1,2026,17,18,-201.661,25528.4,-04961.2,-109.979,26006.0
01 01 2026  17 19  -20.1655 25527.3 -04960.7 -10.9971 26004.8,1,1,2026,17,19,-201.655,25527.3,-04960.7,-109.971,26004.8
01 01 2026  17 20  -20.1651 25526.4 -04960.2 -10.9964 26003.9,1,1,2026,17,20,-201.651,25526.4,-04960.2,-109.964,26003.9
01 01 2026  17 21  -20.1646 25525.4 -04959.9 -10.9963 26002.9,1,1,2026,17,21,-201.646,25525.4,-04959.9,-109.963,26002.9
01 01 2026  17 22  -20.1643 25525.0 -04959.9 -10.9963 26002.4,1,1,2026,17,22,-201.643,25525.0,-04959.9,-109.963,26002.4
01 01 2026  17 23  -20.1640 25524.7 -04959.9 -10.9965 26002.1,1,1,2026,17,23,-201.640,25524.7,-04959.9,-109.965,26002.1
01 01 2026  17 24  -20.1636 25524.4 -04960.0 -10.9968 26001.8,1,1,2026,17,24,-201.636,25524.4,-04960.0,-109.968,26001.8
01 01 2026  17 25  -20.1629 25523.9 -04959.9 -10.9968 26001.4,1,1,2026,17,25,-201.629,25523.9,-04959.9,-109.968,26001.4
01 01 2026  17 26  -20.1622 25523.3 -04959.8 -10.9969 26000.8,1,1,2026,17,26,-201.622,25523.3,-04959.8,-109.969,26000.8
01 01 2026  17 27  -20.1609 25522.4 -04959.4 -10.9965 25999.8,1,1,2026,17,27,-201.609,25522.4,-04959.4,-109.965,25999.8
01 01 2026  17 28  -20.1602 25521.5 -04959.3 -10.9965 25998.9,1,1,2026,17,28,-201.602,25521.5,-04959.3,-109.965,25998.9
01 01 2026  17 29  -20.1595 25520.7 -04959.1 -10.9965 25998.1,1,1,2026,17,29,-201.595,25520.7,-04959.1,-109.965,25998.1
01 01 2026  17 30  -20.1588 25521.1 -04959.7 -10.9976 25998.6,1,1,2026,17,30,-201.588,25521.1,-04959.7,-109.976,25998.6
01 01 2026  17 31  -20.1586 25521.4 -04960.2 -10.9985 25998.9,1,1,2026,17,31,-201.586,25521.4,-04960.2,-109.985,25998.9
01 01 2026  17 32  -20.1581 25521.2 -04960.3 -10.9988 25998.7,1,1,2026,17,32,-201.581,25521.2,-04960.3,-109.988,25998.7
01 01 2026  17 33  -20.1581 25520.6 -04960.3 -10.9990 25998.2,1,1,2026,17,33,-201.581,25520.6,-04960.3,-109.990,25998.2
01 01 2026  17 34  -20.1579 25520.6 -04960.4 -10.9994 25998.2,1,1,2026,17,34,-201.579,25520.6,-04960.4,-109.994,25998.2
01 01 2026  17 35  -20.1574 25520.5 -04960.6 -10.9998 25998.2,1,1,2026,17,35,-201.574,25520.5,-04960.6,-109.998,25998.2
01 01 2026  17 36  -20.1565 25520.7 -04960.8 -11.0002 25998.4,1,1,2026,17,36,-201.565,25520.7,-04960.8,-110.002,25998.4
01 01 2026  17 37  -20.1560 25521.0 -04961.3 -11.0010 25998.7,1,1,2026,17,37,-201.560,25521.0,-04961.3,-110.010,25998.7
01 01 2026  17 38  -20.1555 25521.6 -04961.8 -11.0020 25999.4,1,1,2026,17,38,-201.555,25521.6,-04961.8,-110.020,25999.4
01 01 2026  17 39  -20.1551 25521.7 -04962.1 -11.0026 25999.6,1,1,2026,17,39,-201.551,25521.7,-04962.1,-110.026,25999.6
01 01 2026  17 40  -20.1541 25521.7 -04962.2 -11.0028 25999.6,1,1,2026,17,40,-201.541,25521.7,-04962.2,-110.028,25999.6
01 01 2026  17 41  -20.1537 25521.4 -04962.2 -11.0029 25999.3,1,1,2026,17,41,-201.537,25521.4,-04962.2,-110.029,25999.3
01 01 2026  17 42  -20.1534 25521.5 -04962.5 -11.0035 25999.5,1,1,2026,17,42,-201.534,25521.5,-04962.5,-110.035,25999.5
01 01 2026  17 43  -20.1528 25521.5 -04962.6 -11.0037 25999.5,1,1,2026,17,43,-201.528,25521.5,-04962.6,-110.037,25999.5
01 01 2026  17 44  -20.1523 25521.6 -04963.0 -11.0044 25999.7,1,1,2026,17,44,-201.523,25521.6,-04963.0,-110.044,25999.7
01 01 2026  17 45  -20.1530 25521.9 -04963.4 -11.0053 26000.1,1,1,2026,17,45,-201.530,25521.9,-04963.4,-110.053,26000.1
01 01 2026  17 46  -20.1537 25522.0 -04963.7 -11.0058 26000.2,1,1,2026,17,46,-201.537,25522.0,-04963.7,-110.058,26000.2
01 01 2026  17 47  -20.1542 25521.4 -04963.4 -11.0055 25999.6,1,1,2026,17,47,-201.542,25521.4,-04963.4,-110.055,25999.6
01 01 2026  17 48  -20.1546 25521.0 -04963.2 -11.0052 25999.1,1,1,2026,17,48,-201.546,25521.0,-04963.2,-110.052,25999.1
01 01 2026  17 49  -20.1538 25520.7 -04962.9 -11.0048 25998.8,1,1,2026,17,49,-201.538,25520.7,-04962.9,-110.048,25998.8
01 01 2026  17 50  -20.1528 25520.8 -04963.1 -11.0051 25998.9,1,1,2026,17,50,-201.528,25520.8,-04963.1,-110.051,25998.9
01 01 2026  17 51  -20.1526 25521.0 -04963.6 -11.0060 25999.2,1,1,2026,17,51,-201.526,25521.0,-04963.6,-110.060,25999.2
01 01 2026  17 52  -20.1525 25520.8 -04963.7 -11.0064 25999.1,1,1,2026,17,52,-201.525,25520.8,-04963.7,-110.064,25999.1
01 01 2026  17 53  -20.1517 25520.7 -04963.8 -11.0066 25998.9,1,1,2026,17,53,-201.517,25520.7,-04963.8,-110.066,25998.9
01 01 2026  17 54  -20.1518 25520.8 -04964.0 -11.0071 25999.1,1,1,2026,17,54,-201.518,25520.8,-04964.0,-110.071,25999.1
01 01 2026  17 55  -20.1524 25520.8 -04964.2 -11.0076 25999.1,1,1,2026,17,55,-201.524,25520.8,-04964.2,-110.076,25999.1
01 01 2026  17 56  -20.1522 25520.8 -04964.3 -11.0078 25999.2,1,1,2026,17,56,-201.522,25520.8,-04964.3,-110.078,25999.2
01 01 2026  17 57  -20.1521 25520.9 -04964.5 -11.0081 25999.3,1,1,2026,17,57,-201.521,25520.9,-04964.5,-110.081,25999.3
01 01 2026  17 58  -20.1519 25520.5 -04964.3 -11.0077 25998.9,1,1,2026,17,58,-201.519,25520.5,-04964.3,-110.077,25998.9
01 01 2026  17 59  -20.1519 25520.3 -04964.4 -11.0081 25998.7,1,1,2026,17,59,-201.519,25520.3,-04964.4,-110.081,25998.7
01 01 2026  18 00  -20.1521 25520.4 -04964.6 -11.0085 25998.9,1,1,2026,18,0,-201.521,25520.4,-04964.6,-110.085,25998.9
01 01 2026  18 01  -20.1526 25520.8 -04965.0 -11.0092 25999.3,1,1,2026,18,1,-201.526,25520.8,-04965.0,-110.092,25999.3
01 01 2026  18 02  -20.1528 25521.4 -04965.5 -11.0099 26000.0,1,1,2026,18,2,-201.528,25521.4,-04965.5,-110.099,26000.0
01 01 2026  18 03  -20.1526 25521.1 -04965.4 -11.0099 25999.7,1,1,2026,18,3,-201.526,25521.1,-04965.4,-110.099,25999.7
01 01 2026  18 04  -20.1526 25520.3 -04964.8 -11.0091 25998.7,1,1,2026,18,4,-201.526,25520.3,-04964.8,-110.091,25998.7
01 01 2026  18 05  -20.1528 25519.8 -04964.6 -11.0087 25998.3,1,1,2026,18,5,-201.528,25519.8,-04964.6,-110.087,25998.3
01 01 2026  18 06  -20.1537 25520.0 -04964.8 -11.0091 25998.4,1,1,2026,18,6,-201.537,25520.0,-04964.8,-110.091,25998.4
01 01 2026  18 07  -20.1543 25520.3 -04965.0 -11.0094 25998.7,1,1,2026,18,7,-201.543,25520.3,-04965.0,-110.094,25998.7
01 01 2026  18 08  -20.1547 25520.6 -04965.2 -11.0098 25999.1,1,1,2026,18,8,-201.547,25520.6,-04965.2,-110.098,25999.1
01 01 2026  18 09  -20.1552 25521.2 -04965.6 -11.0103 25999.8,1,1,2026,18,9,-201.552,25521.2,-04965.6,-110.103,25999.8
01 01 2026  18 10  -20.1555 25521.4 -04965.7 -11.0105 26000.0,1,1,2026,18,10,-201.555,25521.4,-04965.7,-110.105,26000.0
01 01 2026  18 11  -20.1555 25521.1 -04965.6 -11.0103 25999.7,1,1,2026,18,11,-201.555,25521.1,-04965.6,-110.103,25999.7
01 01 2026  18 12  -20.1557 25520.8 -04965.2 -11.0096 25999.3,1,1,2026,18,12,-201.557,25520.8,-04965.2,-110.096,25999.3
01 01 2026  18 13  -20.1566 25520.6 -04965.2 -11.0098 25999.1,1,1,2026,18,13,-201.566,25520.6,-04965.2,-110.098,25999.1
01 01 2026  18 14  -20.1572 25520.4 -04965.1 -11.0095 25998.9,1,1,2026,18,14,-201.572,25520.4,-04965.1,-110.095,25998.9
01 01 2026  18 15  -20.1571 25519.9 -04964.6 -11.0088 25998.3,1,1,2026,18,15,-201.571,25519.9,-04964.6,-110.088,25998.3
01 01 2026  18 16  -20.1569 25519.9 -04964.6 -11.0086 25998.3,1,1,2026,18,16,-201.569,25519.9,-04964.6,-110.086,25998.3
01 01 2026  18 17  -20.1570 25519.8 -04964.5 -11.0086 25998.2,1,1,2026,18,17,-201.570,25519.8,-04964.5,-110.086,25998.2
01 01 2026  18 18  -20.1572 25519.8 -04964.5 -11.0087 25998.2,1,1,2026,18,18,-201.572,25519.8,-04964.5,-110.087,25998.2
01 01 2026  18 19  -20.1578 25519.6 -04964.5 -11.0086 25998.0,1,1,2026,18,19,-201.578,25519.6,-04964.5,-110.086,25998.0
01 01 2026  18 20  -20.1581 25520.0 -04964.8 -11.0090 25998.5,1,1,2026,18,20,-201.581,25520.0,-04964.8,-110.090,25998.5
01 01 2026  18 21  -20.1588 25520.0 -04964.7 -11.0089 25998.4,1,1,2026,18,21,-201.588,25520.0,-04964.7,-110.089,25998.4
01 01 2026  18 22  -20.1590 25520.3 -04964.8 -11.0089 25998.8,1,1,2026,18,22,-201.590,25520.3,-04964.8,-110.089,25998.8
01 01 2026  18 23  -20.1587 25520.7 -04964.9 -11.0090 25999.1,1,1,2026,18,23,-201.587,25520.7,-04964.9,-110.090,25999.1
01 01 2026  18 24  -20.1590 25521.1 -04965.2 -11.0096 25999.6,1,1,2026,18,24,-201.590,25521.1,-04965.2,-110.096,25999.6
01 01 2026  18 25  -20.1602 25521.2 -04965.3 -11.0097 25999.7,1,1,2026,18,25,-201.602,25521.2,-04965.3,-110.097,25999.7
01 01 2026  18 26  -20.1606 25521.4 -04965.4 -11.0098 26000.0,1,1,2026,18,26,-201.606,25521.4,-04965.4,-110.098,26000.0
01 01 2026  18 27  -20.1609 25521.8 -04965.6 -11.0101 26000.4,1,1,2026,18,27,-201.609,25521.8,-04965.6,-110.101,26000.4
01 01 2026  18 28  -20.1613 25521.7 -04965.5 -11.0099 26000.2,1,1,2026,18,28,-201.613,25521.7,-04965.5,-110.099,26000.2
01 01 2026  18 29  -20.1619 25521.4 -04965.3 -11.0097 25999.9,1,1,2026,18,29,-201.619,25521.4,-04965.3,-110.097,25999.9
01 01 2026  18 30  -20.1625 25521.0 -04965.1 -11.0093 25999.5,1,1,2026,18,30,-201.625,25521.0,-04965.1,-110.093,25999.5
01 01 2026  18 31  -20.1625 25520.4 -04964.6 -11.0086 25998.8,1,1,2026,18,31,-201.625,25520.4,-04964.6,-110.086,25998.8
01 01 2026  18 32  -20.1624 25519.8 -04964.3 -11.0081 25998.2,1,1,2026,18,32,-201.624,25519.8,-04964.3,-110.081,25998.2
01 01 2026  18 33  -20.1628 25519.6 -04964.3 -11.0081 25998.0,1,1,2026,18,33,-201.628,25519.6,-04964.3,-110.081,25998.0
01 01 2026  18 34  -20.1632 25519.4 -04964.2 -11.0081 25997.8,1,1,2026,18,34,-201.632,25519.4,-04964.2,-110.081,25997.8
01 01 2026  18 35  -20.1635 25519.8 -04964.5 -11.0086 25998.2,1,1,2026,18,35,-201.635,25519.8,-04964.5,-110.086,25998.2
01 01 2026  18 36  -20.1635 25520.5 -04964.9 -11.0092 25998.9,1,1,2026,18,36,-201.635,25520.5,-04964.9,-110.092,25998.9
01 01 2026  18 37  -20.1639 25520.5 -04965.1 -11.0095 25999.0,1,1,2026,18,37,-201.639,25520.5,-04965.1,-110.095,25999.0
01 01 2026  18 38  -20.1646 25520.6 -04965.2 -11.0097 25999.1,1,1,2026,18,38,-201.646,25520.6,-04965.2,-110.097,25999.1
01 01 2026  18 39  -20.1646 25520.3 -04965.0 -11.0093 25998.8,1,1,2026,18,39,-201.646,25520.3,-04965.0,-110.093,25998.8
01 01 2026  18 40  -20.1651 25519.4 -04964.6 -11.0089 25997.9,1,1,2026,18,40,-201.651,25519.4,-04964.6,-110.089,25997.9
01 01 2026  18 41  -20.1650 25518.8 -04964.1 -11.0082 25997.2,1,1,2026,18,41,-201.650,25518.8,-04964.1,-110.082,25997.2
01 01 2026  18 42  -20.1651 25518.5 -04964.0 -11.0081 25996.9,1,1,2026,18,42,-201.651,25518.5,-04964.0,-110.081,25996.9
01 01 2026  18 43  -20.1654 25518.1 -04964.1 -11.0083 25996.5,1,1,2026,18,43,-201.654,25518.1,-04964.1,-110.083,25996.5
01 01 2026  18 44  -20.1653 25517.5 -04963.7 -11.0078 25995.8,1,1,2026,18,44,-201.653,25517.5,-04963.7,-110.078,25995.8
01 01 2026  18 45  -20.1649 25517.9 -04963.9 -11.0081 25996.2,1,1,2026,18,45,-201.649,25517.9,-04963.9,-110.081,25996.2
01 01 2026  18 46  -20.1644 25518.1 -04964.2 -11.0087 25996.5,1,1,2026,18,46,-201.644,25518.1,-04964.2,-110.087,25996.5
01 01 2026  18 47  -20.1641 25517.8 -04964.2 -11.0087 25996.2,1,1,2026,18,47,-201.641,25517.8,-04964.2,-110.087,25996.2
01 01 2026  18 48  -20.1639 25516.8 -04963.8 -11.0082 25995.2,1,1,2026,18,48,-201.639,25516.8,-04963.8,-110.082,25995.2
01 01 2026  18 49  -20.1639 25516.5 -04963.6 -11.0081 25994.8,1,1,2026,18,49,-201.639,25516.5,-04963.6,-110.081,25994.8
01 01 2026  18 50  -20.1641 25515.9 -04963.5 -11.0080 25994.2,1,1,2026,18,50,-201.641,25515.9,-04963.5,-110.080,25994.2
01 01 2026  18 51  -20.1639 25515.7 -04963.6 -11.0083 25994.0,1,1,2026,18,51,-201.639,25515.7,-04963.6,-110.083,25994.0
01 01 2026  18 52  -20.1640 25515.0 -04963.4 -11.0083 25993.3,1,1,2026,18,52,-201.640,25515.0,-04963.4,-110.083,25993.3
01 01 2026  18 53  -20.1641 25514.1 -04963.1 -11.0080 25992.3,1,1,2026,18,53,-201.641,25514.1,-04963.1,-110.080,25992.3
01 01 2026  18 54  -20.1641 25513.5 -04963.0 -11.0080 25991.8,1,1,2026,18,54,-201.641,25513.5,-04963.0,-110.080,25991.8
01 01 2026  18 55  -20.1640 25512.8 -04962.9 -11.0079 25991.0,1,1,2026,18,55,-201.640,25512.8,-04962.9,-110.079,25991.0
01 01 2026  18 56  -20.1640 25512.3 -04962.8 -11.0080 25990.5,1,1,2026,18,56,-201.640,25512.3,-04962.8,-110.080,25990.5
01 01 2026  18 57  -20.1642 25511.9 -04962.9 -11.0083 25990.1,1,1,2026,18,57,-201.642,25511.9,-04962.9,-110.083,25990.1
01 01 2026  18 58  -20.1644 25512.0 -04963.3 -11.0091 25990.3,1,1,2026,18,58,-201.644,25512.0,-04963.3,-110.091,25990.3
01 01 2026  18 59  -20.1645 25512.2 -04963.6 -11.0097 25990.6,1,1,2026,18,59,-201.645,25512.2,-04963.6,-110.097,25990.6
01 01 2026  19 00  -20.1646 25511.8 -04963.5 -11.0099 25990.1,1,1,2026,19,0,-201.646,25511.8,-04963.5,-110.099,25990.1
01 01 2026  19 01  -20.1646 25511.6 -04963.6 -11.0101 25990.0,1,1,2026,19,1,-201.646,25511.6,-04963.6,-110.101,25990.0
01 01 2026  19 02  -20.1646 25511.7 -04964.0 -11.0108 25990.1,1,1,2026,19,2,-201.646,25511.7,-04964.0,-110.108,25990.1
01 01 2026  19 03  -20.1647 25511.6 -04964.1 -11.0112 25990.1,1,1,2026,19,3,-201.647,25511.6,-04964.1,-110.112,25990.1
01 01 2026  19 04  -20.1646 25511.5 -04964.3 -11.0116 25990.0,1,1,2026,19,4,-201.646,25511.5,-04964.3,-110.116,25990.0
01 01 2026  19 05  -20.1645 25511.0 -04964.2 -11.0115 25989.5,1,1,2026,19,5,-201.645,25511.0,-04964.2,-110.115,25989.5
01 01 2026  19 06  -20.1638 25510.8 -04964.2 -11.0118 25989.3,1,1,2026,19,6,-201.638,25510.8,-04964.2,-110.118,25989.3
01 01 2026  19 07  -20.1636 25510.3 -04964.2 -11.0119 25988.8,1,1,2026,19,7,-201.636,25510.3,-04964.2,-110.119,25988.8
01 01 2026  19 08  -20.1634 25509.9 -04964.3 -11.0122 25988.5,1,1,2026,19,8,-201.634,25509.9,-04964.3,-110.122,25988.5
01 01 2026  19 09  -20.1631 25509.9 -04964.6 -11.0129 25988.5,1,1,2026,19,9,-201.631,25509.9,-04964.6,-110.129,25988.5
01 01 2026  19 10  -20.1628 25509.8 -04964.8 -11.0133 25988.4,1,1,2026,19,10,-201.628,25509.8,-04964.8,-110.133,25988.4
01 01 2026  19 11  -20.1625 25509.7 -04965.0 -11.0138 25988.4,1,1,2026,19,11,-201.625,25509.7,-04965.0,-110.138,25988.4
01 01 2026  19 12  -20.1624 25509.7 -04965.3 -11.0144 25988.4,1,1,2026,19,12,-201.624,25509.7,-04965.3,-110.144,25988.4
01 01 2026  19 13  -20.1624 25509.3 -04965.4 -11.0150 25988.1,1,1,2026,19,13,-201.624,25509.3,-04965.4,-110.150,25988.1
01 01 2026  19 14  -20.1623 25508.7 -04965.4 -11.0152 25987.5,1,1,2026,19,14,-201.623,25508.7,-04965.4,-110.152,25987.5
01 01 2026  19 15  -20.1623 25508.3 -04965.5 -11.0155 25987.1,1,1,2026,19,15,-201.623,25508.3,-04965.5,-110.155,25987.1
01 01 2026  19 16  -20.1624 25507.5 -04965.4 -11.0156 25986.3,1,1,2026,19,16,-201.624,25507.5,-04965.4,-110.156,25986.3
01 01 2026  19 17  -20.1624 25506.7 -04965.3 -11.0157 25985.5,1,1,2026,19,17,-201.624,25506.7,-04965.3,-110.157,25985.5
01 01 2026  19 18  -20.1621 25506.0 -04965.1 -11.0157 25984.8,1,1,2026,19,18,-201.621,25506.0,-04965.1,-110.157,25984.8
01 01 2026  19 19  -20.1617 25505.6 -04965.2 -11.0161 25984.4,1,1,2026,19,19,-201.617,25505.6,-04965.2,-110.161,25984.4
01 01 2026  19 20  -20.1619 25505.1 -04965.3 -11.0165 25984.0,1,1,2026,19,20,-201.619,25505.1,-04965.3,-110.165,25984.0
01 01 2026  19 21  -20.1622 25504.9 -04965.6 -11.0173 25983.8,1,1,2026,19,21,-201.622,25504.9,-04965.6,-110.173,25983.8
01 01 2026  19 22  -20.1621 25504.8 -04965.8 -11.0176 25983.7,1,1,2026,19,22,-201.621,25504.8,-04965.8,-110.176,25983.7
01 01 2026  19 23  -20.1621 25505.1 -04966.4 -11.0189 25984.1,1,1,2026,19,23,-201.621,25505.1,-04966.4,-110.189,25984.1
01 01 2026  19 24  -20.1618 25505.3 -04966.9 -11.0197 25984.5,1,1,2026,19,24,-201.618,25505.3,-04966.9,-110.197,25984.5
01 01 2026  19 25  -20.1617 25505.5 -04967.4 -11.0207 25984.8,1,1,2026,19,25,-201.617,25505.5,-04967.4,-110.207,25984.8
01 01 2026  19 26  -20.1615 25505.4 -04967.5 -11.0211 25984.6,1,1,2026,19,26,-201.615,25505.4,-04967.5,-110.211,25984.6
01 01 2026  19 27  -20.1613 25505.0 -04967.6 -11.0215 25984.3,1,1,2026,19,27,-201.613,25505.0,-04967.6,-110.215,25984.3
01 01 2026  19 28  -20.1615 25504.6 -04967.6 -11.0216 25983.8,1,1,2026,19,28,-201.615,25504.6,-04967.6,-110.216,25983.8
01 01 2026  19 29  -20.1616 25503.8 -04967.4 -11.0215 25983.0,1,1,2026,19,29,-201.616,25503.8,-04967.4,-110.215,25983.0
01 01 2026  19 30  -20.1614 25503.0 -04967.2 -11.0214 25982.2,1,1,2026,19,30,-201.614,25503.0,-04967.2,-110.214,25982.2
01 01 2026  19 31  -20.1613 25502.9 -04967.3 -11.0218 25982.2,1,1,2026,19,31,-201.613,25502.9,-04967.3,-110.218,25982.2
01 01 2026  19 32  -20.1610 25502.9 -04967.7 -11.0226 25982.2,1,1,2026,19,32,-201.610,25502.9,-04967.7,-110.226,25982.2
01 01 2026  19 33  -20.1606 25502.7 -04967.9 -11.0230 25982.0,1,1,2026,19,33,-201.606,25502.7,-04967.9,-110.230,25982.0
01 01 2026  19 34  -20.1604 25502.5 -04968.0 -11.0235 25981.9,1,1,2026,19,34,-201.604,25502.5,-04968.0,-110.235,25981.9
01 01 2026  19 35  -20.1602 25502.0 -04968.1 -11.0238 25981.4,1,1,2026,19,35,-201.602,25502.0,-04968.1,-110.238,25981.4
01 01 2026  19 36  -20.1598 25501.9 -04968.3 -11.0242 25981.4,1,1,2026,19,36,-201.598,25501.9,-04968.3,-110.242,25981.4
01 01 2026  19 37  -20.1596 25501.8 -04968.4 -11.0246 25981.3,1,1,2026,19,37,-201.596,25501.8,-04968.4,-110.246,25981.3
01 01 2026  19 38  -20.1594 25501.5 -04968.5 -11.0249 25981.0,1,1,2026,19,38,-201.594,25501.5,-04968.5,-110.249,25981.0
01 01 2026  19 39  -20.1593 25501.1 -04968.5 -11.0252 25980.6,1,1,2026,19,39,-201.593,25501.1,-04968.5,-110.252,25980.6
01 01 2026  19 40  -20.1594 25501.2 -04968.9 -11.0258 25980.7,1,1,2026,19,40,-201.594,25501.2,-04968.9,-110.258,25980.7
01 01 2026  19 41  -20.1591 25501.0 -04969.0 -11.0261 25980.6,1,1,2026,19,41,-201.591,25501.0,-04969.0,-110.261,25980.6
01 01 2026  19 42  -20.1589 25500.7 -04968.9 -11.0260 25980.3,1,1,2026,19,42,-201.589,25500.7,-04968.9,-110.260,25980.3
01 01 2026  19 43  -20.1591 25501.1 -04969.5 -11.0273 25980.8,1,1,2026,19,43,-201.591,25501.1,-04969.5,-110.273,25980.8
01 01 2026  19 44  -20.1591 25501.2 -04969.8 -11.0279 25981.0,1,1,2026,19,44,-201.591,25501.2,-04969.8,-110.279,25981.0
01 01 2026  19 45  -20.1592 25501.2 -04969.9 -11.0281 25980.9,1,1,2026,19,45,-201.592,25501.2,-04969.9,-110.281,25980.9
01 01 2026  19 46  -20.1588 25501.0 -04970.0 -11.0284 25980.8,1,1,2026,19,46,-201.588,25501.0,-04970.0,-110.284,25980.8
01 01 2026  19 47  -20.1588 25500.4 -04970.0 -11.0286 25980.2,1,1,2026,19,47,-201.588,25500.4,-04970.0,-110.286,25980.2
01 01 2026  19 48  -20.1588 25500.3 -04970.1 -11.0288 25980.1,1,1,2026,19,48,-201.588,25500.3,-04970.1,-110.288,25980.1
01 01 2026  19 49  -20.1591 25499.9 -04970.1 -11.0291 25979.7,1,1,2026,19,49,-201.591,25499.9,-04970.1,-110.291,25979.7
01 01 2026  19 50  -20.1591 25499.7 -04970.2 -11.0293 25979.5,1,1,2026,19,50,-201.591,25499.7,-04970.2,-110.293,25979.5
01 01 2026  19 51  -20.1590 25499.4 -04970.2 -11.0295 25979.2,1,1,2026,19,51,-201.590,25499.4,-04970.2,-110.295,25979.2
01 01 2026  19 52  -20.1590 25498.9 -04970.2 -11.0296 25978.8,1,1,2026,19,52,-201.590,25498.9,-04970.2,-110.296,25978.8
01 01 2026  19 53  -20.1593 25498.4 -04970.1 -11.0296 25978.3,1,1,2026,19,53,-201.593,25498.4,-04970.1,-110.296,25978.3
01 01 2026  19 54  -20.1595 25497.9 -04970.0 -11.0298 25977.7,1,1,2026,19,54,-201.595,25497.9,-04970.0,-110.298,25977.7
01 01 2026  19 55  -20.1594 25497.2 -04969.8 -11.0296 25977.1,1,1,2026,19,55,-201.594,25497.2,-04969.8,-110.296,25977.1
01 01 2026  19 56  -20.1593 25496.7 -04969.7 -11.0296 25976.5,1,1,2026,19,56,-201.593,25496.7,-04969.7,-110.296,25976.5
01 01 2026  19 57  -20.1594 25496.2 -04969.7 -11.0298 25976.1,1,1,2026,19,57,-201.594,25496.2,-04969.7,-110.298,25976.1
01 01 2026  19 58  -20.1594 25495.6 -04969.7 -11.0299 25975.4,1,1,2026,19,58,-201.594,25495.6,-04969.7,-110.299,25975.4
01 01 2026  19 59  -20.1593 25494.8 -04969.5 -11.0298 25974.7,1,1,2026,19,59,-201.593,25494.8,-04969.5,-110.298,25974.7
01 01 2026  20 00  -20.1592 25494.2 -04969.3 -11.0298 25974.0,1,1,2026,20,0,-201.592,25494.2,-04969.3,-110.298,25974.0
01 01 2026  20 01  -20.1592 25494.0 -04969.5 -11.0303 25973.8,1,1,2026,20,1,-201.592,25494.0,-04969.5,-110.303,25973.8
01 01 2026  20 02  -20.1589 25493.4 -04969.4 -11.0304 25973.2,1,1,2026,20,2,-201.589,25493.4,-04969.4,-110.304,25973.2
01 01 2026  20 03  -20.1582 25493.4 -04969.6 -11.0307 25973.3,1,1,2026,20,3,-201.582,25493.4,-04969.6,-110.307,25973.3
01 01 2026  20 04  -20.1579 25492.7 -04969.6 -11.0311 25972.6,1,1,2026,20,4,-201.579,25492.7,-04969.6,-110.311,25972.6
01 01 2026  20 05  -20.1576 25492.4 -04969.7 -11.0314 25972.3,1,1,2026,20,5,-201.576,25492.4,-04969.7,-110.314,25972.3
01 01 2026  20 06  -20.1578 25491.9 -04969.8 -11.0317 25971.8,1,1,2026,20,6,-201.578,25491.9,-04969.8,-110.317,25971.8
01 01 2026  20 07  -20.1575 25491.1 -04969.6 -11.0317 25971.0,1,1,2026,20,7,-201.575,25491.1,-04969.6,-110.317,25971.0
01 01 2026  20 08  -20.1573 25490.7 -04969.6 -11.0319 25970.7,1,1,2026,20,8,-201.573,25490.7,-04969.6,-110.319,25970.7
01 01 2026  20 09  -20.1568 25490.7 -04969.9 -11.0326 25970.7,1,1,2026,20,9,-201.568,25490.7,-04969.9,-110.326,25970.7
01 01 2026  20 10  -20.1566 25490.4 -04970.1 -11.0330 25970.4,1,1,2026,20,10,-201.566,25490.4,-04970.1,-110.330,25970.4
01 01 2026  20 11  -20.1565 25490.1 -04970.0 -11.0330 25970.1,1,1,2026,20,11,-201.565,25490.1,-04970.0,-110.330,25970.1
01 01 2026  20 12  -20.1565 25489.9 -04970.4 -11.0339 25969.9,1,1,2026,20,12,-201.565,25489.9,-04970.4,-110.339,25969.9
01 01 2026  20 13  -20.1564 25489.7 -04970.6 -11.0343 25969.8,1,1,2026,20,13,-201.564,25489.7,-04970.6,-110.343,25969.8
01 01 2026  20 14  -20.1563 25489.4 -04970.6 -11.0346 25969.5,1,1,2026,20,14,-201.563,25489.4,-04970.6,-110.346,25969.5
01 01 2026  20 15  -20.1562 25489.3 -04970.8 -11.0351 25969.5,1,1,2026,20,15,-201.562,25489.3,-04970.8,-110.351,25969.5
01 01 2026  20 16  -20.1562 25488.9 -04970.9 -11.0355 25969.1,1,1,2026,20,16,-201.562,25488.9,-04970.9,-110.355,25969.1
01 01 2026  20 17  -20.1561 25488.4 -04970.9 -11.0356 25968.6,1,1,2026,20,17,-201.561,25488.4,-04970.9,-110.356,25968.6
01 01 2026  20 18  -20.1560 25487.8 -04970.8 -11.0357 25968.0,1,1,2026,20,18,-201.560,25487.8,-04970.8,-110.357,25968.0
01 01 2026  20 19  -20.1558 25487.2 -04970.7 -11.0357 25967.4,1,1,2026,20,19,-201.558,25487.2,-04970.7,-110.357,25967.4
01 01 2026  20 20  -20.1556 25486.5 -04970.6 -11.0358 25966.7,1,1,2026,20,20,-201.556,25486.5,-04970.6,-110.358,25966.7
01 01 2026  20 21  -20.1555 25486.1 -04970.6 -11.0359 25966.3,1,1,2026,20,21,-201.555,25486.1,-04970.6,-110.359,25966.3
01 01 2026  20 22  -20.1554 25485.8 -04970.7 -11.0364 25966.1,1,1,2026,20,22,-201.554,25485.8,-04970.7,-110.364,25966.1
01 01 2026  20 23  -20.1553 25485.6 -04970.8 -11.0367 25965.8,1,1,2026,20,23,-201.553,25485.6,-04970.8,-110.367,25965.8
01 01 2026  20 24  -20.1553 25485.3 -04971.0 -11.0372 25965.6,1,1,2026,20,24,-201.553,25485.3,-04971.0,-110.372,25965.6
01 01 2026  20 25  -20.1555 25484.7 -04971.1 -11.0375 25965.0,1,1,2026,20,25,-201.555,25484.7,-04971.1,-110.375,25965.0
01 01 2026  20 26  -20.1555 25484.0 -04970.8 -11.0373 25964.3,1,1,2026,20,26,-201.555,25484.0,-04970.8,-110.373,25964.3
01 01 2026  20 27  -20.1553 25483.6 -04970.8 -11.0375 25963.9,1,1,2026,20,27,-201.553,25483.6,-04970.8,-110.375,25963.9
01 01 2026  20 28  -20.1551 25483.1 -04970.6 -11.0373 25963.3,1,1,2026,20,28,-201.551,25483.1,-04970.6,-110.373,25963.3
01 01 2026  20 29  -20.1551 25482.7 -04970.9 -11.0380 25963.0,1,1,2026,20,29,-201.551,25482.7,-04970.9,-110.380,25963.0
01 01 2026  20 30  -20.1552 25482.3 -04971.0 -11.0383 25962.6,1,1,2026,20,30,-201.552,25482.3,-04971.0,-110.383,25962.6
01 01 2026  20 31  -20.1552 25482.1 -04971.1 -11.0387 25962.4,1,1,2026,20,31,-201.552,25482.1,-04971.1,-110.387,25962.4
01 01 2026  20 32  -20.1551 25482.0 -04971.3 -11.0393 25962.4,1,1,2026,20,32,-201.551,25482.0,-04971.3,-110.393,25962.4
01 01 2026  20 33  -20.1553 25482.0 -04971.6 -11.0399 25962.5,1,1,2026,20,33,-201.553,25482.0,-04971.6,-110.399,25962.5
01 01 2026  20 34  -20.1555 25481.9 -04971.9 -11.0405 25962.4,1,1,2026,20,34,-201.555,25481.9,-04971.9,-110.405,25962.4
01 01 2026  20 35  -20.1557 25482.3 -04972.3 -11.0412 25962.8,1,1,2026,20,35,-201.557,25482.3,-04972.3,-110.412,25962.8
01 01 2026  20 36  -20.1559 25482.1 -04972.5 -11.0417 25962.7,1,1,2026,20,36,-201.559,25482.1,-04972.5,-110.417,25962.7
01 01 2026  20 37  -20.1564 25482.2 -04972.7 -11.0421 25962.8,1,1,2026,20,37,-201.564,25482.2,-04972.7,-110.421,25962.8
01 01 2026  20 38  -20.1568 25482.3 -04972.9 -11.0426 25963.0,1,1,2026,20,38,-201.568,25482.3,-04972.9,-110.426,25963.0
01 01 2026  20 39  -20.1569 25482.4 -04973.1 -11.0430 25963.1,1,1,2026,20,39,-201.569,25482.4,-04973.1,-110.430,25963.1
01 01 2026  20 40  -20.1568 25482.0 -04973.0 -11.0430 25962.7,1,1,2026,20,40,-201.568,25482.0,-04973.0,-110.430,25962.7
01 01 2026  20 41  -20.1566 25482.1 -04973.1 -11.0431 25962.9,1,1,2026,20,41,-201.566,25482.1,-04973.1,-110.431,25962.9
01 01 2026  20 42  -20.1565 25482.0 -04973.2 -11.0434 25962.8,1,1,2026,20,42,-201.565,25482.0,-04973.2,-110.434,25962.8
01 01 2026  20 43  -20.1563 25481.9 -04973.3 -11.0436 25962.6,1,1,2026,20,43,-201.563,25481.9,-04973.3,-110.436,25962.6
01 01 2026  20 44  -20.1563 25481.5 -04973.3 -11.0436 25962.3,1,1,2026,20,44,-201.563,25481.5,-04973.3,-110.436,25962.3
01 01 2026  20 45  -20.1563 25481.3 -04973.3 -11.0437 25962.1,1,1,2026,20,45,-201.563,25481.3,-04973.3,-110.437,25962.1
01 01 2026  20 46  -20.1562 25480.7 -04973.1 -11.0436 25961.5,1,1,2026,20,46,-201.562,25480.7,-04973.1,-110.436,25961.5
01 01 2026  20 47  -20.1564 25480.2 -04972.9 -11.0433 25960.9,1,1,2026,20,47,-201.564,25480.2,-04972.9,-110.433,25960.9
01 01 2026  20 48  -20.1563 25479.9 -04972.9 -11.0434 25960.7,1,1,2026,20,48,-201.563,25479.9,-04972.9,-110.434,25960.7
01 01 2026  20 49  -20.1560 25480.2 -04973.0 -11.0437 25961.0,1,1,2026,20,49,-201.560,25480.2,-04973.0,-110.437,25961.0
01 01 2026  20 50  -20.1557 25480.7 -04973.5 -11.0446 25961.5,1,1,2026,20,50,-201.557,25480.7,-04973.5,-110.446,25961.5
01 01 2026  20 51  -20.1555 25480.9 -04973.9 -11.0452 25961.8,1,1,2026,20,51,-201.555,25480.9,-04973.9,-110.452,25961.8
01 01 2026  20 52  -20.1555 25481.0 -04974.1 -11.0456 25961.9,1,1,2026,20,52,-201.555,25481.0,-04974.1,-110.456,25961.9
01 01 2026  20 53  -20.1556 25480.6 -04974.1 -11.0458 25961.6,1,1,2026,20,53,-201.556,25480.6,-04974.1,-110.458,25961.6
01 01 2026  20 54  -20.1557 25480.3 -04974.0 -11.0457 25961.2,1,1,2026,20,54,-201.557,25480.3,-04974.0,-110.457,25961.2
01 01 2026  20 55  -20.1558 25480.1 -04974.0 -11.0458 25961.0,1,1,2026,20,55,-201.558,25480.1,-04974.0,-110.458,25961.0
01 01 2026  20 56  -20.1558 25479.6 -04973.8 -11.0456 25960.5,1,1,2026,20,56,-201.558,25479.6,-04973.8,-110.456,25960.5
01 01 2026  20 57  -20.1559 25478.9 -04973.6 -11.0455 25959.8,1,1,2026,20,57,-201.559,25478.9,-04973.6,-110.455,25959.8
01 01 2026  20 58  -20.1561 25478.0 -04973.3 -11.0451 25958.9,1,1,2026,20,58,-201.561,25478.0,-04973.3,-110.451,25958.9
01 01 2026  20 59  -20.1564 25477.5 -04972.9 -11.0446 25958.3,1,1,2026,20,59,-201.564,25477.5,-04972.9,-110.446,25958.3
01 01 2026  21 00  -20.1563 25477.1 -04972.8 -11.0444 25957.9,1,1,2026,21,0,-201.563,25477.1,-04972.8,-110.444,25957.9
01 01 2026  21 01  -20.1564 25476.9 -04972.8 -11.0446 25957.7,1,1,2026,21,1,-201.564,25476.9,-04972.8,-110.446,25957.7
01 01 2026  21 02  -20.1565 25476.9 -04973.1 -11.0452 25957.8,1,1,2026,21,2,-201.565,25476.9,-04973.1,-110.452,25957.8
01 01 2026  21 03  -20.1564 25476.5 -04973.0 -11.0452 25957.4,1,1,2026,21,3,-201.564,25476.5,-04973.0,-110.452,25957.4
01 01 2026  21 04  -20.1564 25476.1 -04972.9 -11.0452 25956.9,1,1,2026,21,4,-201.564,25476.1,-04972.9,-110.452,25956.9
01 01 2026  21 05  -20.1565 25475.6 -04972.8 -11.0451 25956.4,1,1,2026,21,5,-201.565,25475.6,-04972.8,-110.451,25956.4
01 01 2026  21 06  -20.1564 25475.1 -04972.6 -11.0450 25955.9,1,1,2026,21,6,-201.564,25475.1,-04972.6,-110.450,25955.9
01 01 2026  21 07  -20.1562 25474.7 -04972.6 -11.0451 25955.5,1,1,2026,21,7,-201.562,25474.7,-04972.6,-110.451,25955.5
01 01 2026  21 08  -20.1561 25474.5 -04972.7 -11.0453 25955.3,1,1,2026,21,8,-201.561,25474.5,-04972.7,-110.453,25955.3
01 01 2026  21 09  -20.1558 25474.3 -04972.7 -11.0455 25955.1,1,1,2026,21,9,-201.558,25474.3,-04972.7,-110.455,25955.1
01 01 2026  21 10  -20.1555 25474.1 -04972.8 -11.0457 25954.9,1,1,2026,21,10,-201.555,25474.1,-04972.8,-110.457,25954.9
01 01 2026  21 11  -20.1553 25473.9 -04972.9 -11.0461 25954.8,1,1,2026,21,11,-201.553,25473.9,-04972.9,-110.461,25954.8
01 01 2026  21 12  -20.1550 25473.9 -04973.1 -11.0465 25954.8,1,1,2026,21,12,-201.550,25473.9,-04973.1,-110.465,25954.8
01 01 2026  21 13  -20.1548 25473.8 -04973.2 -11.0468 25954.8,1,1,2026,21,13,-201.548,25473.8,-04973.2,-110.468,25954.8
01 01 2026  21 14  -20.1548 25473.9 -04973.6 -11.0475 25954.9,1,1,2026,21,14,-201.548,25473.9,-04973.6,-110.475,25954.9
01 01 2026  21 15  -20.1547 25474.0 -04973.7 -11.0478 25955.1,1,1,2026,21,15,-201.547,25474.0,-04973.7,-110.478,25955.1
01 01 2026  21 16  -20.1547 25473.7 -04973.7 -11.0478 25954.7,1,1,2026,21,16,-201.547,25473.7,-04973.7,-110.478,25954.7
01 01 2026  21 17  -20.1546 25473.3 -04973.9 -11.0485 25954.3,1,1,2026,21,17,-201.546,25473.3,-04973.9,-110.485,25954.3
01 01 2026  21 18  -20.1545 25473.0 -04974.0 -11.0488 25954.0,1,1,2026,21,18,-201.545,25473.0,-04974.0,-110.488,25954.0
01 01 2026  21 19  -20.1544 25473.1 -04974.4 -11.0496 25954.2,1,1,2026,21,19,-201.544,25473.1,-04974.4,-110.496,25954.2
01 01 2026  21 20  -20.1543 25473.2 -04974.6 -11.0500 25954.4,1,1,2026,21,20,-201.543,25473.2,-04974.6,-110.500,25954.4
01 01 2026  21 21  -20.1541 25473.2 -04974.8 -11.0505 25954.5,1,1,2026,21,21,-201.541,25473.2,-04974.8,-110.505,25954.5
01 01 2026  21 22  -20.1539 25473.2 -04975.1 -11.0510 25954.5,1,1,2026,21,22,-201.539,25473.2,-04975.1,-110.510,25954.5
01 01 2026  21 23  -20.1538 25473.1 -04975.2 -11.0515 25954.4,1,1,2026,21,23,-201.538,25473.1,-04975.2,-110.515,25954.4
01 01 2026  21 24  -20.1536 25473.1 -04975.4 -11.0518 25954.5,1,1,2026,21,24,-201.536,25473.1,-04975.4,-110.518,25954.5
01 01 2026  21 25  -20.1536 25473.5 -04975.8 -11.0524 25954.9,1,1,2026,21,25,-201.536,25473.5,-04975.8,-110.524,25954.9
01 01 2026  21 26  -20.1537 25473.4 -04976.0 -11.0529 25954.9,1,1,2026,21,26,-201.537,25473.4,-04976.0,-110.529,25954.9
01 01 2026  21 27  -20.1540 25472.9 -04975.9 -11.0529 25954.3,1,1,2026,21,27,-201.540,25472.9,-04975.9,-110.529,25954.3
01 01 2026  21 28  -20.1542 25471.7 -04975.4 -11.0523 25953.1,1,1,2026,21,28,-201.542,25471.7,-04975.4,-110.523,25953.1
01 01 2026  21 29  -20.1541 25470.9 -04974.8 -11.0515 25952.2,1,1,2026,21,29,-201.541,25470.9,-04974.8,-110.515,25952.2
01 01 2026  21 30  -20.1537 25470.6 -04974.7 -11.0513 25951.8,1,1,2026,21,30,-201.537,25470.6,-04974.7,-110.513,25951.8
01 01 2026  21 31  -20.1534 25470.6 -04974.8 -11.0516 25951.9,1,1,2026,21,31,-201.534,25470.6,-04974.8,-110.516,25951.9
01 01 2026  21 32  -20.1533 25470.7 -04975.1 -11.0523 25952.0,1,1,2026,21,32,-201.533,25470.7,-04975.1,-110.523,25952.0
01 01 2026  21 33  -20.1535 25470.6 -04975.4 -11.0529 25952.0,1,1,2026,21,33,-201.535,25470.6,-04975.4,-110.529,25952.0
01 01 2026  21 34  -20.1537 25469.9 -04975.4 -11.0531 25951.3,1,1,2026,21,34,-201.537,25469.9,-04975.4,-110.531,25951.3
01 01 2026  21 35  -20.1539 25469.4 -04975.2 -11.0530 25950.8,1,1,2026,21,35,-201.539,25469.4,-04975.2,-110.530,25950.8
01 01 2026  21 36  -20.1539 25469.1 -04975.2 -11.0531 25950.4,1,1,2026,21,36,-201.539,25469.1,-04975.2,-110.531,25950.4
01 01 2026  21 37  -20.1538 25468.5 -04974.9 -11.0528 25949.8,1,1,2026,21,37,-201.538,25468.5,-04974.9,-110.528,25949.8
01 01 2026  21 38  -20.1534 25468.1 -04974.9 -11.0528 25949.4,1,1,2026,21,38,-201.534,25468.1,-04974.9,-110.528,25949.4
01 01 2026  21 39  -20.1532 25467.4 -04974.9 -11.0531 25948.8,1,1,2026,21,39,-201.532,25467.4,-04974.9,-110.531,25948.8
01 01 2026  21 40  -20.1531 25466.9 -04974.8 -11.0531 25948.3,1,1,2026,21,40,-201.531,25466.9,-04974.8,-110.531,25948.3
01 01 2026  21 41  -20.1532 25466.5 -04974.8 -11.0534 25947.9,1,1,2026,21,41,-201.532,25466.5,-04974.8,-110.534,25947.9
01 01 2026  21 42  -20.1534 25465.8 -04974.8 -11.0536 25947.2,1,1,2026,21,42,-201.534,25465.8,-04974.8,-110.536,25947.2
01 01 2026  21 43  -20.1534 25465.2 -04974.7 -11.0536 25946.6,1,1,2026,21,43,-201.534,25465.2,-04974.7,-110.536,25946.6
01 01 2026  21 44  -20.1535 25464.8 -04974.6 -11.0537 25946.1,1,1,2026,21,44,-201.535,25464.8,-04974.6,-110.537,25946.1
01 01 2026  21 45  -20.1537 25464.3 -04974.6 -11.0539 25945.7,1,1,2026,21,45,-201.537,25464.3,-04974.6,-110.539,25945.7
01 01 2026  21 46  -20.1538 25464.1 -04974.8 -11.0543 25945.5,1,1,2026,21,46,-201.538,25464.1,-04974.8,-110.543,25945.5
01 01 2026  21 47  -20.1539 25463.9 -04974.9 -11.0546 25945.3,1,1,2026,21,47,-201.539,25463.9,-04974.9,-110.546,25945.3
01 01 2026  21 48  -20.1538 25463.3 -04974.7 -11.0546 25944.7,1,1,2026,21,48,-201.538,25463.3,-04974.7,-110.546,25944.7
01 01 2026  21 49  -20.1538 25463.0 -04974.7 -11.0547 25944.4,1,1,2026,21,49,-201.538,25463.0,-04974.7,-110.547,25944.4
01 01 2026  21 50  -20.1536 25462.4 -04974.6 -11.0545 25943.8,1,1,2026,21,50,-201.536,25462.4,-04974.6,-110.545,25943.8
01 01 2026  21 51  -20.1533 25461.9 -04974.5 -11.0546 25943.3,1,1,2026,21,51,-201.533,25461.9,-04974.5,-110.546,25943.3
01 01 2026  21 52  -20.1529 25461.5 -04974.4 -11.0546 25942.9,1,1,2026,21,52,-201.529,25461.5,-04974.4,-110.546,25942.9
01 01 2026  21 53  -20.1526 25461.0 -04974.4 -11.0547 25942.4,1,1,2026,21,53,-201.526,25461.0,-04974.4,-110.547,25942.4
01 01 2026  21 54  -20.1523 25460.6 -04974.4 -11.0549 25942.0,1,1,2026,21,54,-201.523,25460.6,-04974.4,-110.549,25942.0
01 01 2026  21 55  -20.1522 25460.1 -04974.4 -11.0552 25941.5,1,1,2026,21,55,-201.522,25460.1,-04974.4,-110.552,25941.5
01 01 2026  21 56  -20.1520 25459.3 -04974.2 -11.0551 25940.7,1,1,2026,21,56,-201.520,25459.3,-04974.2,-110.551,25940.7
01 01 2026  21 57  -20.1518 25458.8 -04974.1 -11.0551 25940.1,1,1,2026,21,57,-201.518,25458.8,-04974.1,-110.551,25940.1
01 01 2026  21 58  -20.1517 25458.2 -04974.1 -11.0552 25939.6,1,1,2026,21,58,-201.517,25458.2,-04974.1,-110.552,25939.6
01 01 2026  21 59  -20.1516 25457.7 -04974.0 -11.0553 25939.1,1,1,2026,21,59,-201.516,25457.7,-04974.0,-110.553,25939.1
01 01 2026  22 00  -20.1515 25457.3 -04974.1 -11.0557 25938.7,1,1,2026,22,0,-201.515,25457.3,-04974.1,-110.557,25938.7
01 01 2026  22 01  -20.1511 25457.0 -04974.1 -11.0559 25938.4,1,1,2026,22,1,-201.511,25457.0,-04974.1,-110.559,25938.4
01 01 2026  22 02  -20.1505 25456.6 -04974.1 -11.0561 25938.0,1,1,2026,22,2,-201.505,25456.6,-04974.1,-110.561,25938.0
01 01 2026  22 03  -20.1498 25456.3 -04974.2 -11.0563 25937.7,1,1,2026,22,3,-201.498,25456.3,-04974.2,-110.563,25937.7
01 01 2026  22 04  -20.1492 25455.9 -04974.1 -11.0564 25937.3,1,1,2026,22,4,-201.492,25455.9,-04974.1,-110.564,25937.3
01 01 2026  22 05  -20.1487 25455.8 -04974.4 -11.0569 25937.2,1,1,2026,22,5,-201.487,25455.8,-04974.4,-110.569,25937.2
01 01 2026  22 06  -20.1482 25455.6 -04974.5 -11.0572 25937.0,1,1,2026,22,6,-201.482,25455.6,-04974.5,-110.572,25937.0
01 01 2026  22 07  -20.1477 25455.4 -04974.6 -11.0576 25936.9,1,1,2026,22,7,-201.477,25455.4,-04974.6,-110.576,25936.9
01 01 2026  22 08  -20.1473 25456.0 -04975.2 -11.0586 25937.6,1,1,2026,22,8,-201.473,25456.0,-04975.2,-110.586,25937.6
01 01 2026  22 09  -20.1473 25456.8 -04975.9 -11.0598 25938.5,1,1,2026,22,9,-201.473,25456.8,-04975.9,-110.598,25938.5
01 01 2026  22 10  -20.1475 25457.8 -04976.7 -11.0612 25939.7,1,1,2026,22,10,-201.475,25457.8,-04976.7,-110.612,25939.7
01 01 2026  22 11  -20.1476 25459.1 -04977.7 -11.0627 25941.2,1,1,2026,22,11,-201.476,25459.1,-04977.7,-110.627,25941.2
01 01 2026  22 12  -20.1477 25460.3 -04978.6 -11.0642 25942.5,1,1,2026,22,12,-201.477,25460.3,-04978.6,-110.642,25942.5
01 01 2026  22 13  -20.1478 25461.1 -04979.2 -11.0651 25943.4,1,1,2026,22,13,-201.478,25461.1,-04979.2,-110.651,25943.4
01 01 2026  22 14  -20.1476 25461.6 -04979.4 -11.0653 25943.9,1,1,2026,22,14,-201.476,25461.6,-04979.4,-110.653,25943.9
01 01 2026  22 15  -20.1473 25461.7 -04979.5 -11.0656 25944.1,1,1,2026,22,15,-201.473,25461.7,-04979.5,-110.656,25944.1
01 01 2026  22 16  -20.1468 25462.0 -04979.6 -11.0657 25944.3,1,1,2026,22,16,-201.468,25462.0,-04979.6,-110.657,25944.3
01 01 2026  22 17  -20.1463 25462.2 -04979.7 -11.0658 25944.5,1,1,2026,22,17,-201.463,25462.2,-04979.7,-110.658,25944.5
01 01 2026  22 18  -20.1458 25462.2 -04979.7 -11.0658 25944.6,1,1,2026,22,18,-201.458,25462.2,-04979.7,-110.658,25944.6
01 01 2026  22 19  -20.1454 25462.1 -04979.6 -11.0657 25944.4,1,1,2026,22,19,-201.454,25462.1,-04979.6,-110.657,25944.4
01 01 2026  22 20  -20.1449 25461.9 -04979.5 -11.0654 25944.2,1,1,2026,22,20,-201.449,25461.9,-04979.5,-110.654,25944.2
01 01 2026  22 21  -20.1444 25461.8 -04979.4 -11.0653 25944.1,1,1,2026,22,21,-201.444,25461.8,-04979.4,-110.653,25944.1
01 01 2026  22 22  -20.1441 25461.8 -04979.5 -11.0655 25944.1,1,1,2026,22,22,-201.441,25461.8,-04979.5,-110.655,25944.1
01 01 2026  22 23  -20.1438 25461.9 -04979.6 -11.0658 25944.2,1,1,2026,22,23,-201.438,25461.9,-04979.6,-110.658,25944.2
01 01 2026  22 24  -20.1438 25461.9 -04979.8 -11.0660 25944.3,1,1,2026,22,24,-201.438,25461.9,-04979.8,-110.660,25944.3
01 01 2026  22 25  -20.1437 25461.7 -04979.8 -11.0661 25944.1,1,1,2026,22,25,-201.437,25461.7,-04979.8,-110.661,25944.1
01 01 2026  22 26  -20.1434 25461.6 -04979.8 -11.0662 25944.0,1,1,2026,22,26,-201.434,25461.6,-04979.8,-110.662,25944.0
01 01 2026  22 27  -20.1433 25461.8 -04980.0 -11.0666 25944.2,1,1,2026,22,27,-201.433,25461.8,-04980.0,-110.666,25944.2
01 01 2026  22 28  -20.1432 25461.7 -04980.0 -11.0666 25944.1,1,1,2026,22,28,-201.432,25461.7,-04980.0,-110.666,25944.1
01 01 2026  22 29  -20.1432 25461.8 -04980.1 -11.0669 25944.3,1,1,2026,22,29,-201.432,25461.8,-04980.1,-110.669,25944.3
01 01 2026  22 30  -20.1430 25462.3 -04980.4 -11.0674 25944.8,1,1,2026,22,30,-201.430,25462.3,-04980.4,-110.674,25944.8
01 01 2026  22 31  -20.1428 25462.5 -04980.6 -11.0677 25945.1,1,1,2026,22,31,-201.428,25462.5,-04980.6,-110.677,25945.1
01 01 2026  22 32  -20.1427 25462.5 -04980.7 -11.0677 25945.0,1,1,2026,22,32,-201.427,25462.5,-04980.7,-110.677,25945.0
01 01 2026  22 33  -20.1424 25462.6 -04980.7 -11.0678 25945.2,1,1,2026,22,33,-201.424,25462.6,-04980.7,-110.678,25945.2
01 01 2026  22 34  -20.1423 25462.4 -04980.7 -11.0679 25944.9,1,1,2026,22,34,-201.423,25462.4,-04980.7,-110.679,25944.9
01 01 2026  22 35  -20.1421 25462.2 -04980.6 -11.0677 25944.7,1,1,2026,22,35,-201.421,25462.2,-04980.6,-110.677,25944.7
01 01 2026  22 36  -20.1417 25462.4 -04980.7 -11.0678 25945.0,1,1,2026,22,36,-201.417,25462.4,-04980.7,-110.678,25945.0
01 01 2026  22 37  -20.1414 25462.6 -04980.9 -11.0682 25945.2,1,1,2026,22,37,-201.414,25462.6,-04980.9,-110.682,25945.2
01 01 2026  22 38  -20.1413 25462.2 -04980.7 -11.0679 25944.8,1,1,2026,22,38,-201.413,25462.2,-04980.7,-110.679,25944.8
01 01 2026  22 39  -20.1412 25462.0 -04980.6 -11.0679 25944.6,1,1,2026,22,39,-201.412,25462.0,-04980.6,-110.679,25944.6
01 01 2026  22 40  -20.1410 25461.9 -04980.6 -11.0678 25944.4,1,1,2026,22,40,-201.410,25461.9,-04980.6,-110.678,25944.4
01 01 2026  22 41  -20.1408 25462.1 -04980.7 -11.0680 25944.6,1,1,2026,22,41,-201.408,25462.1,-04980.7,-110.680,25944.6
01 01 2026  22 42  -20.1408 25462.1 -04980.9 -11.0683 25944.7,1,1,2026,22,42,-201.408,25462.1,-04980.9,-110.683,25944.7
01 01 2026  22 43  -20.1405 25462.8 -04981.3 -11.0689 25945.5,1,1,2026,22,43,-201.405,25462.8,-04981.3,-110.689,25945.5
01 01 2026  22 44  -20.1400 25463.2 -04981.6 -11.0694 25946.0,1,1,2026,22,44,-201.400,25463.2,-04981.6,-110.694,25946.0
01 01 2026  22 45  -20.1395 25463.1 -04981.6 -11.0694 25945.8,1,1,2026,22,45,-201.395,25463.1,-04981.6,-110.694,25945.8
01 01 2026  22 46  -20.1391 25463.1 -04981.6 -11.0695 25945.9,1,1,2026,22,46,-201.391,25463.1,-04981.6,-110.695,25945.9
01 01 2026  22 47  -20.1386 25463.6 -04981.9 -11.0700 25946.4,1,1,2026,22,47,-201.386,25463.6,-04981.9,-110.700,25946.4
01 01 2026  22 48  -20.1384 25464.1 -04982.3 -11.0707 25947.0,1,1,2026,22,48,-201.384,25464.1,-04982.3,-110.707,25947.0
01 01 2026  22 49  -20.1383 25464.0 -04982.5 -11.0710 25946.9,1,1,2026,22,49,-201.383,25464.0,-04982.5,-110.710,25946.9
01 01 2026  22 50  -20.1382 25463.8 -04982.3 -11.0707 25946.6,1,1,2026,22,50,-201.382,25463.8,-04982.3,-110.707,25946.6
01 01 2026  22 51  -20.1379 25463.9 -04982.4 -11.0709 25946.7,1,1,2026,22,51,-201.379,25463.9,-04982.4,-110.709,25946.7
01 01 2026  22 52  -20.1376 25463.9 -04982.4 -11.0708 25946.8,1,1,2026,22,52,-201.376,25463.9,-04982.4,-110.708,25946.8
01 01 2026  22 53  -20.1372 25463.8 -04982.3 -11.0708 25946.6,1,1,2026,22,53,-201.372,25463.8,-04982.3,-110.708,25946.6
01 01 2026  22 54  -20.1368 25463.5 -04982.1 -11.0705 25946.3,1,1,2026,22,54,-201.368,25463.5,-04982.1,-110.705,25946.3
01 01 2026  22 55  -20.1366 25463.7 -04982.3 -11.0708 25946.5,1,1,2026,22,55,-201.366,25463.7,-04982.3,-110.708,25946.5
01 01 2026  22 56  -20.1365 25463.7 -04982.5 -11.0711 25946.6,1,1,2026,22,56,-201.365,25463.7,-04982.5,-110.711,25946.6
01 01 2026  22 57  -20.1367 25463.6 -04982.5 -11.0712 25946.5,1,1,2026,22,57,-201.367,25463.6,-04982.5,-110.712,25946.5
01 01 2026  22 58  -20.1367 25463.8 -04982.7 -11.0715 25946.7,1,1,2026,22,58,-201.367,25463.8,-04982.7,-110.715,25946.7
01 01 2026  22 59  -20.1369 25463.8 -04982.7 -11.0716 25946.7,1,1,2026,22,59,-201.369,25463.8,-04982.7,-110.716,25946.7
01 01 2026  23 00  -20.1372 25463.7 -04982.6 -11.0715 25946.6,1,1,2026,23,0,-201.372,25463.7,-04982.6,-110.715,25946.6
01 01 2026  23 01  -20.1372 25463.6 -04982.6 -11.0715 25946.6,1,1,2026,23,1,-201.372,25463.6,-04982.6,-110.715,25946.6
01 01 2026  23 02  -20.1370 25463.7 -04982.7 -11.0715 25946.6,1,1,2026,23,2,-201.370,25463.7,-04982.7,-110.715,25946.6
01 01 2026  23 03  -20.1368 25463.7 -04982.6 -11.0714 25946.6,1,1,2026,23,3,-201.368,25463.7,-04982.6,-110.714,25946.6
01 01 2026  23 04  -20.1366 25463.9 -04982.7 -11.0715 25946.8,1,1,2026,23,4,-201.366,25463.9,-04982.7,-110.715,25946.8
01 01 2026  23 05  -20.1362 25463.8 -04982.7 -11.0717 25946.7,1,1,2026,23,5,-201.362,25463.8,-04982.7,-110.717,25946.7
01 01 2026  23 06  -20.1357 25463.5 -04982.6 -11.0714 25946.4,1,1,2026,23,6,-201.357,25463.5,-04982.6,-110.714,25946.4
01 01 2026  23 07  -20.1352 25463.5 -04982.6 -11.0715 25946.4,1,1,2026,23,7,-201.352,25463.5,-04982.6,-110.715,25946.4
01 01 2026  23 08  -20.1349 25463.6 -04982.7 -11.0717 25946.5,1,1,2026,23,8,-201.349,25463.6,-04982.7,-110.717,25946.5
01 01 2026  23 09  -20.1348 25463.8 -04982.9 -11.0720 25946.7,1,1,2026,23,9,-201.348,25463.8,-04982.9,-110.720,25946.7
01 01 2026  23 10  -20.1344 25463.7 -04983.0 -11.0722 25946.7,1,1,2026,23,10,-201.344,25463.7,-04983.0,-110.722,25946.7
01 01 2026  23 11  -20.1342 25463.6 -04982.9 -11.0722 25946.5,1,1,2026,23,11,-201.342,25463.6,-04982.9,-110.722,25946.5
01 01 2026  23 12  -20.1339 25463.4 -04982.9 -11.0721 25946.4,1,1,2026,23,12,-201.339,25463.4,-04982.9,-110.721,25946.4
01 01 2026  23 13  -20.1336 25463.2 -04982.8 -11.0721 25946.2,1,1,2026,23,13,-201.336,25463.2,-04982.8,-110.721,25946.2
01 01 2026  23 14  -20.1333 25463.1 -04982.8 -11.0722 25946.0,1,1,2026,23,14,-201.333,25463.1,-04982.8,-110.722,25946.0
01 01 2026  23 15  -20.1332 25463.0 -04982.8 -11.0722 25946.0,1,1,2026,23,15,-201.332,25463.0,-04982.8,-110.722,25946.0
01 01 2026  23 16  -20.1332 25462.8 -04982.9 -11.0724 25945.8,1,1,2026,23,16,-201.332,25462.8,-04982.9,-110.724,25945.8
01 01 2026  23 17  -20.1328 25462.7 -04982.9 -11.0725 25945.7,1,1,2026,23,17,-201.328,25462.7,-04982.9,-110.725,25945.7
01 01 2026  23 18  -20.1327 25462.6 -04983.0 -11.0727 25945.6,1,1,2026,23,18,-201.327,25462.6,-04983.0,-110.727,25945.6
01 01 2026  23 19  -20.1325 25462.7 -04983.1 -11.0729 25945.7,1,1,2026,23,19,-201.325,25462.7,-04983.1,-110.729,25945.7
01 01 2026  23 20  -20.1325 25462.7 -04983.2 -11.0731 25945.7,1,1,2026,23,20,-201.325,25462.7,-04983.2,-110.731,25945.7
01 01 2026  23 21  -20.1323 25462.6 -04983.2 -11.0732 25945.6,1,1,2026,23,21,-201.323,25462.6,-04983.2,-110.732,25945.6
01 01 2026  23 22  -20.1321 25462.6 -04983.2 -11.0733 25945.6,1,1,2026,23,22,-201.321,25462.6,-04983.2,-110.733,25945.6
01 01 2026  23 23  -20.1321 25462.8 -04983.4 -11.0736 25945.9,1,1,2026,23,23,-201.321,25462.8,-04983.4,-110.736,25945.9
01 01 2026  23 24  -20.1321 25463.1 -04983.7 -11.0741 25946.2,1,1,2026,23,24,-201.321,25463.1,-04983.7,-110.741,25946.2
01 01 2026  23 25  -20.1321 25463.2 -04983.8 -11.0743 25946.4,1,1,2026,23,25,-201.321,25463.2,-04983.8,-110.743,25946.4
01 01 2026  23 26  -20.1320 25463.3 -04983.9 -11.0744 25946.5,1,1,2026,23,26,-201.320,25463.3,-04983.9,-110.744,25946.5
01 01 2026  23 27  -20.1319 25463.6 -04984.1 -11.0748 25946.8,1,1,2026,23,27,-201.319,25463.6,-04984.1,-110.748,25946.8
01 01 2026  23 28  -20.1317 25463.9 -04984.2 -11.0749 25947.1,1,1,2026,23,28,-201.317,25463.9,-04984.2,-110.749,25947.1
01 01 2026  23 29  -20.1313 25464.0 -04984.3 -11.0749 25947.2,1,1,2026,23,29,-201.313,25464.0,-04984.3,-110.749,25947.2
01 01 2026  23 30  -20.1309 25464.3 -04984.4 -11.0752 25947.5,1,1,2026,23,30,-201.309,25464.3,-04984.4,-110.752,25947.5
01 01 2026  23 31  -20.1305 25464.5 -04984.6 -11.0753 25947.8,1,1,2026,23,31,-201.305,25464.5,-04984.6,-110.753,25947.8
01 01 2026  23 32  -20.1304 25464.6 -04984.7 -11.0756 25947.9,1,1,2026,23,32,-201.304,25464.6,-04984.7,-110.756,25947.9
01 01 2026  23 33  -20.1302 25464.9 -04984.9 -11.0758 25948.2,1,1,2026,23,33,-201.302,25464.9,-04984.9,-110.758,25948.2
01 01 2026  23 34  -20.1298 25465.0 -04984.9 -11.0759 25948.3,1,1,2026,23,34,-201.298,25465.0,-04984.9,-110.759,25948.3
01 01 2026  23 35  -20.1294 25465.2 -04985.0 -11.0760 25948.5,1,1,2026,23,35,-201.294,25465.2,-04985.0,-110.760,25948.5
01 01 2026  23 36  -20.1292 25465.1 -04985.0 -11.0759 25948.5,1,1,2026,23,36,-201.292,25465.1,-04985.0,-110.759,25948.5
01 01 2026  23 37  -20.1291 25465.3 -04985.1 -11.0761 25948.6,1,1,2026,23,37,-201.291,25465.3,-04985.1,-110.761,25948.6
01 01 2026  23 38  -20.1288 25465.2 -04985.0 -11.0760 25948.6,1,1,2026,23,38,-201.288,25465.2,-04985.0,-110.760,25948.6
01 01 2026  23 39  -20.1283 25465.4 -04985.0 -11.0760 25948.7,1,1,2026,23,39,-201.283,25465.4,-04985.0,-110.760,25948.7
01 01 2026  23 40  -20.1278 25465.5 -04985.2 -11.0762 25948.9,1,1,2026,23,40,-201.278,25465.5,-04985.2,-110.762,25948.9
01 01 2026  23 41  -20.1276 25465.8 -04985.3 -11.0764 25949.2,1,1,2026,23,41,-201.276,25465.8,-04985.3,-110.764,25949.2
01 01 2026  23 42  -20.1271 25466.4 -04985.7 -11.0770 25949.9,1,1,2026,23,42,-201.271,25466.4,-04985.7,-110.770,25949.9
01 01 2026  23 43  -20.1267 25466.7 -04985.9 -11.0773 25950.2,1,1,2026,23,43,-201.267,25466.7,-04985.9,-110.773,25950.2
01 01 2026  23 44  -20.1264 25466.6 -04985.8 -11.0772 25950.1,1,1,2026,23,44,-201.264,25466.6,-04985.8,-110.772,25950.1
01 01 2026  23 45  -20.1261 25466.5 -04985.8 -11.0772 25950.0,1,1,2026,23,45,-201.261,25466.5,-04985.8,-110.772,25950.0
01 01 2026  23 46  -20.1256 25466.5 -04985.8 -11.0771 25950.0,1,1,2026,23,46,-201.256,25466.5,-04985.8,-110.771,25950.0
01 01 2026  23 47  -20.1250 25466.7 -04985.8 -11.0772 25950.1,1,1,2026,23,47,-201.250,25466.7,-04985.8,-110.772,25950.1
01 01 2026  23 48  -20.1246 25466.9 -04986.0 -11.0774 25950.4,1,1,2026,23,48,-201.246,25466.9,-04986.0,-110.774,25950.4
01 01 2026  23 49  -20.1244 25467.0 -04986.0 -11.0775 25950.5,1,1,2026,23,49,-201.244,25467.0,-04986.0,-110.775,25950.5
01 01 2026  23 50  -20.1245 25466.8 -04986.0 -11.0775 25950.3,1,1,2026,23,50,-201.245,25466.8,-04986.0,-110.775,25950.3
01 01 2026  23 51  -20.1244 25467.1 -04986.2 -11.0778 25950.7,1,1,2026,23,51,-201.244,25467.1,-04986.2,-110.778,25950.7
01 01 2026  23 52  -20.1242 25467.9 -04986.7 -11.0784 25951.6,1,1,2026,23,52,-201.242,25467.9,-04986.7,-110.784,25951.6
01 01 2026  23 53  -20.1242 25469.1 -04987.3 -11.0794 25952.8,1,1,2026,23,53,-201.242,25469.1,-04987.3,-110.794,25952.8
01 01 2026  23 54  -20.1240 25470.0 -04987.9 -11.0803 25953.8,1,1,2026,23,54,-201.240,25470.0,-04987.9,-110.803,25953.8
01 01 2026  23 55  -20.1235 25470.7 -04988.2 -11.0805 25954.6,1,1,2026,23,55,-201.235,25470.7,-04988.2,-110.805,25954.6
01 01 2026  23 56  -20.1229 25471.2 -04988.2 -11.0804 25955.0,1,1,2026,23,56,-201.229,25471.2,-04988.2,-110.804,25955.0
01 01 2026  23 57  -20.1221 25471.2 -04988.2 -11.0804 25955.1,1,1,2026,23,57,-201.221,25471.2,-04988.2,-110.804,25955.1
01 01 2026  23 58  -20.1215 25471.5 -04988.2 -11.0802 25955.3,1,1,2026,23,58,-201.215,25471.5,-04988.2,-110.802,25955.3
01 01 2026  23 59  -20.1211 25471.9 -04988.3 -11.0804 25955.7,1,1,2026,23,59,-201.211,25471.9,-04988.3,-110.804,25955.7